username,division
gn.addalachchenai344c,Addalachchenai 344/C
gn.addalachchenaicentral,Addalachchenai Central
gn.addalachchenaicentral681,Addalachchenai Central 681
gn.addalachchenaieast,Addalachchenai East
gn.addalachchenaieast44b,Addalachchenai East 44/B
gn.addalachchenaiihala309a,Addalachchenai Ihala 309/A
gn.addalachchenainorth503a,Addalachchenai North 503/A
gn.addalachchenainorth538a,Addalachchenai North 538/A
gn.addalachchenainorth557,Addalachchenai North 557
gn.addalachchenaipahala,Addalachchenai Pahala
gn.addalachchenaipahala132b,Addalachchenai Pahala 132/B
gn.addalachchenaipahala574,Addalachchenai Pahala 574
gn.addalachchenaisouth714c,Addalachchenai South 714/C
gn.addalachchenaisouth755a,Addalachchenai South 755/A
gn.addalachchenaiwest269c,Addalachchenai West 269/C
gn.addalachchenaiwest347a,Addalachchenai West 347/A
gn.agalawatta,Agalawatta
gn.agalawatta591,Agalawatta 591
gn.agalawattacentral984b,Agalawatta Central 984/B
gn.agalawattaeast,Agalawatta East
gn.agalawattaeast643,Agalawatta East 643
gn.agalawattaeast72a,Agalawatta East 72/A
gn.agalawattaihala,Agalawatta Ihala
gn.agalawattaihala32b,Agalawatta Ihala 32/B
gn.agalawattapahala138a,Agalawatta Pahala 138/A
gn.agalawattapahala204b,Agalawatta Pahala 204/B
gn.agalawattapahala927c,Agalawatta Pahala 927/C
gn.agalawattasouth191a,Agalawatta South 191/A
gn.agalawattasouth617a,Agalawatta South 617/A
gn.agalawattawest,Agalawatta West
gn.agalawattawest229c,Agalawatta West 229/C
gn.agalawattawest861c,Agalawatta West 861/C
gn.akkaraipattu17c,Akkaraipattu 17/C
gn.akkaraipattu868c,Akkaraipattu 868/C
gn.akkaraipattucentral,Akkaraipattu Central
gn.akkaraipattucentral16a,Akkaraipattu Central 16/A
gn.akkaraipattuihala580a,Akkaraipattu Ihala 580/A
gn.akkaraipattunorth,Akkaraipattu North
gn.akkaraipattunorth348a,Akkaraipattu North 348/A
gn.akkaraipattunorth410,Akkaraipattu North 410
gn.akkaraipattunorth457c,Akkaraipattu North 457/C
gn.akkaraipattunorth527,Akkaraipattu North 527
gn.akkaraipattunorth812b,Akkaraipattu North 812/B
gn.akkaraipattupahala,Akkaraipattu Pahala
gn.akkaraipattupahala249b,Akkaraipattu Pahala 249/B
gn.akkaraipattupahala347,Akkaraipattu Pahala 347
gn.akkaraipattusouth367c,Akkaraipattu South 367/C
gn.akkaraipattusouth827c,Akkaraipattu South 827/C
gn.akkaraipattusouth89,Akkaraipattu South 89
gn.akkaraipattuwest,Akkaraipattu West
gn.akmeemana,Akmeemana
gn.akmeemana654c,Akmeemana 654/C
gn.akmeemana675a,Akmeemana 675/A
gn.akmeemanacentral224,Akmeemana Central 224
gn.akmeemanacentral307b,Akmeemana Central 307/B
gn.akmeemanacentral404c,Akmeemana Central 404/C
gn.akmeemanaeast,Akmeemana East
gn.akmeemanaihala,Akmeemana Ihala
gn.akmeemanaihala164c,Akmeemana Ihala 164/C
gn.akmeemanaihala785c,Akmeemana Ihala 785/C
gn.akmeemananorth,Akmeemana North
gn.akmeemananorth909b,Akmeemana North 909/B
gn.akmeemanapahala,Akmeemana Pahala
gn.akmeemanapahala49c,Akmeemana Pahala 49/C
gn.akmeemanapahala815,Akmeemana Pahala 815
gn.akmeemanasouth,Akmeemana South
gn.akmeemanasouth297c,Akmeemana South 297/C
gn.akmeemanasouth62c,Akmeemana South 62/C
gn.akmeemanasouth89,Akmeemana South 89
gn.akmeemanawest,Akmeemana West
gn.akmeemanawest318a,Akmeemana West 318/A
gn.akurana,Akurana
gn.akurana743a,Akurana 743/A
gn.akurana840b,Akurana 840/B
gn.akuranacentral571a,Akurana Central 571/A
gn.akuranacentral577b,Akurana Central 577/B
gn.akuranacentral608a,Akurana Central 608/A
gn.akuranaeast520a,Akurana East 520/A
gn.akuranaeast620,Akurana East 620
gn.akuranaeast881c,Akurana East 881/C
gn.akuranaihala,Akurana Ihala
gn.akuranaihala142c,Akurana Ihala 142/C
gn.akuranaihala38b,Akurana Ihala 38/B
gn.akurananorth,Akurana North
gn.akuranapahala588b,Akurana Pahala 588/B
gn.akuranasouth,Akurana South
gn.akuranawest,Akurana West
gn.akuranawest148a,Akurana West 148/A
gn.akuranawest292b,Akurana West 292/B
gn.akuressa333,Akuressa 333
gn.akuressa391c,Akuressa 391/C
gn.akuressa710,Akuressa 710
gn.akuressaeast27,Akuressa East 27
gn.akuressaeast716a,Akuressa East 716/A
gn.akuressaihala,Akuressa Ihala
gn.akuressanorth100,Akuressa North 100
gn.akuressanorth134b,Akuressa North 134/B
gn.akuressanorth175c,Akuressa North 175/C
gn.akuressanorth440b,Akuressa North 440/B
gn.akuressanorth95b,Akuressa North 95/B
gn.akuressapahala,Akuressa Pahala
gn.akuressapahala538c,Akuressa Pahala 538/C
gn.akuressapahala61a,Akuressa Pahala 61/A
gn.akuressasouth,Akuressa South
gn.akuressasouth566a,Akuressa South 566/A
gn.akuressasouth795a,Akuressa South 795/A
gn.akuressasouth938c,Akuressa South 938/C
gn.akuressawest,Akuressa West
gn.akuressawest477,Akuressa West 477
gn.alawwacentral291a,Alawwa Central 291/A
gn.alawwacentral308c,Alawwa Central 308/C
gn.alawwacentral327a,Alawwa Central 327/A
gn.alawwaeast,Alawwa East
gn.alawwaeast196,Alawwa East 196
gn.alawwaihala,Alawwa Ihala
gn.alawwanorth,Alawwa North
gn.alawwanorth167a,Alawwa North 167/A
gn.alawwanorth601,Alawwa North 601
gn.alawwanorth621a,Alawwa North 621/A
gn.alawwapahala,Alawwa Pahala
gn.alawwasouth,Alawwa South
gn.alawwasouth597a,Alawwa South 597/A
gn.alawwasouth973c,Alawwa South 973/C
gn.alawwawest224c,Alawwa West 224/C
gn.aluthdeniya61a,Aluthdeniya 61/A
gn.aluthdeniyacentral662b,Aluthdeniya Central 662/B
gn.aluthdeniyaeast853c,Aluthdeniya East 853/C
gn.aluthdeniyaihala597a,Aluthdeniya Ihala 597/A
gn.aluthdeniyanorth,Aluthdeniya North
gn.aluthdeniyanorth300c,Aluthdeniya North 300/C
gn.aluthdeniyanorth893,Aluthdeniya North 893
gn.aluthdeniyapahala,Aluthdeniya Pahala
gn.aluthdeniyasouth,Aluthdeniya South
gn.aluthdeniyawest434b,Aluthdeniya West 434/B
gn.aluthdeniyawest676a,Aluthdeniya West 676/A
gn.aluthdeniyawest8b,Aluthdeniya West 8/B
gn.aluthgalacentral896,Aluthgala Central 896
gn.aluthgalaeast164c,Aluthgala East 164/C
gn.aluthgalaeast89a,Aluthgala East 89/A
gn.aluthgalaihala147b,Aluthgala Ihala 147/B
gn.aluthgalaihala345,Aluthgala Ihala 345
gn.aluthgalanorth205b,Aluthgala North 205/B
gn.aluthgalapahala577c,Aluthgala Pahala 577/C
gn.aluthgalapahala691a,Aluthgala Pahala 691/A
gn.aluthgama183a,Aluthgama 183/A
gn.aluthgama663a,Aluthgama 663/A
gn.aluthgamacentral924a,Aluthgama Central 924/A
gn.aluthgamaeast490a,Aluthgama East 490/A
gn.aluthgamaeast537a,Aluthgama East 537/A
gn.aluthgamaihala267,Aluthgama Ihala 267
gn.aluthgamaihala474b,Aluthgama Ihala 474/B
gn.aluthgamanorth,Aluthgama North
gn.aluthgamapahala131b,Aluthgama Pahala 131/B
gn.aluthgamapahala410a,Aluthgama Pahala 410/A
gn.aluthgamasouth657c,Aluthgama South 657/C
gn.aluthgamawest,Aluthgama West
gn.aluthgamuwa715,Aluthgamuwa 715
gn.aluthgamuwacentral985a,Aluthgamuwa Central 985/A
gn.aluthgamuwaeast,Aluthgamuwa East
gn.aluthgamuwaeast591c,Aluthgamuwa East 591/C
gn.aluthgamuwaihala462a,Aluthgamuwa Ihala 462/A
gn.aluthgamuwaihala560a,Aluthgamuwa Ihala 560/A
gn.aluthgamuwanorth,Aluthgamuwa North
gn.aluthgamuwanorth569b,Aluthgamuwa North 569/B
gn.aluthgamuwanorth875c,Aluthgamuwa North 875/C
gn.aluthgamuwapahala,Aluthgamuwa Pahala
gn.aluthgamuwapahala705,Aluthgamuwa Pahala 705
gn.aluthgamuwawest102b,Aluthgamuwa West 102/B
gn.aluthgamuwawest598c,Aluthgamuwa West 598/C
gn.aluthgedara,Aluthgedara
gn.aluthgedara738c,Aluthgedara 738/C
gn.aluthgedaracentral,Aluthgedara Central
gn.aluthgedaracentral509c,Aluthgedara Central 509/C
gn.aluthgedaraeast,Aluthgedara East
gn.aluthgedaraeast972c,Aluthgedara East 972/C
gn.aluthgedaraihala131c,Aluthgedara Ihala 131/C
gn.aluthgedaraihala147c,Aluthgedara Ihala 147/C
gn.aluthgedaraihala635b,Aluthgedara Ihala 635/B
gn.aluthgedaraihala888c,Aluthgedara Ihala 888/C
gn.aluthgedaranorth461,Aluthgedara North 461
gn.aluthgedarasouth809c,Aluthgedara South 809/C
gn.aluthgedarawest,Aluthgedara West
gn.aluthgoda,Aluthgoda
gn.aluthgoda713a,Aluthgoda 713/A
gn.aluthgodacentral57a,Aluthgoda Central 57/A
gn.aluthgodacentral733c,Aluthgoda Central 733/C
gn.aluthgodaeast747,Aluthgoda East 747
gn.aluthgodaeast960b,Aluthgoda East 960/B
gn.aluthgodaihala282,Aluthgoda Ihala 282
gn.aluthgodaihala474c,Aluthgoda Ihala 474/C
gn.aluthgodanorth610c,Aluthgoda North 610/C
gn.aluthgodanorth867b,Aluthgoda North 867/B
gn.aluthgodasouth,Aluthgoda South
gn.aluthgodawest171c,Aluthgoda West 171/C
gn.aluthgodawest59b,Aluthgoda West 59/B
gn.aluthgodawest708a,Aluthgoda West 708/A
gn.aluthhena,Aluthhena
gn.aluthhena624a,Aluthhena 624/A
gn.aluthhenaeast,Aluthhena East
gn.aluthhenaihala,Aluthhena Ihala
gn.aluthhenaihala391,Aluthhena Ihala 391
gn.aluthhenaihala440a,Aluthhena Ihala 440/A
gn.aluthhenanorth,Aluthhena North
gn.aluthhenanorth781,Aluthhena North 781
gn.aluthhenapahala216c,Aluthhena Pahala 216/C
gn.aluthhenasouth813a,Aluthhena South 813/A
gn.aluthhenawest,Aluthhena West
gn.aluthhenawest236a,Aluthhena West 236/A
gn.aluthkaduwa,Aluthkaduwa
gn.aluthkaduwa242c,Aluthkaduwa 242/C
gn.aluthkaduwacentral313c,Aluthkaduwa Central 313/C
gn.aluthkaduwacentral376a,Aluthkaduwa Central 376/A
gn.aluthkaduwacentral446a,Aluthkaduwa Central 446/A
gn.aluthkaduwacentral543a,Aluthkaduwa Central 543/A
gn.aluthkaduwaeast425,Aluthkaduwa East 425
gn.aluthkaduwaihala,Aluthkaduwa Ihala
gn.aluthkaduwasouth,Aluthkaduwa South
gn.aluthkaduwasouth924b,Aluthkaduwa South 924/B
gn.aluthkaduwawest414c,Aluthkaduwa West 414/C
gn.aluthkaduwawest435b,Aluthkaduwa West 435/B
gn.aluthkaduwawest574,Aluthkaduwa West 574
gn.aluthkanda,Aluthkanda
gn.aluthkandacentral,Aluthkanda Central
gn.aluthkandacentral577,Aluthkanda Central 577
gn.aluthkandacentral816c,Aluthkanda Central 816/C
gn.aluthkandaeast,Aluthkanda East
gn.aluthkandanorth629b,Aluthkanda North 629/B
gn.aluthkandanorth730a,Aluthkanda North 730/A
gn.aluthkandasouth,Aluthkanda South
gn.aluthkandasouth152b,Aluthkanda South 152/B
gn.aluthkandasouth163c,Aluthkanda South 163/C
gn.aluthkandawest138a,Aluthkanda West 138/A
gn.aluthkandawest650a,Aluthkanda West 650/A
gn.aluthkumbura466a,Aluthkumbura 466/A
gn.aluthkumbura55b,Aluthkumbura 55/B
gn.aluthkumbura838c,Aluthkumbura 838/C
gn.aluthkumburaeast,Aluthkumbura East
gn.aluthkumburaeast50c,Aluthkumbura East 50/C
gn.aluthkumburaeast795c,Aluthkumbura East 795/C
gn.aluthkumburaeast909c,Aluthkumbura East 909/C
gn.aluthkumburaihala163b,Aluthkumbura Ihala 163/B
gn.aluthkumburanorth462,Aluthkumbura North 462
gn.aluthkumburanorth900b,Aluthkumbura North 900/B
gn.aluthkumburasouth149,Aluthkumbura South 149
gn.aluthkumburasouth868c,Aluthkumbura South 868/C
gn.aluthkumburasouth997,Aluthkumbura South 997
gn.aluthkumburawest352,Aluthkumbura West 352
gn.aluthmulla,Aluthmulla
gn.aluthmulla785,Aluthmulla 785
gn.aluthmulla864c,Aluthmulla 864/C
gn.aluthmullacentral,Aluthmulla Central
gn.aluthmullacentral783c,Aluthmulla Central 783/C
gn.aluthmullaihala250a,Aluthmulla Ihala 250/A
gn.aluthmullanorth,Aluthmulla North
gn.aluthmullanorth317a,Aluthmulla North 317/A
gn.aluthmullanorth394c,Aluthmulla North 394/C
gn.aluthmullanorth653,Aluthmulla North 653
gn.aluthmullanorth878b,Aluthmulla North 878/B
gn.aluthmullapahala325c,Aluthmulla Pahala 325/C
gn.aluthmullasouth,Aluthmulla South
gn.aluthmullasouth909a,Aluthmulla South 909/A
gn.aluthmullawest845,Aluthmulla West 845
gn.aluthoya,Aluthoya
gn.aluthoya192,Aluthoya 192
gn.aluthoya526a,Aluthoya 526/A
gn.aluthoyacentral486,Aluthoya Central 486
gn.aluthoyacentral499c,Aluthoya Central 499/C
gn.aluthoyacentral774b,Aluthoya Central 774/B
gn.aluthoyaeast476b,Aluthoya East 476/B
gn.aluthoyaihala,Aluthoya Ihala
gn.aluthoyaihala268b,Aluthoya Ihala 268/B
gn.aluthoyaihala95,Aluthoya Ihala 95
gn.aluthoyapahala659a,Aluthoya Pahala 659/A
gn.aluthoyapahala795b,Aluthoya Pahala 795/B
gn.aluthoyapahala798a,Aluthoya Pahala 798/A
gn.aluthoyawest,Aluthoya West
gn.aluthoyawest954,Aluthoya West 954
gn.aluthpitiyacentral,Aluthpitiya Central
gn.aluthpitiyacentral771b,Aluthpitiya Central 771/B
gn.aluthpitiyacentral916b,Aluthpitiya Central 916/B
gn.aluthpitiyaeast369a,Aluthpitiya East 369/A
gn.aluthpitiyaihala,Aluthpitiya Ihala
gn.aluthpitiyaihala69c,Aluthpitiya Ihala 69/C
gn.aluthpitiyaihala798,Aluthpitiya Ihala 798
gn.aluthpitiyaihala829c,Aluthpitiya Ihala 829/C
gn.aluthpitiyanorth,Aluthpitiya North
gn.aluthpitiyanorth689,Aluthpitiya North 689
gn.aluthpitiyapahala911b,Aluthpitiya Pahala 911/B
gn.aluthpuracentral500,Aluthpura Central 500
gn.aluthpuraeast176a,Aluthpura East 176/A
gn.aluthpuraeast275a,Aluthpura East 275/A
gn.aluthpuraeast354a,Aluthpura East 354/A
gn.aluthpuraeast647,Aluthpura East 647
gn.aluthpuranorth,Aluthpura North
gn.aluthpuranorth284b,Aluthpura North 284/B
gn.aluthpurapahala,Aluthpura Pahala
gn.aluthpurapahala154b,Aluthpura Pahala 154/B
gn.aluthpurapahala263b,Aluthpura Pahala 263/B
gn.aluthpurasouth430a,Aluthpura South 430/A
gn.aluthpurasouth677b,Aluthpura South 677/B
gn.aluthpurawest,Aluthpura West
gn.aluthpurawest298b,Aluthpura West 298/B
gn.aluthtota,Aluthtota
gn.aluthtota291a,Aluthtota 291/A
gn.aluthtotacentral18,Aluthtota Central 18
gn.aluthtotacentral622c,Aluthtota Central 622/C
gn.aluthtotaeast71b,Aluthtota East 71/B
gn.aluthtotaihala,Aluthtota Ihala
gn.aluthtotaihala522,Aluthtota Ihala 522
gn.aluthtotaihala585b,Aluthtota Ihala 585/B
gn.aluthtotanorth824b,Aluthtota North 824/B
gn.aluthtotapahala,Aluthtota Pahala
gn.aluthtotasouth,Aluthtota South
gn.aluthtotasouth486,Aluthtota South 486
gn.aluthtotasouth834,Aluthtota South 834
gn.aluthtotasouth844,Aluthtota South 844
gn.aluthtotawest,Aluthtota West
gn.aluthwatta224a,Aluthwatta 224/A
gn.aluthwatta471c,Aluthwatta 471/C
gn.aluthwatta609a,Aluthwatta 609/A
gn.aluthwattaeast369a,Aluthwatta East 369/A
gn.aluthwattaihala632a,Aluthwatta Ihala 632/A
gn.aluthwattaihala85,Aluthwatta Ihala 85
gn.aluthwattanorth14c,Aluthwatta North 14/C
gn.aluthwattanorth862b,Aluthwatta North 862/B
gn.aluthwattapahala412c,Aluthwatta Pahala 412/C
gn.aluthwattapahala673b,Aluthwatta Pahala 673/B
gn.aluthwattasouth178a,Aluthwatta South 178/A
gn.aluthwattasouth681c,Aluthwatta South 681/C
gn.aluthwattasouth74c,Aluthwatta South 74/C
gn.aluthwattasouth924c,Aluthwatta South 924/C
gn.aluthwattawest59a,Aluthwatta West 59/A
gn.aluthwattawest939a,Aluthwatta West 939/A
gn.aluthwela670,Aluthwela 670
gn.aluthwelaeast570,Aluthwela East 570
gn.aluthwelaihala700c,Aluthwela Ihala 700/C
gn.aluthwelanorth,Aluthwela North
gn.aluthwelanorth884,Aluthwela North 884
gn.aluthwelawest,Aluthwela West
gn.aluthwelawest38b,Aluthwela West 38/B
gn.ambagamuwacentral345,Ambagamuwa Central 345
gn.ambagamuwacentral446,Ambagamuwa Central 446
gn.ambagamuwaeast,Ambagamuwa East
gn.ambagamuwaeast376c,Ambagamuwa East 376/C
gn.ambagamuwaeast390c,Ambagamuwa East 390/C
gn.ambagamuwaeast498,Ambagamuwa East 498
gn.ambagamuwanorth18c,Ambagamuwa North 18/C
gn.ambagamuwanorth725b,Ambagamuwa North 725/B
gn.ambagamuwanorth74a,Ambagamuwa North 74/A
gn.ambagamuwapahala,Ambagamuwa Pahala
gn.ambagamuwapahala166a,Ambagamuwa Pahala 166/A
gn.ambagamuwapahala533c,Ambagamuwa Pahala 533/C
gn.ambagamuwapahala546a,Ambagamuwa Pahala 546/A
gn.ambagamuwapahala562a,Ambagamuwa Pahala 562/A
gn.ambagamuwapahala93,Ambagamuwa Pahala 93
gn.ambagamuwasouth,Ambagamuwa South
gn.ambagamuwasouth105a,Ambagamuwa South 105/A
gn.ambagamuwasouth138,Ambagamuwa South 138
gn.ambagamuwasouth347,Ambagamuwa South 347
gn.ambagamuwasouth790b,Ambagamuwa South 790/B
gn.ambagamuwawest,Ambagamuwa West
gn.ambagamuwawest144c,Ambagamuwa West 144/C
gn.ambagamuwawest910b,Ambagamuwa West 910/B
gn.ambalangoda573,Ambalangoda 573
gn.ambalangodacentral,Ambalangoda Central
gn.ambalangodacentral43b,Ambalangoda Central 43/B
gn.ambalangodacentral437b,Ambalangoda Central 437/B
gn.ambalangodacentral439a,Ambalangoda Central 439/A
gn.ambalangodacentral624c,Ambalangoda Central 624/C
gn.ambalangodaeast,Ambalangoda East
gn.ambalangodaeast297a,Ambalangoda East 297/A
gn.ambalangodaeast813a,Ambalangoda East 813/A
gn.ambalangodaeast93a,Ambalangoda East 93/A
gn.ambalangodaihala282c,Ambalangoda Ihala 282/C
gn.ambalangodanorth306a,Ambalangoda North 306/A
gn.ambalangodapahala,Ambalangoda Pahala
gn.ambalangodapahala241,Ambalangoda Pahala 241
gn.ambalangodapahala579c,Ambalangoda Pahala 579/C
gn.ambalangodapahala605,Ambalangoda Pahala 605
gn.ambalangodapahala893a,Ambalangoda Pahala 893/A
gn.ambalangodasouth145c,Ambalangoda South 145/C
gn.ambalangodasouth296,Ambalangoda South 296
gn.ambalangodawest727a,Ambalangoda West 727/A
gn.ambalantota,Ambalantota
gn.ambalantota72a,Ambalantota 72/A
gn.ambalantota871c,Ambalantota 871/C
gn.ambalantotacentral,Ambalantota Central
gn.ambalantotacentral691a,Ambalantota Central 691/A
gn.ambalantotaeast,Ambalantota East
gn.ambalantotaeast122,Ambalantota East 122
gn.ambalantotaeast226c,Ambalantota East 226/C
gn.ambalantotaeast285,Ambalantota East 285
gn.ambalantotaeast796c,Ambalantota East 796/C
gn.ambalantotaihala,Ambalantota Ihala
gn.ambalantotaihala116b,Ambalantota Ihala 116/B
gn.ambalantotaihala334,Ambalantota Ihala 334
gn.ambalantotaihala493c,Ambalantota Ihala 493/C
gn.ambalantotaihala700,Ambalantota Ihala 700
gn.ambalantotapahala262a,Ambalantota Pahala 262/A
gn.ambalantotapahala51a,Ambalantota Pahala 51/A
gn.ambalantotapahala781,Ambalantota Pahala 781
gn.ambalantotasouth36c,Ambalantota South 36/C
gn.ambalantotasouth39a,Ambalantota South 39/A
gn.ambalantotasouth414b,Ambalantota South 414/B
gn.ambalantotasouth568c,Ambalantota South 568/C
gn.ambalantotawest243c,Ambalantota West 243/C
gn.ambalantotawest423b,Ambalantota West 423/B
gn.ambalantotawest534,Ambalantota West 534
gn.ambanganga745b,Ambanganga 745/B
gn.ambangangacentral,Ambanganga Central
gn.ambangangacentral902,Ambanganga Central 902
gn.ambangangaeast,Ambanganga East
gn.ambangangaeast446a,Ambanganga East 446/A
gn.ambangangaihala493a,Ambanganga Ihala 493/A
gn.ambangangaihala573a,Ambanganga Ihala 573/A
gn.ambangangaihala727,Ambanganga Ihala 727
gn.ambanganganorth495c,Ambanganga North 495/C
gn.ambanganganorth570,Ambanganga North 570
gn.ambanganganorth625b,Ambanganga North 625/B
gn.ambangangapahala,Ambanganga Pahala
gn.ambangangapahala100a,Ambanganga Pahala 100/A
gn.ambangangasouth,Ambanganga South
gn.ambangangasouth625b,Ambanganga South 625/B
gn.ambangangawest,Ambanganga West
gn.ambangangawest587b,Ambanganga West 587/B
gn.ambangangawest942a,Ambanganga West 942/A
gn.ampara4b,Ampara 4/B
gn.ampara628c,Ampara 628/C
gn.ampara878b,Ampara 878/B
gn.amparacentral,Ampara Central
gn.amparaeast,Ampara East
gn.amparaeast293a,Ampara East 293/A
gn.amparaihala,Ampara Ihala
gn.amparaihala199c,Ampara Ihala 199/C
gn.amparaihala809b,Ampara Ihala 809/B
gn.amparaihala821a,Ampara Ihala 821/A
gn.amparanorth460c,Ampara North 460/C
gn.amparanorth626b,Ampara North 626/B
gn.amparanorth806b,Ampara North 806/B
gn.amparapahala404b,Ampara Pahala 404/B
gn.amparapahala431c,Ampara Pahala 431/C
gn.amparasouth,Ampara South
gn.amparawest603,Ampara West 603
gn.amparawest796,Ampara West 796
gn.anamaduwa,Anamaduwa
gn.anamaduwa388,Anamaduwa 388
gn.anamaduwacentral596,Anamaduwa Central 596
gn.anamaduwacentral771,Anamaduwa Central 771
gn.anamaduwaeast14b,Anamaduwa East 14/B
gn.anamaduwaeast281a,Anamaduwa East 281/A
gn.anamaduwaeast5b,Anamaduwa East 5/B
gn.anamaduwaihala,Anamaduwa Ihala
gn.anamaduwanorth,Anamaduwa North
gn.anamaduwanorth543a,Anamaduwa North 543/A
gn.anamaduwanorth653c,Anamaduwa North 653/C
gn.anamaduwanorth783b,Anamaduwa North 783/B
gn.anamaduwanorth843b,Anamaduwa North 843/B
gn.anamaduwapahala,Anamaduwa Pahala
gn.anamaduwasouth386c,Anamaduwa South 386/C
gn.angunakolapelessa,Angunakolapelessa
gn.angunakolapelessa570c,Angunakolapelessa 570/C
gn.angunakolapelessa631c,Angunakolapelessa 631/C
gn.angunakolapelessacentral,Angunakolapelessa Central
gn.angunakolapelessacentral209c,Angunakolapelessa Central 209/C
gn.angunakolapelessacentral554a,Angunakolapelessa Central 554/A
gn.angunakolapelessacentral817a,Angunakolapelessa Central 817/A
gn.angunakolapelessacentral968c,Angunakolapelessa Central 968/C
gn.angunakolapelessaeast,Angunakolapelessa East
gn.angunakolapelessaeast195a,Angunakolapelessa East 195/A
gn.angunakolapelessanorth352b,Angunakolapelessa North 352/B
gn.angunakolapelessapahala,Angunakolapelessa Pahala
gn.angunakolapelessapahala120a,Angunakolapelessa Pahala 120/A
gn.angunakolapelessapahala24,Angunakolapelessa Pahala 24
gn.angunakolapelessapahala376,Angunakolapelessa Pahala 376
gn.angunakolapelessasouth318c,Angunakolapelessa South 318/C
gn.angunakolapelessasouth554c,Angunakolapelessa South 554/C
gn.angunakolapelessawest933c,Angunakolapelessa West 933/C
gn.anuradhapura277a,Anuradhapura 277/A
gn.anuradhapura55b,Anuradhapura 55/B
gn.anuradhapuracentral,Anuradhapura Central
gn.anuradhapuracentral66c,Anuradhapura Central 66/C
gn.anuradhapuracentral998c,Anuradhapura Central 998/C
gn.anuradhapuraeast,Anuradhapura East
gn.anuradhapuraeast127c,Anuradhapura East 127/C
gn.anuradhapuraeast303,Anuradhapura East 303
gn.anuradhapuraeast348,Anuradhapura East 348
gn.anuradhapuraeast957c,Anuradhapura East 957/C
gn.anuradhapuraihala159c,Anuradhapura Ihala 159/C
gn.anuradhapuraihala469,Anuradhapura Ihala 469
gn.anuradhapuraihala634a,Anuradhapura Ihala 634/A
gn.anuradhapurapahala861b,Anuradhapura Pahala 861/B
gn.anuradhapurapahala892a,Anuradhapura Pahala 892/A
gn.anuradhapurasouth,Anuradhapura South
gn.anuradhapurasouth599c,Anuradhapura South 599/C
gn.anuradhapurasouth636a,Anuradhapura South 636/A
gn.anuradhapurawest,Anuradhapura West
gn.anuradhapurawest198b,Anuradhapura West 198/B
gn.anuradhapurawest600a,Anuradhapura West 600/A
gn.anuradhapurawest711b,Anuradhapura West 711/B
gn.arachchikattuwa108,Arachchikattuwa 108
gn.arachchikattuwa770a,Arachchikattuwa 770/A
gn.arachchikattuwacentral,Arachchikattuwa Central
gn.arachchikattuwacentral81c,Arachchikattuwa Central 81/C
gn.arachchikattuwaeast,Arachchikattuwa East
gn.arachchikattuwaeast383a,Arachchikattuwa East 383/A
gn.arachchikattuwaihala,Arachchikattuwa Ihala
gn.arachchikattuwaihala150a,Arachchikattuwa Ihala 150/A
gn.arachchikattuwaihala753b,Arachchikattuwa Ihala 753/B
gn.arachchikattuwaihala923a,Arachchikattuwa Ihala 923/A
gn.arachchikattuwanorth,Arachchikattuwa North
gn.arachchikattuwanorth115a,Arachchikattuwa North 115/A
gn.arachchikattuwapahala596,Arachchikattuwa Pahala 596
gn.aranayaka238b,Aranayaka 238/B
gn.aranayaka363a,Aranayaka 363/A
gn.aranayaka73c,Aranayaka 73/C
gn.aranayakacentral,Aranayaka Central
gn.aranayakacentral292,Aranayaka Central 292
gn.aranayakacentral898b,Aranayaka Central 898/B
gn.aranayakaeast,Aranayaka East
gn.aranayakaihala,Aranayaka Ihala
gn.aranayakanorth636,Aranayaka North 636
gn.aranayakanorth669b,Aranayaka North 669/B
gn.aranayakanorth995a,Aranayaka North 995/A
gn.aranayakapahala185a,Aranayaka Pahala 185/A
gn.aranayakapahala187b,Aranayaka Pahala 187/B
gn.aranayakapahala582,Aranayaka Pahala 582
gn.aranayakasouth,Aranayaka South
gn.aranayakasouth149,Aranayaka South 149
gn.aranayakasouth355,Aranayaka South 355
gn.aranayakasouth409c,Aranayaka South 409/C
gn.aranayakasouth676,Aranayaka South 676
gn.aranayakawest,Aranayaka West
gn.aranayakawest522a,Aranayaka West 522/A
gn.attanagalla,Attanagalla
gn.attanagalla834,Attanagalla 834
gn.attanagalla987c,Attanagalla 987/C
gn.attanagallaeast,Attanagalla East
gn.attanagallaeast390b,Attanagalla East 390/B
gn.attanagallaihala,Attanagalla Ihala
gn.attanagallaihala505a,Attanagalla Ihala 505/A
gn.attanagallaihala576a,Attanagalla Ihala 576/A
gn.attanagallaihala653,Attanagalla Ihala 653
gn.attanagallaihala704b,Attanagalla Ihala 704/B
gn.attanagallanorth914a,Attanagalla North 914/A
gn.attanagallasouth608a,Attanagalla South 608/A
gn.attanagallasouth616c,Attanagalla South 616/C
gn.attanagallasouth639a,Attanagalla South 639/A
gn.ayagama,Ayagama
gn.ayagama592c,Ayagama 592/C
gn.ayagama73,Ayagama 73
gn.ayagamacentral297b,Ayagama Central 297/B
gn.ayagamacentral376a,Ayagama Central 376/A
gn.ayagamacentral739,Ayagama Central 739
gn.ayagamaeast,Ayagama East
gn.ayagamaeast18,Ayagama East 18
gn.ayagamaeast463a,Ayagama East 463/A
gn.ayagamaeast500c,Ayagama East 500/C
gn.ayagamaihala,Ayagama Ihala
gn.ayagamaihala475a,Ayagama Ihala 475/A
gn.ayagamanorth400c,Ayagama North 400/C
gn.ayagamapahala,Ayagama Pahala
gn.ayagamapahala144a,Ayagama Pahala 144/A
gn.ayagamasouth,Ayagama South
gn.ayagamawest723b,Ayagama West 723/B
gn.ayagamawest99,Ayagama West 99
gn.badalkumbura,Badalkumbura
gn.badalkumbura235,Badalkumbura 235
gn.badalkumbura367b,Badalkumbura 367/B
gn.badalkumbura56c,Badalkumbura 56/C
gn.badalkumburacentral,Badalkumbura Central
gn.badalkumburacentral334a,Badalkumbura Central 334/A
gn.badalkumburacentral880c,Badalkumbura Central 880/C
gn.badalkumburacentral987a,Badalkumbura Central 987/A
gn.badalkumburaeast48c,Badalkumbura East 48/C
gn.badalkumburaeast899,Badalkumbura East 899
gn.badalkumburaihala,Badalkumbura Ihala
gn.badalkumburaihala418c,Badalkumbura Ihala 418/C
gn.badalkumburaihala585b,Badalkumbura Ihala 585/B
gn.badalkumburanorth,Badalkumbura North
gn.badalkumburanorth159c,Badalkumbura North 159/C
gn.badalkumburanorth233,Badalkumbura North 233
gn.badalkumburanorth544,Badalkumbura North 544
gn.badalkumburanorth720c,Badalkumbura North 720/C
gn.badalkumburanorth726,Badalkumbura North 726
gn.badalkumburanorth837c,Badalkumbura North 837/C
gn.badalkumburapahala,Badalkumbura Pahala
gn.badalkumburapahala958,Badalkumbura Pahala 958
gn.badalkumburasouth578c,Badalkumbura South 578/C
gn.badalkumburawest,Badalkumbura West
gn.baddegama,Baddegama
gn.baddegama47a,Baddegama 47/A
gn.baddegama971,Baddegama 971
gn.baddegamacentral301,Baddegama Central 301
gn.baddegamacentral762,Baddegama Central 762
gn.baddegamaeast171c,Baddegama East 171/C
gn.baddegamaeast744c,Baddegama East 744/C
gn.baddegamaihala,Baddegama Ihala
gn.baddegamaihala233c,Baddegama Ihala 233/C
gn.baddegamaihala302b,Baddegama Ihala 302/B
gn.baddegamaihala50,Baddegama Ihala 50
gn.baddegamaihala508c,Baddegama Ihala 508/C
gn.baddegamapahala,Baddegama Pahala
gn.baddegamasouth,Baddegama South
gn.baddegamawest,Baddegama West
gn.baddegamawest150,Baddegama West 150
gn.baddegamawest190,Baddegama West 190
gn.baddegamawest239c,Baddegama West 239/C
gn.baddegamawest621,Baddegama West 621
gn.baddegamawest950a,Baddegama West 950/A
gn.badulla,Badulla
gn.badulla796b,Badulla 796/B
gn.badullacentral54c,Badulla Central 54/C
gn.badullacentral720a,Badulla Central 720/A
gn.badullaihala,Badulla Ihala
gn.badullanorth271b,Badulla North 271/B
gn.badullanorth840a,Badulla North 840/A
gn.badullasouth,Badulla South
gn.badullawest,Badulla West
gn.badullawest46b,Badulla West 46/B
gn.balangoda,Balangoda
gn.balangodacentral603,Balangoda Central 603
gn.balangodacentral863a,Balangoda Central 863/A
gn.balangodacentral984a,Balangoda Central 984/A
gn.balangodaeast,Balangoda East
gn.balangodaeast833a,Balangoda East 833/A
gn.balangodaihala399,Balangoda Ihala 399
gn.balangodanorth,Balangoda North
gn.balangodanorth84c,Balangoda North 84/C
gn.balangodanorth932,Balangoda North 932
gn.balangodapahala,Balangoda Pahala
gn.balangodapahala200c,Balangoda Pahala 200/C
gn.balangodapahala452c,Balangoda Pahala 452/C
gn.balangodapahala629a,Balangoda Pahala 629/A
gn.balangodasouth,Balangoda South
gn.balangodasouth689,Balangoda South 689
gn.balangodawest,Balangoda West
gn.balangodawest124c,Balangoda West 124/C
gn.bandaragama,Bandaragama
gn.bandaragama1,Bandaragama 1
gn.bandaragama664b,Bandaragama 664/B
gn.bandaragamacentral,Bandaragama Central
gn.bandaragamacentral750c,Bandaragama Central 750/C
gn.bandaragamacentral850,Bandaragama Central 850
gn.bandaragamaihala466b,Bandaragama Ihala 466/B
gn.bandaragamaihala672,Bandaragama Ihala 672
gn.bandaragamanorth,Bandaragama North
gn.bandaragamanorth304,Bandaragama North 304
gn.bandaragamanorth873b,Bandaragama North 873/B
gn.bandaragamasouth,Bandaragama South
gn.bandaragamasouth388,Bandaragama South 388
gn.bandaragamasouth780c,Bandaragama South 780/C
gn.bandaragamawest419,Bandaragama West 419
gn.bandaragamawest470,Bandaragama West 470
gn.bandaragamawest926a,Bandaragama West 926/A
gn.bandarawela705,Bandarawela 705
gn.bandarawelacentral,Bandarawela Central
gn.bandarawelacentral149a,Bandarawela Central 149/A
gn.bandarawelacentral330c,Bandarawela Central 330/C
gn.bandarawelacentral665,Bandarawela Central 665
gn.bandarawelaeast631c,Bandarawela East 631/C
gn.bandarawelaeast643b,Bandarawela East 643/B
gn.bandarawelaeast778,Bandarawela East 778
gn.bandarawelaeast939,Bandarawela East 939
gn.bandarawelaihala103a,Bandarawela Ihala 103/A
gn.bandarawelaihala834,Bandarawela Ihala 834
gn.bandarawelaihala990b,Bandarawela Ihala 990/B
gn.bandarawelanorth693c,Bandarawela North 693/C
gn.bandarawelapahala,Bandarawela Pahala
gn.bandarawelasouth298b,Bandarawela South 298/B
gn.bandarawelawest,Bandarawela West
gn.bandarawelawest327c,Bandarawela West 327/C
gn.bandarawelawest760c,Bandarawela West 760/C
gn.batadeniya,Batadeniya
gn.batadeniyaeast,Batadeniya East
gn.batadeniyaeast209c,Batadeniya East 209/C
gn.batadeniyaeast260b,Batadeniya East 260/B
gn.batadeniyaeast418,Batadeniya East 418
gn.batadeniyaeast683c,Batadeniya East 683/C
gn.batadeniyanorth,Batadeniya North
gn.batadeniyasouth522c,Batadeniya South 522/C
gn.batadeniyawest34,Batadeniya West 34
gn.batadeniyawest816,Batadeniya West 816
gn.batadeniyawest90c,Batadeniya West 90/C
gn.batagala,Batagala
gn.batagala102c,Batagala 102/C
gn.batagalacentral,Batagala Central
gn.batagalacentral339b,Batagala Central 339/B
gn.batagalacentral97c,Batagala Central 97/C
gn.batagalaeast,Batagala East
gn.batagalaihala49a,Batagala Ihala 49/A
gn.batagalaihala903a,Batagala Ihala 903/A
gn.batagalanorth,Batagala North
gn.batagalanorth508c,Batagala North 508/C
gn.batagalapahala620a,Batagala Pahala 620/A
gn.batagalapahala800c,Batagala Pahala 800/C
gn.batagalasouth,Batagala South
gn.batagalasouth743b,Batagala South 743/B
gn.batagalawest855,Batagala West 855
gn.batagama,Batagama
gn.batagama317c,Batagama 317/C
gn.batagama92b,Batagama 92/B
gn.batagamaeast,Batagama East
gn.batagamaeast483c,Batagama East 483/C
gn.batagamaihala,Batagama Ihala
gn.batagamaihala21c,Batagama Ihala 21/C
gn.batagamaihala349c,Batagama Ihala 349/C
gn.batagamapahala,Batagama Pahala
gn.batagamapahala801,Batagama Pahala 801
gn.batagamawest,Batagama West
gn.batagamawest128,Batagama West 128
gn.batagamawest835,Batagama West 835
gn.batagamuwa,Batagamuwa
gn.batagamuwa133b,Batagamuwa 133/B
gn.batagamuwa601,Batagamuwa 601
gn.batagamuwacentral397a,Batagamuwa Central 397/A
gn.batagamuwaeast3a,Batagamuwa East 3/A
gn.batagamuwaeast633,Batagamuwa East 633
gn.batagamuwaeast851,Batagamuwa East 851
gn.batagamuwaihala210,Batagamuwa Ihala 210
gn.batagamuwaihala355a,Batagamuwa Ihala 355/A
gn.batagamuwanorth,Batagamuwa North
gn.batagamuwanorth153a,Batagamuwa North 153/A
gn.batagamuwanorth688,Batagamuwa North 688
gn.batagamuwasouth,Batagamuwa South
gn.batagamuwasouth161c,Batagamuwa South 161/C
gn.batagamuwawest920b,Batagamuwa West 920/B
gn.batagedara,Batagedara
gn.batagedaracentral909,Batagedara Central 909
gn.batagedaraeast,Batagedara East
gn.batagedaraihala186b,Batagedara Ihala 186/B
gn.batagedaraihala32a,Batagedara Ihala 32/A
gn.batagedaraihala364a,Batagedara Ihala 364/A
gn.batagedaranorth,Batagedara North
gn.batagedaranorth252c,Batagedara North 252/C
gn.batagedarapahala,Batagedara Pahala
gn.batagedarapahala517c,Batagedara Pahala 517/C
gn.batagedarapahala875a,Batagedara Pahala 875/A
gn.batagedarasouth763c,Batagedara South 763/C
gn.batagedarawest,Batagedara West
gn.batagodacentral16c,Batagoda Central 16/C
gn.batagodacentral50b,Batagoda Central 50/B
gn.batagodaeast58a,Batagoda East 58/A
gn.batagodanorth888b,Batagoda North 888/B
gn.batagodapahala,Batagoda Pahala
gn.batagodapahala345,Batagoda Pahala 345
gn.batagodapahala447b,Batagoda Pahala 447/B
gn.batagodapahala581a,Batagoda Pahala 581/A
gn.batagodasouth484a,Batagoda South 484/A
gn.batagodasouth755c,Batagoda South 755/C
gn.batagodawest,Batagoda West
gn.batahena,Batahena
gn.batahena121c,Batahena 121/C
gn.batahena615b,Batahena 615/B
gn.batahena681b,Batahena 681/B
gn.batahenacentral,Batahena Central
gn.batahenacentral131,Batahena Central 131
gn.batahenacentral370b,Batahena Central 370/B
gn.batahenaeast34,Batahena East 34
gn.batahenanorth,Batahena North
gn.batahenasouth,Batahena South
gn.batahenawest268b,Batahena West 268/B
gn.batahenawest919,Batahena West 919
gn.batakaduwa,Batakaduwa
gn.batakaduwa380a,Batakaduwa 380/A
gn.batakaduwa54b,Batakaduwa 54/B
gn.batakaduwa650c,Batakaduwa 650/C
gn.batakaduwa903c,Batakaduwa 903/C
gn.batakaduwacentral,Batakaduwa Central
gn.batakaduwacentral811c,Batakaduwa Central 811/C
gn.batakaduwaeast,Batakaduwa East
gn.batakaduwaeast146b,Batakaduwa East 146/B
gn.batakaduwaihala287a,Batakaduwa Ihala 287/A
gn.batakaduwaihala408a,Batakaduwa Ihala 408/A
gn.batakaduwanorth54b,Batakaduwa North 54/B
gn.batakaduwapahala589a,Batakaduwa Pahala 589/A
gn.batakaduwasouth754,Batakaduwa South 754
gn.batakaduwasouth809b,Batakaduwa South 809/B
gn.batakaduwawest53b,Batakaduwa West 53/B
gn.batakanda275c,Batakanda 275/C
gn.batakanda72,Batakanda 72
gn.batakanda914c,Batakanda 914/C
gn.batakandacentral,Batakanda Central
gn.batakandacentral663c,Batakanda Central 663/C
gn.batakandacentral717a,Batakanda Central 717/A
gn.batakandacentral88b,Batakanda Central 88/B
gn.batakandaeast,Batakanda East
gn.batakandaeast701a,Batakanda East 701/A
gn.batakandaeast727,Batakanda East 727
gn.batakandaihala217a,Batakanda Ihala 217/A
gn.batakandaihala690b,Batakanda Ihala 690/B
gn.batakandanorth,Batakanda North
gn.batakandasouth,Batakanda South
gn.batakandawest121b,Batakanda West 121/B
gn.batakandawest313a,Batakanda West 313/A
gn.batakandawest946c,Batakanda West 946/C
gn.batakumburacentral125a,Batakumbura Central 125/A
gn.batakumburacentral328c,Batakumbura Central 328/C
gn.batakumburaeast384,Batakumbura East 384
gn.batakumburaihala,Batakumbura Ihala
gn.batakumburaihala315a,Batakumbura Ihala 315/A
gn.batakumburaihala519,Batakumbura Ihala 519
gn.batakumburaihala615c,Batakumbura Ihala 615/C
gn.batakumburanorth,Batakumbura North
gn.batakumburanorth215,Batakumbura North 215
gn.batakumburanorth850a,Batakumbura North 850/A
gn.batakumburanorth879,Batakumbura North 879
gn.batakumburapahala,Batakumbura Pahala
gn.batakumburasouth,Batakumbura South
gn.batakumburawest,Batakumbura West
gn.batamulla,Batamulla
gn.batamullacentral,Batamulla Central
gn.batamullacentral580c,Batamulla Central 580/C
gn.batamullaeast,Batamulla East
gn.batamullaeast502,Batamulla East 502
gn.batamullaeast627b,Batamulla East 627/B
gn.batamullaihala,Batamulla Ihala
gn.batamullaihala103,Batamulla Ihala 103
gn.batamullaihala804a,Batamulla Ihala 804/A
gn.batamullanorth879,Batamulla North 879
gn.batamullanorth960c,Batamulla North 960/C
gn.batamullapahala217a,Batamulla Pahala 217/A
gn.batamullapahala269,Batamulla Pahala 269
gn.batamullapahala966b,Batamulla Pahala 966/B
gn.batamullawest,Batamulla West
gn.batamullawest855a,Batamulla West 855/A
gn.bataoya,Bataoya
gn.bataoyaeast389a,Bataoya East 389/A
gn.bataoyaeast393a,Bataoya East 393/A
gn.bataoyaihala174b,Bataoya Ihala 174/B
gn.bataoyaihala257b,Bataoya Ihala 257/B
gn.bataoyanorth812a,Bataoya North 812/A
gn.bataoyapahala592c,Bataoya Pahala 592/C
gn.bataoyasouth339b,Bataoya South 339/B
gn.bataoyasouth762b,Bataoya South 762/B
gn.bataoyawest366,Bataoya West 366
gn.bataoyawest891c,Bataoya West 891/C
gn.bataoyawest942b,Bataoya West 942/B
gn.batapitiya417c,Batapitiya 417/C
gn.batapitiya60b,Batapitiya 60/B
gn.batapitiyacentral216,Batapitiya Central 216
gn.batapitiyaeast165a,Batapitiya East 165/A
gn.batapitiyaeast554a,Batapitiya East 554/A
gn.batapitiyaeast835b,Batapitiya East 835/B
gn.batapitiyaihala223a,Batapitiya Ihala 223/A
gn.batapitiyanorth367a,Batapitiya North 367/A
gn.batapitiyanorth476a,Batapitiya North 476/A
gn.batapitiyanorth486b,Batapitiya North 486/B
gn.batapitiyanorth95b,Batapitiya North 95/B
gn.batapitiyapahala,Batapitiya Pahala
gn.batapitiyapahala403a,Batapitiya Pahala 403/A
gn.batapitiyasouth181c,Batapitiya South 181/C
gn.batapitiyasouth666b,Batapitiya South 666/B
gn.batapitiyawest,Batapitiya West
gn.batapitiyawest758,Batapitiya West 758
gn.batapitiyawest899b,Batapitiya West 899/B
gn.batapuracentral,Batapura Central
gn.batapuracentral43,Batapura Central 43
gn.batapuracentral637b,Batapura Central 637/B
gn.batapuraihala161a,Batapura Ihala 161/A
gn.batapuraihala752b,Batapura Ihala 752/B
gn.batapuranorth52c,Batapura North 52/C
gn.batapuranorth738a,Batapura North 738/A
gn.batapuranorth9c,Batapura North 9/C
gn.batapurapahala186,Batapura Pahala 186
gn.batapurapahala41a,Batapura Pahala 41/A
gn.batapurasouth,Batapura South
gn.batapurasouth341,Batapura South 341
gn.batapurasouth961c,Batapura South 961/C
gn.batapurawest456b,Batapura West 456/B
gn.batapurawest691,Batapura West 691
gn.batatota259c,Batatota 259/C
gn.batatotacentral,Batatota Central
gn.batatotaeast,Batatota East
gn.batatotaihala,Batatota Ihala
gn.batatotaihala551a,Batatota Ihala 551/A
gn.batatotaihala620c,Batatota Ihala 620/C
gn.batatotanorth23a,Batatota North 23/A
gn.batatotanorth992c,Batatota North 992/C
gn.batatotapahala,Batatota Pahala
gn.batatotapahala594,Batatota Pahala 594
gn.batatotasouth54a,Batatota South 54/A
gn.batatotawest202b,Batatota West 202/B
gn.batatotawest864a,Batatota West 864/A
gn.batawatta809a,Batawatta 809/A
gn.batawattacentral,Batawatta Central
gn.batawattacentral200c,Batawatta Central 200/C
gn.batawattacentral375,Batawatta Central 375
gn.batawattaeast,Batawatta East
gn.batawattaihala,Batawatta Ihala
gn.batawattanorth524c,Batawatta North 524/C
gn.batawattanorth937b,Batawatta North 937/B
gn.batawattapahala,Batawatta Pahala
gn.batawattasouth451b,Batawatta South 451/B
gn.batawattawest280,Batawatta West 280
gn.batawattawest439a,Batawatta West 439/A
gn.batawela,Batawela
gn.batawela89c,Batawela 89/C
gn.batawelacentral,Batawela Central
gn.batawelaeast216c,Batawela East 216/C
gn.batawelaihala555,Batawela Ihala 555
gn.batawelapahala,Batawela Pahala
gn.batawelapahala897,Batawela Pahala 897
gn.batawelawest,Batawela West
gn.batawelawest234a,Batawela West 234/A
gn.batawelawest323b,Batawela West 323/B
gn.batticaloa,Batticaloa
gn.batticaloa298b,Batticaloa 298/B
gn.batticaloa951c,Batticaloa 951/C
gn.batticaloaeast,Batticaloa East
gn.batticaloaihala,Batticaloa Ihala
gn.batticaloaihala927b,Batticaloa Ihala 927/B
gn.batticaloanorth47c,Batticaloa North 47/C
gn.batticaloapahala,Batticaloa Pahala
gn.batticaloapahala255c,Batticaloa Pahala 255/C
gn.batticaloapahala30a,Batticaloa Pahala 30/A
gn.batticaloasouth698b,Batticaloa South 698/B
gn.batticaloawest,Batticaloa West
gn.batticaloawest781b,Batticaloa West 781/B
gn.batticaloawest836,Batticaloa West 836
gn.batudeniya,Batudeniya
gn.batudeniya963,Batudeniya 963
gn.batudeniyacentral,Batudeniya Central
gn.batudeniyacentral206a,Batudeniya Central 206/A
gn.batudeniyaeast742b,Batudeniya East 742/B
gn.batudeniyaihala,Batudeniya Ihala
gn.batudeniyaihala680b,Batudeniya Ihala 680/B
gn.batudeniyaihala976,Batudeniya Ihala 976
gn.batudeniyapahala,Batudeniya Pahala
gn.batudeniyapahala163a,Batudeniya Pahala 163/A
gn.batudeniyasouth342c,Batudeniya South 342/C
gn.batugala261,Batugala 261
gn.batugalacentral203a,Batugala Central 203/A
gn.batugalacentral615a,Batugala Central 615/A
gn.batugalaeast128c,Batugala East 128/C
gn.batugalaihala185b,Batugala Ihala 185/B
gn.batugalaihala329c,Batugala Ihala 329/C
gn.batugalaihala861c,Batugala Ihala 861/C
gn.batugalanorth166b,Batugala North 166/B
gn.batugalanorth806b,Batugala North 806/B
gn.batugalapahala,Batugala Pahala
gn.batugalasouth299,Batugala South 299
gn.batugalasouth857,Batugala South 857
gn.batugalawest,Batugala West
gn.batugalawest243,Batugala West 243
gn.batugalawest415c,Batugala West 415/C
gn.batugalawest874b,Batugala West 874/B
gn.batugama68c,Batugama 68/C
gn.batugamacentral700b,Batugama Central 700/B
gn.batugamacentral721c,Batugama Central 721/C
gn.batugamaeast,Batugama East
gn.batugamaihala268c,Batugama Ihala 268/C
gn.batugamaihala558c,Batugama Ihala 558/C
gn.batugamanorth167a,Batugama North 167/A
gn.batugamanorth87c,Batugama North 87/C
gn.batugamapahala402b,Batugama Pahala 402/B
gn.batugamasouth,Batugama South
gn.batugamasouth448a,Batugama South 448/A
gn.batugamasouth696a,Batugama South 696/A
gn.batugamasouth94a,Batugama South 94/A
gn.batugamawest190,Batugama West 190
gn.batugamuwa,Batugamuwa
gn.batugamuwa152a,Batugamuwa 152/A
gn.batugamuwa435,Batugamuwa 435
gn.batugamuwa646a,Batugamuwa 646/A
gn.batugamuwa874c,Batugamuwa 874/C
gn.batugamuwacentral775b,Batugamuwa Central 775/B
gn.batugamuwaeast,Batugamuwa East
gn.batugamuwaihala,Batugamuwa Ihala
gn.batugamuwaihala695c,Batugamuwa Ihala 695/C
gn.batugamuwaihala995c,Batugamuwa Ihala 995/C
gn.batugamuwasouth,Batugamuwa South
gn.batugamuwasouth233b,Batugamuwa South 233/B
gn.batugamuwawest515a,Batugamuwa West 515/A
gn.batugamuwawest625,Batugamuwa West 625
gn.batugedaraeast214a,Batugedara East 214/A
gn.batugedaraeast650,Batugedara East 650
gn.batugedaranorth414a,Batugedara North 414/A
gn.batugedaranorth844,Batugedara North 844
gn.batugedarapahala175,Batugedara Pahala 175
gn.batugedarapahala248b,Batugedara Pahala 248/B
gn.batugedarapahala851c,Batugedara Pahala 851/C
gn.batugedarasouth,Batugedara South
gn.batugedarasouth656c,Batugedara South 656/C
gn.batugedarasouth817b,Batugedara South 817/B
gn.batugedarawest,Batugedara West
gn.batugedarawest869a,Batugedara West 869/A
gn.batugoda,Batugoda
gn.batugoda152,Batugoda 152
gn.batugoda681c,Batugoda 681/C
gn.batugodacentral,Batugoda Central
gn.batugodacentral686a,Batugoda Central 686/A
gn.batugodaeast577c,Batugoda East 577/C
gn.batugodaeast813,Batugoda East 813
gn.batugodaihala394c,Batugoda Ihala 394/C
gn.batugodanorth125c,Batugoda North 125/C
gn.batugodanorth593a,Batugoda North 593/A
gn.batugodapahala,Batugoda Pahala
gn.batugodapahala733a,Batugoda Pahala 733/A
gn.batugodasouth,Batugoda South
gn.batugodawest,Batugoda West
gn.batugodawest270b,Batugoda West 270/B
gn.batugodawest641b,Batugoda West 641/B
gn.batugodawest655,Batugoda West 655
gn.batuhena,Batuhena
gn.batuhena132a,Batuhena 132/A
gn.batuhena302a,Batuhena 302/A
gn.batuhena52c,Batuhena 52/C
gn.batuhena947b,Batuhena 947/B
gn.batuhenacentral,Batuhena Central
gn.batuhenaeast465b,Batuhena East 465/B
gn.batuhenaihala749b,Batuhena Ihala 749/B
gn.batuhenasouth,Batuhena South
gn.batuhenasouth667c,Batuhena South 667/C
gn.batukaduwa,Batukaduwa
gn.batukaduwa562,Batukaduwa 562
gn.batukaduwacentral,Batukaduwa Central
gn.batukaduwacentral958a,Batukaduwa Central 958/A
gn.batukaduwaihala,Batukaduwa Ihala
gn.batukaduwanorth490c,Batukaduwa North 490/C
gn.batukaduwapahala13b,Batukaduwa Pahala 13/B
gn.batukaduwasouth,Batukaduwa South
gn.batukaduwasouth966a,Batukaduwa South 966/A
gn.batukaduwawest,Batukaduwa West
gn.batukaduwawest195a,Batukaduwa West 195/A
gn.batukaduwawest753a,Batukaduwa West 753/A
gn.batukandacentral949c,Batukanda Central 949/C
gn.batukandaeast312a,Batukanda East 312/A
gn.batukandaihala354c,Batukanda Ihala 354/C
gn.batukandaihala766b,Batukanda Ihala 766/B
gn.batukandaihala812a,Batukanda Ihala 812/A
gn.batukandanorth591b,Batukanda North 591/B
gn.batukandanorth990b,Batukanda North 990/B
gn.batukandapahala96c,Batukanda Pahala 96/C
gn.batukandasouth537b,Batukanda South 537/B
gn.batukandawest286c,Batukanda West 286/C
gn.batukumburacentral268,Batukumbura Central 268
gn.batukumburaeast983b,Batukumbura East 983/B
gn.batukumburanorth,Batukumbura North
gn.batukumburanorth965a,Batukumbura North 965/A
gn.batukumburapahala,Batukumbura Pahala
gn.batukumburapahala162a,Batukumbura Pahala 162/A
gn.batukumburapahala489a,Batukumbura Pahala 489/A
gn.batukumburapahala75b,Batukumbura Pahala 75/B
gn.batukumburapahala972a,Batukumbura Pahala 972/A
gn.batukumburasouth568b,Batukumbura South 568/B
gn.batukumburawest665b,Batukumbura West 665/B
gn.batukumburawest970,Batukumbura West 970
gn.batumulla,Batumulla
gn.batumullacentral230,Batumulla Central 230
gn.batumullacentral248,Batumulla Central 248
gn.batumullaeast436a,Batumulla East 436/A
gn.batumullaihala,Batumulla Ihala
gn.batumullaihala296b,Batumulla Ihala 296/B
gn.batumullaihala320b,Batumulla Ihala 320/B
gn.batumullapahala,Batumulla Pahala
gn.batumullapahala657a,Batumulla Pahala 657/A
gn.batumullasouth,Batumulla South
gn.batuoya,Batuoya
gn.batuoya114,Batuoya 114
gn.batuoya767,Batuoya 767
gn.batuoyacentral,Batuoya Central
gn.batuoyacentral888c,Batuoya Central 888/C
gn.batuoyaihala,Batuoya Ihala
gn.batuoyanorth493,Batuoya North 493
gn.batuoyanorth967,Batuoya North 967
gn.batuoyapahala168b,Batuoya Pahala 168/B
gn.batuoyapahala318b,Batuoya Pahala 318/B
gn.batuoyasouth730b,Batuoya South 730/B
gn.batuoyasouth779a,Batuoya South 779/A
gn.batuoyasouth911b,Batuoya South 911/B
gn.batuoyawest96a,Batuoya West 96/A
gn.batupitiyacentral,Batupitiya Central
gn.batupitiyacentral414,Batupitiya Central 414
gn.batupitiyaeast,Batupitiya East
gn.batupitiyaeast558a,Batupitiya East 558/A
gn.batupitiyaihala,Batupitiya Ihala
gn.batupitiyaihala12,Batupitiya Ihala 12
gn.batupitiyaihala709a,Batupitiya Ihala 709/A
gn.batupitiyanorth414,Batupitiya North 414
gn.batupitiyanorth965c,Batupitiya North 965/C
gn.batupitiyapahala,Batupitiya Pahala
gn.batupitiyapahala404a,Batupitiya Pahala 404/A
gn.batupitiyapahala902c,Batupitiya Pahala 902/C
gn.batupitiyawest203c,Batupitiya West 203/C
gn.batupura,Batupura
gn.batupura23b,Batupura 23/B
gn.batupura464a,Batupura 464/A
gn.batupuracentral,Batupura Central
gn.batupuracentral265,Batupura Central 265
gn.batupuracentral863b,Batupura Central 863/B
gn.batupuraeast,Batupura East
gn.batupuraeast103,Batupura East 103
gn.batupuraeast551b,Batupura East 551/B
gn.batupuraihala,Batupura Ihala
gn.batupuranorth,Batupura North
gn.batupuranorth375c,Batupura North 375/C
gn.batupuranorth449c,Batupura North 449/C
gn.batupurapahala,Batupura Pahala
gn.batupurapahala240a,Batupura Pahala 240/A
gn.batupurapahala270c,Batupura Pahala 270/C
gn.batupurapahala910a,Batupura Pahala 910/A
gn.batupurasouth419,Batupura South 419
gn.batupurasouth952,Batupura South 952
gn.batutota,Batutota
gn.batutotacentral207c,Batutota Central 207/C
gn.batutotacentral244a,Batutota Central 244/A
gn.batutotaeast,Batutota East
gn.batutotanorth,Batutota North
gn.batutotapahala,Batutota Pahala
gn.batutotasouth,Batutota South
gn.batutotawest,Batutota West
gn.batutotawest605a,Batutota West 605/A
gn.batuwatta144b,Batuwatta 144/B
gn.batuwatta772a,Batuwatta 772/A
gn.batuwattacentral,Batuwatta Central
gn.batuwattacentral225b,Batuwatta Central 225/B
gn.batuwattacentral451,Batuwatta Central 451
gn.batuwattaeast178a,Batuwatta East 178/A
gn.batuwattaeast276a,Batuwatta East 276/A
gn.batuwattaeast622c,Batuwatta East 622/C
gn.batuwattaeast650,Batuwatta East 650
gn.batuwattaeast675a,Batuwatta East 675/A
gn.batuwattaihala,Batuwatta Ihala
gn.batuwattaihala335a,Batuwatta Ihala 335/A
gn.batuwattaihala594c,Batuwatta Ihala 594/C
gn.batuwattanorth,Batuwatta North
gn.batuwattapahala,Batuwatta Pahala
gn.batuwattapahala732c,Batuwatta Pahala 732/C
gn.batuwattasouth43,Batuwatta South 43
gn.batuwattawest374a,Batuwatta West 374/A
gn.batuwela532b,Batuwela 532/B
gn.batuwelacentral210c,Batuwela Central 210/C
gn.batuwelacentral456b,Batuwela Central 456/B
gn.batuwelacentral897c,Batuwela Central 897/C
gn.batuwelaeast,Batuwela East
gn.batuwelaeast276a,Batuwela East 276/A
gn.batuwelaeast737b,Batuwela East 737/B
gn.batuwelaeast939,Batuwela East 939
gn.batuwelaihala,Batuwela Ihala
gn.batuwelanorth676b,Batuwela North 676/B
gn.batuwelanorth708c,Batuwela North 708/C
gn.batuwelanorth864a,Batuwela North 864/A
gn.batuwelapahala,Batuwela Pahala
gn.batuwelasouth,Batuwela South
gn.batuwelawest345,Batuwela West 345
gn.batuwelawest359,Batuwela West 359
gn.beliatta,Beliatta
gn.beliatta157a,Beliatta 157/A
gn.beliatta795c,Beliatta 795/C
gn.beliatta990b,Beliatta 990/B
gn.beliattacentral,Beliatta Central
gn.beliattacentral576c,Beliatta Central 576/C
gn.beliattaeast713c,Beliatta East 713/C
gn.beliattaihala,Beliatta Ihala
gn.beliattaihala205b,Beliatta Ihala 205/B
gn.beliattaihala376,Beliatta Ihala 376
gn.beliattanorth,Beliatta North
gn.beliattanorth424a,Beliatta North 424/A
gn.beliattanorth585c,Beliatta North 585/C
gn.beliattapahala,Beliatta Pahala
gn.beliattasouth456c,Beliatta South 456/C
gn.beliattawest,Beliatta West
gn.beliattawest962,Beliatta West 962
gn.benthota104b,Benthota 104/B
gn.benthotacentral,Benthota Central
gn.benthotacentral711c,Benthota Central 711/C
gn.benthotaeast16a,Benthota East 16/A
gn.benthotaeast21a,Benthota East 21/A
gn.benthotaeast248,Benthota East 248
gn.benthotaeast62,Benthota East 62
gn.benthotaihala515b,Benthota Ihala 515/B
gn.benthotanorth,Benthota North
gn.benthotanorth236a,Benthota North 236/A
gn.benthotanorth331a,Benthota North 331/A
gn.benthotanorth442b,Benthota North 442/B
gn.benthotanorth837c,Benthota North 837/C
gn.benthotapahala,Benthota Pahala
gn.benthotapahala812b,Benthota Pahala 812/B
gn.benthotapahala98,Benthota Pahala 98
gn.benthotapahala996b,Benthota Pahala 996/B
gn.benthotasouth,Benthota South
gn.benthotasouth163c,Benthota South 163/C
gn.benthotawest,Benthota West
gn.benthotawest14c,Benthota West 14/C
gn.beruwala,Beruwala
gn.beruwala569b,Beruwala 569/B
gn.beruwala760a,Beruwala 760/A
gn.beruwala8c,Beruwala 8/C
gn.beruwalacentral542,Beruwala Central 542
gn.beruwalaeast,Beruwala East
gn.beruwalaeast310a,Beruwala East 310/A
gn.beruwalaeast545a,Beruwala East 545/A
gn.beruwalaeast767,Beruwala East 767
gn.beruwalaihala58a,Beruwala Ihala 58/A
gn.beruwalaihala732c,Beruwala Ihala 732/C
gn.beruwalanorth,Beruwala North
gn.beruwalapahala269b,Beruwala Pahala 269/B
gn.beruwalapahala524b,Beruwala Pahala 524/B
gn.beruwalasouth,Beruwala South
gn.beruwalasouth587a,Beruwala South 587/A
gn.beruwalawest295a,Beruwala West 295/A
gn.beruwalawest309a,Beruwala West 309/A
gn.beruwalawest626b,Beruwala West 626/B
gn.beruwalawest718,Beruwala West 718
gn.beruwalawest871b,Beruwala West 871/B
gn.bibile,Bibile
gn.bibile802,Bibile 802
gn.bibilecentral,Bibile Central
gn.bibilecentral322c,Bibile Central 322/C
gn.bibilecentral503b,Bibile Central 503/B
gn.bibileeast,Bibile East
gn.bibileeast571c,Bibile East 571/C
gn.bibileihala,Bibile Ihala
gn.bibileihala581,Bibile Ihala 581
gn.bibilenorth,Bibile North
gn.bibilepahala,Bibile Pahala
gn.bibilepahala488a,Bibile Pahala 488/A
gn.bibilesouth,Bibile South
gn.bibilewest116c,Bibile West 116/C
gn.bibilewest283a,Bibile West 283/A
gn.biyagama269b,Biyagama 269/B
gn.biyagama783c,Biyagama 783/C
gn.biyagamacentral,Biyagama Central
gn.biyagamacentral742,Biyagama Central 742
gn.biyagamacentral872,Biyagama Central 872
gn.biyagamaeast,Biyagama East
gn.biyagamaeast296,Biyagama East 296
gn.biyagamaeast842c,Biyagama East 842/C
gn.biyagamaihala480a,Biyagama Ihala 480/A
gn.biyagamaihala493,Biyagama Ihala 493
gn.biyagamaihala697a,Biyagama Ihala 697/A
gn.biyagamaihala858,Biyagama Ihala 858
gn.biyagamanorth,Biyagama North
gn.biyagamanorth328b,Biyagama North 328/B
gn.biyagamapahala150b,Biyagama Pahala 150/B
gn.biyagamapahala242c,Biyagama Pahala 242/C
gn.biyagamapahala418,Biyagama Pahala 418
gn.biyagamapahala596,Biyagama Pahala 596
gn.biyagamapahala738a,Biyagama Pahala 738/A
gn.biyagamawest,Biyagama West
gn.biyagamawest873b,Biyagama West 873/B
gn.bopepoddala,Bope-Poddala
gn.bopepoddalacentral,Bope-Poddala Central
gn.bopepoddalacentral105c,Bope-Poddala Central 105/C
gn.bopepoddalacentral194c,Bope-Poddala Central 194/C
gn.bopepoddalaeast46a,Bope-Poddala East 46/A
gn.bopepoddalaeast502b,Bope-Poddala East 502/B
gn.bopepoddalaihala,Bope-Poddala Ihala
gn.bopepoddalaihala200c,Bope-Poddala Ihala 200/C
gn.bopepoddalanorth278a,Bope-Poddala North 278/A
gn.bopepoddalanorth670,Bope-Poddala North 670
gn.bopepoddalapahala207b,Bope-Poddala Pahala 207/B
gn.bopepoddalapahala390,Bope-Poddala Pahala 390
gn.bopepoddalapahala87b,Bope-Poddala Pahala 87/B
gn.bopepoddalasouth,Bope-Poddala South
gn.bopepoddalawest16,Bope-Poddala West 16
gn.bopepoddalawest651,Bope-Poddala West 651
gn.bopepoddalawest939c,Bope-Poddala West 939/C
gn.bulathkohupitiya,Bulathkohupitiya
gn.bulathkohupitiya21a,Bulathkohupitiya 21/A
gn.bulathkohupitiyacentral,Bulathkohupitiya Central
gn.bulathkohupitiyacentral40a,Bulathkohupitiya Central 40/A
gn.bulathkohupitiyacentral445b,Bulathkohupitiya Central 445/B
gn.bulathkohupitiyacentral446c,Bulathkohupitiya Central 446/C
gn.bulathkohupitiyaeast,Bulathkohupitiya East
gn.bulathkohupitiyaeast873,Bulathkohupitiya East 873
gn.bulathkohupitiyaeast890a,Bulathkohupitiya East 890/A
gn.bulathkohupitiyaihala226a,Bulathkohupitiya Ihala 226/A
gn.bulathkohupitiyaihala571a,Bulathkohupitiya Ihala 571/A
gn.bulathkohupitiyaihala638c,Bulathkohupitiya Ihala 638/C
gn.bulathkohupitiyanorth,Bulathkohupitiya North
gn.bulathkohupitiyapahala368b,Bulathkohupitiya Pahala 368/B
gn.bulathkohupitiyapahala510a,Bulathkohupitiya Pahala 510/A
gn.bulathkohupitiyapahala744,Bulathkohupitiya Pahala 744
gn.bulathkohupitiyapahala958c,Bulathkohupitiya Pahala 958/C
gn.bulathkohupitiyasouth491b,Bulathkohupitiya South 491/B
gn.bulathkohupitiyasouth61,Bulathkohupitiya South 61
gn.bulathkohupitiyawest529,Bulathkohupitiya West 529
gn.chankanai,Chankanai
gn.chankanai239c,Chankanai 239/C
gn.chankanai635,Chankanai 635
gn.chankanai876b,Chankanai 876/B
gn.chankanai939c,Chankanai 939/C
gn.chankanaieast21,Chankanai East 21
gn.chankanaieast372c,Chankanai East 372/C
gn.chankanaieast843,Chankanai East 843
gn.chankanaiihala661,Chankanai Ihala 661
gn.chankanainorth,Chankanai North
gn.chankanainorth358b,Chankanai North 358/B
gn.chankanainorth504b,Chankanai North 504/B
gn.chankanainorth644b,Chankanai North 644/B
gn.chankanainorth995b,Chankanai North 995/B
gn.chankanaipahala,Chankanai Pahala
gn.chankanaipahala886c,Chankanai Pahala 886/C
gn.chankanaisouth337c,Chankanai South 337/C
gn.chankanaisouth703b,Chankanai South 703/B
gn.chankanaisouth764c,Chankanai South 764/C
gn.chankanaisouth769,Chankanai South 769
gn.chankanaisouth95,Chankanai South 95
gn.chankanaiwest,Chankanai West
gn.chankanaiwest629c,Chankanai West 629/C
gn.chankanaiwest732a,Chankanai West 732/A
gn.chavakachcheri,Chavakachcheri
gn.chavakachcheri733,Chavakachcheri 733
gn.chavakachchericentral124a,Chavakachcheri Central 124/A
gn.chavakachchericentral976b,Chavakachcheri Central 976/B
gn.chavakachcherieast230c,Chavakachcheri East 230/C
gn.chavakachcherieast405b,Chavakachcheri East 405/B
gn.chavakachcherieast84c,Chavakachcheri East 84/C
gn.chavakachcheriihala,Chavakachcheri Ihala
gn.chavakachcherinorth,Chavakachcheri North
gn.chavakachcherinorth213a,Chavakachcheri North 213/A
gn.chavakachcherinorth406,Chavakachcheri North 406
gn.chavakachcherinorth691,Chavakachcheri North 691
gn.chavakachcheripahala,Chavakachcheri Pahala
gn.chavakachcheripahala207a,Chavakachcheri Pahala 207/A
gn.chavakachcherisouth967c,Chavakachcheri South 967/C
gn.chavakachcheriwest443c,Chavakachcheri West 443/C
gn.chavakachcheriwest603c,Chavakachcheri West 603/C
gn.chavakachcheriwest994a,Chavakachcheri West 994/A
gn.chilaw151,Chilaw 151
gn.chilaw198c,Chilaw 198/C
gn.chilawcentral177a,Chilaw Central 177/A
gn.chilaweast,Chilaw East
gn.chilawihala,Chilaw Ihala
gn.chilawihala34c,Chilaw Ihala 34/C
gn.chilawihala391a,Chilaw Ihala 391/A
gn.chilawihala982a,Chilaw Ihala 982/A
gn.chilawpahala,Chilaw Pahala
gn.chilawpahala578b,Chilaw Pahala 578/B
gn.chilawsouth,Chilaw South
gn.chilawsouth213c,Chilaw South 213/C
gn.chilawsouth484,Chilaw South 484
gn.chilawsouth763a,Chilaw South 763/A
gn.chilawwest354,Chilaw West 354
gn.colombo,Colombo
gn.colombo479c,Colombo 479/C
gn.colombo614a,Colombo 614/A
gn.colombo829a,Colombo 829/A
gn.colombocentral,Colombo Central
gn.colombocentral277a,Colombo Central 277/A
gn.colombocentral481c,Colombo Central 481/C
gn.colomboihala473,Colombo Ihala 473
gn.colomboihala543c,Colombo Ihala 543/C
gn.colomboihala793c,Colombo Ihala 793/C
gn.colombonorth878a,Colombo North 878/A
gn.colombopahala,Colombo Pahala
gn.colombosouth43,Colombo South 43
gn.colombosouth54a,Colombo South 54/A
gn.colombosouth909,Colombo South 909
gn.colombowest,Colombo West
gn.colombowest528a,Colombo West 528/A
gn.colombowest841c,Colombo West 841/C
gn.colombowest91a,Colombo West 91/A
gn.damana,Damana
gn.damana196c,Damana 196/C
gn.damanacentral460,Damana Central 460
gn.damanacentral947c,Damana Central 947/C
gn.damanaihala,Damana Ihala
gn.damanaihala28,Damana Ihala 28
gn.damanapahala392a,Damana Pahala 392/A
gn.damanapahala579,Damana Pahala 579
gn.damanasouth140c,Damana South 140/C
gn.damanawest995c,Damana West 995/C
gn.dambulla,Dambulla
gn.dambulla312,Dambulla 312
gn.dambulla974b,Dambulla 974/B
gn.dambullacentral391,Dambulla Central 391
gn.dambullacentral72c,Dambulla Central 72/C
gn.dambullacentral974a,Dambulla Central 974/A
gn.dambullaeast175,Dambulla East 175
gn.dambullaeast352a,Dambulla East 352/A
gn.dambullaihala318b,Dambulla Ihala 318/B
gn.dambullaihala831b,Dambulla Ihala 831/B
gn.dambullaihala993,Dambulla Ihala 993
gn.dambullanorth,Dambulla North
gn.dambullanorth600b,Dambulla North 600/B
gn.dambullanorth981,Dambulla North 981
gn.dambullapahala,Dambulla Pahala
gn.dambullasouth,Dambulla South
gn.dambullasouth361,Dambulla South 361
gn.dambullasouth397c,Dambulla South 397/C
gn.dambullasouth468b,Dambulla South 468/B
gn.dambullasouth526c,Dambulla South 526/C
gn.dambullasouth924,Dambulla South 924
gn.dambullasouth976,Dambulla South 976
gn.dambullawest,Dambulla West
gn.dambullawest430c,Dambulla West 430/C
gn.dambullawest612b,Dambulla West 612/B
gn.dambullawest665a,Dambulla West 665/A
gn.dehiowita50,Dehiowita 50
gn.dehiowita537,Dehiowita 537
gn.dehiowita682a,Dehiowita 682/A
gn.dehiowita862c,Dehiowita 862/C
gn.dehiowitacentral448c,Dehiowita Central 448/C
gn.dehiowitacentral68c,Dehiowita Central 68/C
gn.dehiowitaeast,Dehiowita East
gn.dehiowitaeast161c,Dehiowita East 161/C
gn.dehiowitaeast204c,Dehiowita East 204/C
gn.dehiowitaeast634,Dehiowita East 634
gn.dehiowitaihala332b,Dehiowita Ihala 332/B
gn.dehiowitaihala338,Dehiowita Ihala 338
gn.dehiowitaihala491a,Dehiowita Ihala 491/A
gn.dehiowitaihala838b,Dehiowita Ihala 838/B
gn.dehiowitanorth,Dehiowita North
gn.dehiowitanorth261,Dehiowita North 261
gn.dehiowitapahala,Dehiowita Pahala
gn.dehiowitapahala163c,Dehiowita Pahala 163/C
gn.dehiowitapahala413a,Dehiowita Pahala 413/A
gn.dehiowitapahala585c,Dehiowita Pahala 585/C
gn.dehiowitasouth,Dehiowita South
gn.dehiowitasouth730a,Dehiowita South 730/A
gn.dehiowitasouth943a,Dehiowita South 943/A
gn.dehiowitawest730,Dehiowita West 730
gn.dehiowitawest776a,Dehiowita West 776/A
gn.dehiowitawest836b,Dehiowita West 836/B
gn.dehiwala,Dehiwala
gn.dehiwala553a,Dehiwala 553/A
gn.dehiwalacentral862c,Dehiwala Central 862/C
gn.dehiwalacentral887b,Dehiwala Central 887/B
gn.dehiwalaihala,Dehiwala Ihala
gn.dehiwalaihala805c,Dehiwala Ihala 805/C
gn.dehiwalanorth,Dehiwala North
gn.dehiwalanorth380b,Dehiwala North 380/B
gn.dehiwalapahala356b,Dehiwala Pahala 356/B
gn.dehiwalasouth625a,Dehiwala South 625/A
gn.dehiwalasouth694,Dehiwala South 694
gn.dehiwalawest183b,Dehiwala West 183/B
gn.dehiwalawest905a,Dehiwala West 905/A
gn.dehiwalawest912b,Dehiwala West 912/B
gn.delftcentral772a,Delft Central 772/A
gn.delftcentral91b,Delft Central 91/B
gn.delftcentral974,Delft Central 974
gn.delfteast374,Delft East 374
gn.delfteast376b,Delft East 376/B
gn.delfteast566a,Delft East 566/A
gn.delfteast773c,Delft East 773/C
gn.delftihala273c,Delft Ihala 273/C
gn.delftihala29b,Delft Ihala 29/B
gn.delftihala367a,Delft Ihala 367/A
gn.delftnorth,Delft North
gn.delftpahala174b,Delft Pahala 174/B
gn.delftpahala218c,Delft Pahala 218/C
gn.delftpahala512a,Delft Pahala 512/A
gn.delftsouth26b,Delft South 26/B
gn.delftwest533b,Delft West 533/B
gn.deraniyagala,Deraniyagala
gn.deraniyagala441c,Deraniyagala 441/C
gn.deraniyagala620c,Deraniyagala 620/C
gn.deraniyagala833c,Deraniyagala 833/C
gn.deraniyagala86b,Deraniyagala 86/B
gn.deraniyagalacentral,Deraniyagala Central
gn.deraniyagalacentral177,Deraniyagala Central 177
gn.deraniyagalacentral438b,Deraniyagala Central 438/B
gn.deraniyagalaeast,Deraniyagala East
gn.deraniyagalaeast266,Deraniyagala East 266
gn.deraniyagalaeast654c,Deraniyagala East 654/C
gn.deraniyagalaeast818c,Deraniyagala East 818/C
gn.deraniyagalaeast861,Deraniyagala East 861
gn.deraniyagalaihala12a,Deraniyagala Ihala 12/A
gn.deraniyagalaihala3b,Deraniyagala Ihala 3/B
gn.deraniyagalaihala738b,Deraniyagala Ihala 738/B
gn.deraniyagalanorth,Deraniyagala North
gn.deraniyagalanorth435c,Deraniyagala North 435/C
gn.deraniyagalapahala193c,Deraniyagala Pahala 193/C
gn.deraniyagalapahala384b,Deraniyagala Pahala 384/B
gn.deraniyagalapahala76,Deraniyagala Pahala 76
gn.deraniyagalasouth653,Deraniyagala South 653
gn.deraniyagalawest,Deraniyagala West
gn.deraniyagalawest890,Deraniyagala West 890
gn.devinuwara,Devinuwara
gn.devinuwara975,Devinuwara 975
gn.devinuwaraeast,Devinuwara East
gn.devinuwaraeast737a,Devinuwara East 737/A
gn.devinuwaraeast819b,Devinuwara East 819/B
gn.devinuwaraeast958a,Devinuwara East 958/A
gn.devinuwaraihala63b,Devinuwara Ihala 63/B
gn.devinuwaranorth185,Devinuwara North 185
gn.devinuwaranorth355b,Devinuwara North 355/B
gn.devinuwarapahala709b,Devinuwara Pahala 709/B
gn.devinuwarasouth,Devinuwara South
gn.devinuwarasouth552a,Devinuwara South 552/A
gn.devinuwarasouth691a,Devinuwara South 691/A
gn.devinuwarasouth755b,Devinuwara South 755/B
gn.devinuwarawest,Devinuwara West
gn.devinuwarawest462a,Devinuwara West 462/A
gn.devinuwarawest853b,Devinuwara West 853/B
gn.dickwella,Dickwella
gn.dickwella83,Dickwella 83
gn.dickwellacentral,Dickwella Central
gn.dickwellacentral501,Dickwella Central 501
gn.dickwellacentral869b,Dickwella Central 869/B
gn.dickwellaihala,Dickwella Ihala
gn.dickwellanorth,Dickwella North
gn.dickwellanorth740c,Dickwella North 740/C
gn.dickwellanorth833b,Dickwella North 833/B
gn.dickwellapahala269a,Dickwella Pahala 269/A
gn.dickwellasouth781c,Dickwella South 781/C
gn.dickwellawest310c,Dickwella West 310/C
gn.dickwellawest547c,Dickwella West 547/C
gn.dickwellawest678b,Dickwella West 678/B
gn.dickwellawest733,Dickwella West 733
gn.dickwellawest819,Dickwella West 819
gn.dickwellawest858c,Dickwella West 858/C
gn.digadeniya,Digadeniya
gn.digadeniya312b,Digadeniya 312/B
gn.digadeniya842a,Digadeniya 842/A
gn.digadeniyacentral328c,Digadeniya Central 328/C
gn.digadeniyacentral444c,Digadeniya Central 444/C
gn.digadeniyaeast852a,Digadeniya East 852/A
gn.digadeniyaihala,Digadeniya Ihala
gn.digadeniyaihala798c,Digadeniya Ihala 798/C
gn.digadeniyaihala942a,Digadeniya Ihala 942/A
gn.digadeniyanorth,Digadeniya North
gn.digadeniyapahala,Digadeniya Pahala
gn.digadeniyapahala821c,Digadeniya Pahala 821/C
gn.digadeniyasouth236,Digadeniya South 236
gn.digadeniyasouth729c,Digadeniya South 729/C
gn.digadeniyawest290a,Digadeniya West 290/A
gn.digagala,Digagala
gn.digagala624c,Digagala 624/C
gn.digagalacentral840,Digagala Central 840
gn.digagalaeast,Digagala East
gn.digagalaeast279a,Digagala East 279/A
gn.digagalaeast940b,Digagala East 940/B
gn.digagalaihala367c,Digagala Ihala 367/C
gn.digagalaihala674a,Digagala Ihala 674/A
gn.digagalaihala828a,Digagala Ihala 828/A
gn.digagalaihala864b,Digagala Ihala 864/B
gn.digagalanorth660,Digagala North 660
gn.digagalapahala,Digagala Pahala
gn.digagalapahala91,Digagala Pahala 91
gn.digagalasouth,Digagala South
gn.digagalasouth251a,Digagala South 251/A
gn.digagalawest129,Digagala West 129
gn.digagalawest406c,Digagala West 406/C
gn.digagalawest458b,Digagala West 458/B
gn.digagalawest541,Digagala West 541
gn.digagama862c,Digagama 862/C
gn.digagamacentral361a,Digagama Central 361/A
gn.digagamacentral700,Digagama Central 700
gn.digagamacentral994,Digagama Central 994
gn.digagamaeast180a,Digagama East 180/A
gn.digagamaeast864,Digagama East 864
gn.digagamaihala107c,Digagama Ihala 107/C
gn.digagamapahala,Digagama Pahala
gn.digagamapahala539b,Digagama Pahala 539/B
gn.digagamapahala629b,Digagama Pahala 629/B
gn.digagamasouth308a,Digagama South 308/A
gn.digagamasouth651b,Digagama South 651/B
gn.digagamasouth876,Digagama South 876
gn.digagamawest64,Digagama West 64
gn.digagamawest690a,Digagama West 690/A
gn.digagamuwa,Digagamuwa
gn.digagamuwacentral612,Digagamuwa Central 612
gn.digagamuwaeast,Digagamuwa East
gn.digagamuwaeast810c,Digagamuwa East 810/C
gn.digagamuwaihala963c,Digagamuwa Ihala 963/C
gn.digagamuwanorth,Digagamuwa North
gn.digagamuwanorth54a,Digagamuwa North 54/A
gn.digagamuwapahala,Digagamuwa Pahala
gn.digagamuwapahala85a,Digagamuwa Pahala 85/A
gn.digagamuwawest845,Digagamuwa West 845
gn.digagedara,Digagedara
gn.digagedaracentral,Digagedara Central
gn.digagedaracentral536a,Digagedara Central 536/A
gn.digagedaraeast,Digagedara East
gn.digagedaranorth,Digagedara North
gn.digagedarapahala,Digagedara Pahala
gn.digagedarapahala339,Digagedara Pahala 339
gn.digagedarapahala618a,Digagedara Pahala 618/A
gn.digagedarawest222,Digagedara West 222
gn.digagoda309a,Digagoda 309/A
gn.digagoda82a,Digagoda 82/A
gn.digagoda871a,Digagoda 871/A
gn.digagodacentral,Digagoda Central
gn.digagodaeast327,Digagoda East 327
gn.digagodaeast620b,Digagoda East 620/B
gn.digagodaeast777c,Digagoda East 777/C
gn.digagodaihala596b,Digagoda Ihala 596/B
gn.digagodaihala62a,Digagoda Ihala 62/A
gn.digagodanorth138c,Digagoda North 138/C
gn.digagodanorth255,Digagoda North 255
gn.digagodanorth939b,Digagoda North 939/B
gn.digagodapahala,Digagoda Pahala
gn.digagodapahala394a,Digagoda Pahala 394/A
gn.digagodasouth,Digagoda South
gn.digagodasouth882a,Digagoda South 882/A
gn.digagodawest,Digagoda West
gn.digahenacentral210c,Digahena Central 210/C
gn.digahenaeast849c,Digahena East 849/C
gn.digahenaihala,Digahena Ihala
gn.digahenanorth217b,Digahena North 217/B
gn.digahenasouth,Digahena South
gn.digahenawest714c,Digahena West 714/C
gn.digakaduwa465,Digakaduwa 465
gn.digakaduwacentral,Digakaduwa Central
gn.digakaduwaeast134b,Digakaduwa East 134/B
gn.digakaduwaihala,Digakaduwa Ihala
gn.digakaduwaihala420b,Digakaduwa Ihala 420/B
gn.digakaduwaihala871a,Digakaduwa Ihala 871/A
gn.digakaduwapahala24a,Digakaduwa Pahala 24/A
gn.digakaduwapahala320,Digakaduwa Pahala 320
gn.digakaduwapahala556,Digakaduwa Pahala 556
gn.digakaduwasouth374a,Digakaduwa South 374/A
gn.digakaduwasouth580c,Digakaduwa South 580/C
gn.digakaduwasouth779b,Digakaduwa South 779/B
gn.digakaduwasouth954c,Digakaduwa South 954/C
gn.digakaduwawest238,Digakaduwa West 238
gn.digakanda,Digakanda
gn.digakanda501,Digakanda 501
gn.digakanda531c,Digakanda 531/C
gn.digakanda907b,Digakanda 907/B
gn.digakandacentral,Digakanda Central
gn.digakandaeast517,Digakanda East 517
gn.digakandaihala376,Digakanda Ihala 376
gn.digakandaihala521,Digakanda Ihala 521
gn.digakandanorth,Digakanda North
gn.digakandapahala,Digakanda Pahala
gn.digakandasouth,Digakanda South
gn.digakumbura206,Digakumbura 206
gn.digakumburaeast492b,Digakumbura East 492/B
gn.digakumburaihala,Digakumbura Ihala
gn.digakumburanorth,Digakumbura North
gn.digakumburanorth58,Digakumbura North 58
gn.digakumburapahala741c,Digakumbura Pahala 741/C
gn.digakumburasouth731c,Digakumbura South 731/C
gn.digakumburasouth890a,Digakumbura South 890/A
gn.digakumburawest,Digakumbura West
gn.digakumburawest624,Digakumbura West 624
gn.digamullacentral172,Digamulla Central 172
gn.digamullacentral293a,Digamulla Central 293/A
gn.digamullacentral849,Digamulla Central 849
gn.digamullaeast207b,Digamulla East 207/B
gn.digamullaeast677c,Digamulla East 677/C
gn.digamullaihala354a,Digamulla Ihala 354/A
gn.digamullanorth789a,Digamulla North 789/A
gn.digamullapahala63a,Digamulla Pahala 63/A
gn.digamullasouth,Digamulla South
gn.digamullasouth390,Digamulla South 390
gn.digamullawest358c,Digamulla West 358/C
gn.digamullawest449b,Digamulla West 449/B
gn.digaoya,Digaoya
gn.digaoya654a,Digaoya 654/A
gn.digaoyacentral,Digaoya Central
gn.digaoyacentral667b,Digaoya Central 667/B
gn.digaoyaeast17,Digaoya East 17
gn.digaoyaihala,Digaoya Ihala
gn.digaoyaihala710a,Digaoya Ihala 710/A
gn.digaoyanorth116a,Digaoya North 116/A
gn.digaoyapahala108c,Digaoya Pahala 108/C
gn.digaoyapahala251,Digaoya Pahala 251
gn.digaoyapahala491,Digaoya Pahala 491
gn.digaoyapahala850,Digaoya Pahala 850
gn.digaoyasouth290c,Digaoya South 290/C
gn.digaoyasouth448a,Digaoya South 448/A
gn.digaoyasouth587c,Digaoya South 587/C
gn.digaoyawest56,Digaoya West 56
gn.digapitiyacentral42a,Digapitiya Central 42/A
gn.digapitiyacentral544,Digapitiya Central 544
gn.digapitiyacentral628b,Digapitiya Central 628/B
gn.digapitiyaeast382b,Digapitiya East 382/B
gn.digapitiyaeast918a,Digapitiya East 918/A
gn.digapitiyaihala,Digapitiya Ihala
gn.digapitiyaihala120b,Digapitiya Ihala 120/B
gn.digapitiyanorth,Digapitiya North
gn.digapitiyanorth544b,Digapitiya North 544/B
gn.digapitiyanorth984c,Digapitiya North 984/C
gn.digapitiyapahala990a,Digapitiya Pahala 990/A
gn.digapitiyawest402,Digapitiya West 402
gn.digapitiyawest471a,Digapitiya West 471/A
gn.digapitiyawest779b,Digapitiya West 779/B
gn.digapitiyawest88c,Digapitiya West 88/C
gn.digapura768a,Digapura 768/A
gn.digapuraeast,Digapura East
gn.digapuraeast37b,Digapura East 37/B
gn.digapuraeast700a,Digapura East 700/A
gn.digapuraeast792c,Digapura East 792/C
gn.digapuraeast81a,Digapura East 81/A
gn.digapuraihala140b,Digapura Ihala 140/B
gn.digapuraihala781,Digapura Ihala 781
gn.digapuranorth611c,Digapura North 611/C
gn.digapuranorth763,Digapura North 763
gn.digapuranorth857c,Digapura North 857/C
gn.digapuranorth87c,Digapura North 87/C
gn.digapuranorth987,Digapura North 987
gn.digapurawest,Digapura West
gn.digatota,Digatota
gn.digatota128b,Digatota 128/B
gn.digatotacentral755c,Digatota Central 755/C
gn.digatotacentral970b,Digatota Central 970/B
gn.digatotaeast,Digatota East
gn.digatotaihala38c,Digatota Ihala 38/C
gn.digatotanorth,Digatota North
gn.digatotanorth683,Digatota North 683
gn.digatotanorth847c,Digatota North 847/C
gn.digatotapahala899a,Digatota Pahala 899/A
gn.digatotasouth,Digatota South
gn.digawatta65a,Digawatta 65/A
gn.digawattacentral,Digawatta Central
gn.digawattacentral266a,Digawatta Central 266/A
gn.digawattacentral397c,Digawatta Central 397/C
gn.digawattacentral401,Digawatta Central 401
gn.digawattacentral503a,Digawatta Central 503/A
gn.digawattaeast,Digawatta East
gn.digawattaeast879a,Digawatta East 879/A
gn.digawattaihala708c,Digawatta Ihala 708/C
gn.digawattaihala951,Digawatta Ihala 951
gn.digawattapahala202b,Digawatta Pahala 202/B
gn.digawattapahala716a,Digawatta Pahala 716/A
gn.digawattasouth692c,Digawatta South 692/C
gn.digawattawest289,Digawatta West 289
gn.digawattawest591c,Digawatta West 591/C
gn.digawela55c,Digawela 55/C
gn.digawela593b,Digawela 593/B
gn.digawela72,Digawela 72
gn.digawela753a,Digawela 753/A
gn.digawela82b,Digawela 82/B
gn.digawelacentral,Digawela Central
gn.digawelacentral570b,Digawela Central 570/B
gn.digawelaeast,Digawela East
gn.digawelaeast570a,Digawela East 570/A
gn.digawelaeast785c,Digawela East 785/C
gn.digawelaihala268b,Digawela Ihala 268/B
gn.digawelaihala384a,Digawela Ihala 384/A
gn.digawelaihala66a,Digawela Ihala 66/A
gn.digawelanorth839c,Digawela North 839/C
gn.digawelapahala,Digawela Pahala
gn.digawelapahala106c,Digawela Pahala 106/C
gn.digawelasouth,Digawela South
gn.dimbulagala,Dimbulagala
gn.dimbulagalacentral,Dimbulagala Central
gn.dimbulagalacentral329a,Dimbulagala Central 329/A
gn.dimbulagalacentral721a,Dimbulagala Central 721/A
gn.dimbulagalacentral925a,Dimbulagala Central 925/A
gn.dimbulagalaeast,Dimbulagala East
gn.dimbulagalaeast815c,Dimbulagala East 815/C
gn.dimbulagalaeast925,Dimbulagala East 925
gn.dimbulagalanorth,Dimbulagala North
gn.dimbulagalanorth872b,Dimbulagala North 872/B
gn.dimbulagalapahala226a,Dimbulagala Pahala 226/A
gn.dimbulagalapahala784,Dimbulagala Pahala 784
gn.dimbulagalapahala822c,Dimbulagala Pahala 822/C
gn.dimbulagalasouth,Dimbulagala South
gn.dimbulagalawest308,Dimbulagala West 308
gn.dimbulagalawest813c,Dimbulagala West 813/C
gn.divulapitiyacentral296c,Divulapitiya Central 296/C
gn.divulapitiyacentral447c,Divulapitiya Central 447/C
gn.divulapitiyacentral834a,Divulapitiya Central 834/A
gn.divulapitiyacentral917,Divulapitiya Central 917
gn.divulapitiyaeast,Divulapitiya East
gn.divulapitiyaihala,Divulapitiya Ihala
gn.divulapitiyaihala643c,Divulapitiya Ihala 643/C
gn.divulapitiyaihala780c,Divulapitiya Ihala 780/C
gn.divulapitiyaihala962c,Divulapitiya Ihala 962/C
gn.divulapitiyanorth509,Divulapitiya North 509
gn.divulapitiyanorth548b,Divulapitiya North 548/B
gn.divulapitiyanorth595c,Divulapitiya North 595/C
gn.divulapitiyapahala,Divulapitiya Pahala
gn.divulapitiyapahala412b,Divulapitiya Pahala 412/B
gn.divulapitiyasouth,Divulapitiya South
gn.divulapitiyasouth12a,Divulapitiya South 12/A
gn.divulapitiyasouth684b,Divulapitiya South 684/B
gn.dodangaslanda,Dodangaslanda
gn.dodangaslanda610,Dodangaslanda 610
gn.dodangaslanda83,Dodangaslanda 83
gn.dodangaslanda858b,Dodangaslanda 858/B
gn.dodangaslandacentral388,Dodangaslanda Central 388
gn.dodangaslandaeast710c,Dodangaslanda East 710/C
gn.dodangaslandaihala270c,Dodangaslanda Ihala 270/C
gn.dodangaslandaihala317,Dodangaslanda Ihala 317
gn.dodangaslandaihala660,Dodangaslanda Ihala 660
gn.dodangaslandanorth,Dodangaslanda North
gn.dodangaslandapahala,Dodangaslanda Pahala
gn.dodangaslandapahala622,Dodangaslanda Pahala 622
gn.dodangaslandapahala867b,Dodangaslanda Pahala 867/B
gn.dodangaslandasouth,Dodangaslanda South
gn.dodangaslandawest,Dodangaslanda West
gn.dodangaslandawest854c,Dodangaslanda West 854/C
gn.dodangoda235a,Dodangoda 235/A
gn.dodangoda308a,Dodangoda 308/A
gn.dodangodacentral417a,Dodangoda Central 417/A
gn.dodangodaeast490,Dodangoda East 490
gn.dodangodaeast490c,Dodangoda East 490/C
gn.dodangodaeast87b,Dodangoda East 87/B
gn.dodangodaihala143,Dodangoda Ihala 143
gn.dodangodaihala155,Dodangoda Ihala 155
gn.dodangodaihala420b,Dodangoda Ihala 420/B
gn.dodangodaihala447a,Dodangoda Ihala 447/A
gn.dodangodaihala844a,Dodangoda Ihala 844/A
gn.dodangodanorth256c,Dodangoda North 256/C
gn.dodangodanorth572b,Dodangoda North 572/B
gn.dodangodapahala,Dodangoda Pahala
gn.dodangodapahala394,Dodangoda Pahala 394
gn.dodangodapahala455,Dodangoda Pahala 455
gn.dodangodasouth269b,Dodangoda South 269/B
gn.dodangodasouth680a,Dodangoda South 680/A
gn.dodangodasouth728,Dodangoda South 728
gn.dodangodasouth983b,Dodangoda South 983/B
gn.dompe,Dompe
gn.dompe85,Dompe 85
gn.dompecentral463,Dompe Central 463
gn.dompeeast,Dompe East
gn.dompeeast287b,Dompe East 287/B
gn.dompeeast6,Dompe East 6
gn.dompeeast806c,Dompe East 806/C
gn.dompeihala,Dompe Ihala
gn.dompeihala248b,Dompe Ihala 248/B
gn.dompeihala444b,Dompe Ihala 444/B
gn.dompenorth800c,Dompe North 800/C
gn.dompepahala,Dompe Pahala
gn.dompepahala11a,Dompe Pahala 11/A
gn.dompepahala591,Dompe Pahala 591
gn.dompepahala609a,Dompe Pahala 609/A
gn.dompesouth855,Dompe South 855
gn.dompewest323a,Dompe West 323/A
gn.dompewest781c,Dompe West 781/C
gn.eheliyagoda,Eheliyagoda
gn.eheliyagoda110b,Eheliyagoda 110/B
gn.eheliyagodacentral,Eheliyagoda Central
gn.eheliyagodacentral563c,Eheliyagoda Central 563/C
gn.eheliyagodacentral787,Eheliyagoda Central 787
gn.eheliyagodaeast,Eheliyagoda East
gn.eheliyagodaihala,Eheliyagoda Ihala
gn.eheliyagodaihala424,Eheliyagoda Ihala 424
gn.eheliyagodaihala63a,Eheliyagoda Ihala 63/A
gn.eheliyagodaihala667b,Eheliyagoda Ihala 667/B
gn.eheliyagodanorth,Eheliyagoda North
gn.eheliyagodanorth228,Eheliyagoda North 228
gn.eheliyagodanorth233b,Eheliyagoda North 233/B
gn.eheliyagodanorth263b,Eheliyagoda North 263/B
gn.eheliyagodanorth332a,Eheliyagoda North 332/A
gn.eheliyagodanorth512,Eheliyagoda North 512
gn.eheliyagodanorth847c,Eheliyagoda North 847/C
gn.eheliyagodapahala,Eheliyagoda Pahala
gn.eheliyagodapahala887c,Eheliyagoda Pahala 887/C
gn.eheliyagodawest,Eheliyagoda West
gn.eheliyagodawest135a,Eheliyagoda West 135/A
gn.elahera,Elahera
gn.elahera151,Elahera 151
gn.elahera343,Elahera 343
gn.elahera513,Elahera 513
gn.elaheracentral770,Elahera Central 770
gn.elaheraeast,Elahera East
gn.elaheraeast383,Elahera East 383
gn.elaheraeast530,Elahera East 530
gn.elaheraihala238c,Elahera Ihala 238/C
gn.elaheranorth599c,Elahera North 599/C
gn.elaheranorth889b,Elahera North 889/B
gn.elaheranorth953a,Elahera North 953/A
gn.elaherapahala,Elahera Pahala
gn.elaherapahala164c,Elahera Pahala 164/C
gn.elaherapahala207a,Elahera Pahala 207/A
gn.elaherapahala869,Elahera Pahala 869
gn.elaherasouth,Elahera South
gn.elaherasouth294a,Elahera South 294/A
gn.elaherasouth420a,Elahera South 420/A
gn.elaherasouth7a,Elahera South 7/A
gn.elaherasouth749a,Elahera South 749/A
gn.elaherawest,Elahera West
gn.elaherawest495,Elahera West 495
gn.elpitiya145,Elpitiya 145
gn.elpitiya15b,Elpitiya 15/B
gn.elpitiya264b,Elpitiya 264/B
gn.elpitiya38c,Elpitiya 38/C
gn.elpitiya437c,Elpitiya 437/C
gn.elpitiyacentral,Elpitiya Central
gn.elpitiyaeast,Elpitiya East
gn.elpitiyaeast300,Elpitiya East 300
gn.elpitiyaeast551a,Elpitiya East 551/A
gn.elpitiyaeast925b,Elpitiya East 925/B
gn.elpitiyaihala,Elpitiya Ihala
gn.elpitiyaihala615a,Elpitiya Ihala 615/A
gn.elpitiyaihala751a,Elpitiya Ihala 751/A
gn.elpitiyaihala797b,Elpitiya Ihala 797/B
gn.elpitiyanorth218b,Elpitiya North 218/B
gn.elpitiyanorth258a,Elpitiya North 258/A
gn.elpitiyanorth847a,Elpitiya North 847/A
gn.elpitiyapahala244c,Elpitiya Pahala 244/C
gn.elpitiyapahala289c,Elpitiya Pahala 289/C
gn.elpitiyapahala310,Elpitiya Pahala 310
gn.elpitiyapahala413c,Elpitiya Pahala 413/C
gn.elpitiyapahala625a,Elpitiya Pahala 625/A
gn.elpitiyasouth468c,Elpitiya South 468/C
gn.elpitiyawest753a,Elpitiya West 753/A
gn.elpitiyawest806a,Elpitiya West 806/A
gn.eppawala,Eppawala
gn.eppawala662,Eppawala 662
gn.eppawalacentral,Eppawala Central
gn.eppawalacentral417b,Eppawala Central 417/B
gn.eppawalacentral64c,Eppawala Central 64/C
gn.eppawalacentral727c,Eppawala Central 727/C
gn.eppawalacentral922c,Eppawala Central 922/C
gn.eppawalaeast,Eppawala East
gn.eppawalaihala,Eppawala Ihala
gn.eppawalaihala129,Eppawala Ihala 129
gn.eppawalaihala174c,Eppawala Ihala 174/C
gn.eppawalaihala299,Eppawala Ihala 299
gn.eppawalaihala456a,Eppawala Ihala 456/A
gn.eppawalaihala612a,Eppawala Ihala 612/A
gn.eppawalanorth225c,Eppawala North 225/C
gn.eppawalanorth403a,Eppawala North 403/A
gn.eppawalapahala,Eppawala Pahala
gn.eppawalawest250a,Eppawala West 250/A
gn.eppawalawest284a,Eppawala West 284/A
gn.eppawalawest426,Eppawala West 426
gn.eppawalawest889c,Eppawala West 889/C
gn.eppawalawest948a,Eppawala West 948/A
gn.eravur329b,Eravur 329/B
gn.eravurcentral,Eravur Central
gn.eravurcentral153a,Eravur Central 153/A
gn.eravurcentral669c,Eravur Central 669/C
gn.eravurihala,Eravur Ihala
gn.eravurihala2,Eravur Ihala 2
gn.eravurihala603b,Eravur Ihala 603/B
gn.eravurnorth,Eravur North
gn.eravurnorth217c,Eravur North 217/C
gn.eravurnorth506c,Eravur North 506/C
gn.eravurnorth653c,Eravur North 653/C
gn.eravurpahala853,Eravur Pahala 853
gn.eravursouth429a,Eravur South 429/A
gn.eravurwest,Eravur West
gn.galdeniya823b,Galdeniya 823/B
gn.galdeniyacentral187c,Galdeniya Central 187/C
gn.galdeniyaihala,Galdeniya Ihala
gn.galdeniyaihala181b,Galdeniya Ihala 181/B
gn.galdeniyaihala868c,Galdeniya Ihala 868/C
gn.galdeniyaihala96,Galdeniya Ihala 96
gn.galdeniyanorth,Galdeniya North
gn.galdeniyapahala,Galdeniya Pahala
gn.galdeniyapahala105a,Galdeniya Pahala 105/A
gn.galdeniyasouth,Galdeniya South
gn.galenbindunuwewa,Galenbindunuwewa
gn.galenbindunuwewacentral100c,Galenbindunuwewa Central 100/C
gn.galenbindunuwewacentral395a,Galenbindunuwewa Central 395/A
gn.galenbindunuwewacentral493,Galenbindunuwewa Central 493
gn.galenbindunuwewaihala,Galenbindunuwewa Ihala
gn.galenbindunuwewanorth323c,Galenbindunuwewa North 323/C
gn.galenbindunuwewanorth330c,Galenbindunuwewa North 330/C
gn.galenbindunuwewanorth604,Galenbindunuwewa North 604
gn.galenbindunuwewanorth620b,Galenbindunuwewa North 620/B
gn.galenbindunuwewapahala155,Galenbindunuwewa Pahala 155
gn.galenbindunuwewapahala313,Galenbindunuwewa Pahala 313
gn.galewela,Galewela
gn.galewelacentral742a,Galewela Central 742/A
gn.galewelacentral911a,Galewela Central 911/A
gn.galewelaeast214b,Galewela East 214/B
gn.galewelaeast974a,Galewela East 974/A
gn.galewelaihala,Galewela Ihala
gn.galewelanorth283c,Galewela North 283/C
gn.galewelanorth780a,Galewela North 780/A
gn.galewelapahala509b,Galewela Pahala 509/B
gn.galewelasouth905a,Galewela South 905/A
gn.galewelawest,Galewela West
gn.galgala,Galgala
gn.galgala536c,Galgala 536/C
gn.galgala600b,Galgala 600/B
gn.galgalacentral717a,Galgala Central 717/A
gn.galgalaeast,Galgala East
gn.galgalaihala,Galgala Ihala
gn.galgalaihala313b,Galgala Ihala 313/B
gn.galgalanorth,Galgala North
gn.galgalanorth172,Galgala North 172
gn.galgalapahala182,Galgala Pahala 182
gn.galgalasouth308c,Galgala South 308/C
gn.galgalawest753,Galgala West 753
gn.galgama880c,Galgama 880/C
gn.galgamacentral,Galgama Central
gn.galgamacentral269c,Galgama Central 269/C
gn.galgamacentral294a,Galgama Central 294/A
gn.galgamacentral890,Galgama Central 890
gn.galgamacentral931c,Galgama Central 931/C
gn.galgamaihala640,Galgama Ihala 640
gn.galgamaihala738b,Galgama Ihala 738/B
gn.galgamaihala846b,Galgama Ihala 846/B
gn.galgamanorth927a,Galgama North 927/A
gn.galgamapahala,Galgama Pahala
gn.galgamapahala833c,Galgama Pahala 833/C
gn.galgamapahala913c,Galgama Pahala 913/C
gn.galgamawest,Galgama West
gn.galgamuwa,Galgamuwa
gn.galgamuwa184a,Galgamuwa 184/A
gn.galgamuwa19c,Galgamuwa 19/C
gn.galgamuwa80b,Galgamuwa 80/B
gn.galgamuwacentral,Galgamuwa Central
gn.galgamuwacentral417a,Galgamuwa Central 417/A
gn.galgamuwacentral636,Galgamuwa Central 636
gn.galgamuwacentral638a,Galgamuwa Central 638/A
gn.galgamuwacentral724,Galgamuwa Central 724
gn.galgamuwaeast,Galgamuwa East
gn.galgamuwaeast359,Galgamuwa East 359
gn.galgamuwaeast823a,Galgamuwa East 823/A
gn.galgamuwaeast978c,Galgamuwa East 978/C
gn.galgamuwaihala192a,Galgamuwa Ihala 192/A
gn.galgamuwaihala809b,Galgamuwa Ihala 809/B
gn.galgamuwanorth,Galgamuwa North
gn.galgamuwanorth968,Galgamuwa North 968
gn.galgamuwapahala,Galgamuwa Pahala
gn.galgamuwapahala172c,Galgamuwa Pahala 172/C
gn.galgamuwapahala332c,Galgamuwa Pahala 332/C
gn.galgamuwapahala410a,Galgamuwa Pahala 410/A
gn.galgamuwapahala46,Galgamuwa Pahala 46
gn.galgamuwapahala572b,Galgamuwa Pahala 572/B
gn.galgamuwapahala926a,Galgamuwa Pahala 926/A
gn.galgamuwapahala991,Galgamuwa Pahala 991
gn.galgamuwasouth,Galgamuwa South
gn.galgamuwasouth632a,Galgamuwa South 632/A
gn.galgamuwasouth822,Galgamuwa South 822
gn.galgamuwawest,Galgamuwa West
gn.galgamuwawest602b,Galgamuwa West 602/B
gn.galgedara,Galgedara
gn.galgedara138c,Galgedara 138/C
gn.galgedaracentral544a,Galgedara Central 544/A
gn.galgedaracentral592,Galgedara Central 592
gn.galgedaraeast,Galgedara East
gn.galgedaraeast336c,Galgedara East 336/C
gn.galgedaraihala171b,Galgedara Ihala 171/B
gn.galgedaranorth,Galgedara North
gn.galgedarapahala185,Galgedara Pahala 185
gn.galgedarasouth,Galgedara South
gn.galgedarawest145,Galgedara West 145
gn.galgedarawest34c,Galgedara West 34/C
gn.galgedarawest439b,Galgedara West 439/B
gn.galgedarawest56a,Galgedara West 56/A
gn.galgoda976b,Galgoda 976/B
gn.galgodacentral,Galgoda Central
gn.galgodacentral641c,Galgoda Central 641/C
gn.galgodaeast579c,Galgoda East 579/C
gn.galgodaeast660b,Galgoda East 660/B
gn.galgodanorth,Galgoda North
gn.galgodanorth161c,Galgoda North 161/C
gn.galgodapahala,Galgoda Pahala
gn.galgodapahala812,Galgoda Pahala 812
gn.galgodasouth817a,Galgoda South 817/A
gn.galgodawest891c,Galgoda West 891/C
gn.galhena56c,Galhena 56/C
gn.galhenacentral,Galhena Central
gn.galhenacentral482,Galhena Central 482
gn.galhenacentral663c,Galhena Central 663/C
gn.galhenaeast,Galhena East
gn.galhenaeast439,Galhena East 439
gn.galhenaeast793a,Galhena East 793/A
gn.galhenanorth649a,Galhena North 649/A
gn.galhenapahala,Galhena Pahala
gn.galhenapahala38c,Galhena Pahala 38/C
gn.galhenapahala754a,Galhena Pahala 754/A
gn.galhenasouth65b,Galhena South 65/B
gn.galhenawest744c,Galhena West 744/C
gn.galigamuwa,Galigamuwa
gn.galigamuwa313,Galigamuwa 313
gn.galigamuwa69b,Galigamuwa 69/B
gn.galigamuwacentral,Galigamuwa Central
gn.galigamuwacentral157b,Galigamuwa Central 157/B
gn.galigamuwacentral171c,Galigamuwa Central 171/C
gn.galigamuwacentral748b,Galigamuwa Central 748/B
gn.galigamuwaeast,Galigamuwa East
gn.galigamuwaihala,Galigamuwa Ihala
gn.galigamuwaihala81a,Galigamuwa Ihala 81/A
gn.galigamuwanorth,Galigamuwa North
gn.galigamuwanorth26c,Galigamuwa North 26/C
gn.galigamuwanorth324c,Galigamuwa North 324/C
gn.galigamuwanorth34a,Galigamuwa North 34/A
gn.galigamuwapahala,Galigamuwa Pahala
gn.galigamuwasouth,Galigamuwa South
gn.galigamuwawest,Galigamuwa West
gn.galigamuwawest4,Galigamuwa West 4
gn.galigamuwawest443a,Galigamuwa West 443/A
gn.galkaduwa,Galkaduwa
gn.galkaduwa395c,Galkaduwa 395/C
gn.galkaduwacentral165a,Galkaduwa Central 165/A
gn.galkaduwacentral425c,Galkaduwa Central 425/C
gn.galkaduwacentral710,Galkaduwa Central 710
gn.galkaduwaeast207,Galkaduwa East 207
gn.galkaduwaeast420,Galkaduwa East 420
gn.galkaduwaeast939c,Galkaduwa East 939/C
gn.galkaduwaihala402,Galkaduwa Ihala 402
gn.galkaduwaihala532b,Galkaduwa Ihala 532/B
gn.galkaduwanorth,Galkaduwa North
gn.galkaduwasouth,Galkaduwa South
gn.galkaduwasouth49a,Galkaduwa South 49/A
gn.galkaduwasouth89c,Galkaduwa South 89/C
gn.galkaduwawest479,Galkaduwa West 479
gn.galkandacentral179c,Galkanda Central 179/C
gn.galkandaeast,Galkanda East
gn.galkandaeast62b,Galkanda East 62/B
gn.galkandaeast720,Galkanda East 720
gn.galkandaihala121a,Galkanda Ihala 121/A
gn.galkandaihala998b,Galkanda Ihala 998/B
gn.galkandanorth,Galkanda North
gn.galkandanorth427b,Galkanda North 427/B
gn.galkandanorth704a,Galkanda North 704/A
gn.galkandapahala,Galkanda Pahala
gn.galkandapahala99c,Galkanda Pahala 99/C
gn.galkandawest,Galkanda West
gn.galkandawest243,Galkanda West 243
gn.galkandawest639c,Galkanda West 639/C
gn.galkumbura142a,Galkumbura 142/A
gn.galkumbura309a,Galkumbura 309/A
gn.galkumburacentral,Galkumbura Central
gn.galkumburacentral88,Galkumbura Central 88
gn.galkumburacentral978a,Galkumbura Central 978/A
gn.galkumburanorth,Galkumbura North
gn.galkumburanorth131a,Galkumbura North 131/A
gn.galkumburanorth859c,Galkumbura North 859/C
gn.galkumburapahala,Galkumbura Pahala
gn.galkumburapahala199a,Galkumbura Pahala 199/A
gn.galkumburapahala281c,Galkumbura Pahala 281/C
gn.galkumburapahala404c,Galkumbura Pahala 404/C
gn.galkumburapahala993a,Galkumbura Pahala 993/A
gn.galkumburasouth339,Galkumbura South 339
gn.galkumburasouth413b,Galkumbura South 413/B
gn.galkumburasouth792c,Galkumbura South 792/C
gn.galkumburawest780,Galkumbura West 780
gn.galkumburawest873,Galkumbura West 873
gn.galle,Galle
gn.galle434c,Galle 434/C
gn.galle904c,Galle 904/C
gn.gallecentral,Galle Central
gn.gallecentral11b,Galle Central 11/B
gn.gallecentral659b,Galle Central 659/B
gn.gallecentral795c,Galle Central 795/C
gn.galleeast,Galle East
gn.galleeast146b,Galle East 146/B
gn.galleeast608,Galle East 608
gn.galleeast969c,Galle East 969/C
gn.galleihala832b,Galle Ihala 832/B
gn.gallenorth,Galle North
gn.gallenorth433c,Galle North 433/C
gn.gallepahala,Galle Pahala
gn.gallepahala392b,Galle Pahala 392/B
gn.gallesouth,Galle South
gn.gallesouth186a,Galle South 186/A
gn.gallesouth226c,Galle South 226/C
gn.gallewest,Galle West
gn.gallewest135a,Galle West 135/A
gn.gallewest198,Galle West 198
gn.gallewest80c,Galle West 80/C
gn.galmulla769,Galmulla 769
gn.galmullaeast129b,Galmulla East 129/B
gn.galmullaeast642b,Galmulla East 642/B
gn.galmullaeast732,Galmulla East 732
gn.galmullaihala247b,Galmulla Ihala 247/B
gn.galmullaihala360c,Galmulla Ihala 360/C
gn.galmullapahala,Galmulla Pahala
gn.galmullasouth,Galmulla South
gn.galmullasouth240a,Galmulla South 240/A
gn.galmullasouth288a,Galmulla South 288/A
gn.galmullawest619b,Galmulla West 619/B
gn.galnewa346,Galnewa 346
gn.galnewa975c,Galnewa 975/C
gn.galnewacentral,Galnewa Central
gn.galnewacentral162c,Galnewa Central 162/C
gn.galnewacentral873,Galnewa Central 873
gn.galnewacentral888a,Galnewa Central 888/A
gn.galnewaeast,Galnewa East
gn.galnewaeast901c,Galnewa East 901/C
gn.galnewaihala,Galnewa Ihala
gn.galnewaihala250,Galnewa Ihala 250
gn.galnewaihala250a,Galnewa Ihala 250/A
gn.galnewaihala459c,Galnewa Ihala 459/C
gn.galnewaihala617b,Galnewa Ihala 617/B
gn.galnewaihala923,Galnewa Ihala 923
gn.galnewanorth,Galnewa North
gn.galnewanorth712,Galnewa North 712
gn.galnewapahala,Galnewa Pahala
gn.galnewapahala185c,Galnewa Pahala 185/C
gn.galnewapahala316c,Galnewa Pahala 316/C
gn.galnewapahala324c,Galnewa Pahala 324/C
gn.galnewapahala37c,Galnewa Pahala 37/C
gn.galnewapahala757a,Galnewa Pahala 757/A
gn.galnewasouth75,Galnewa South 75
gn.galnewawest,Galnewa West
gn.galnewawest25b,Galnewa West 25/B
gn.galnewawest298c,Galnewa West 298/C
gn.galoyacentral599b,Galoya Central 599/B
gn.galoyacentral862,Galoya Central 862
gn.galoyaeast,Galoya East
gn.galoyaeast191b,Galoya East 191/B
gn.galoyanorth,Galoya North
gn.galoyanorth239,Galoya North 239
gn.galoyanorth961,Galoya North 961
gn.galoyapahala75,Galoya Pahala 75
gn.galoyasouth65b,Galoya South 65/B
gn.galoyawest829c,Galoya West 829/C
gn.galpitiya120b,Galpitiya 120/B
gn.galpitiya147c,Galpitiya 147/C
gn.galpitiya686,Galpitiya 686
gn.galpitiya913b,Galpitiya 913/B
gn.galpitiyacentral268b,Galpitiya Central 268/B
gn.galpitiyacentral937,Galpitiya Central 937
gn.galpitiyaeast295a,Galpitiya East 295/A
gn.galpitiyaeast605a,Galpitiya East 605/A
gn.galpitiyaihala351,Galpitiya Ihala 351
gn.galpitiyapahala101a,Galpitiya Pahala 101/A
gn.galpitiyapahala293,Galpitiya Pahala 293
gn.galpitiyapahala573a,Galpitiya Pahala 573/A
gn.galpitiyasouth121a,Galpitiya South 121/A
gn.galpitiyawest,Galpitiya West
gn.galpitiyawest103c,Galpitiya West 103/C
gn.galpura604b,Galpura 604/B
gn.galpura785c,Galpura 785/C
gn.galpuraeast,Galpura East
gn.galpuraihala,Galpura Ihala
gn.galpuranorth244,Galpura North 244
gn.galpurapahala,Galpura Pahala
gn.galpurapahala389,Galpura Pahala 389
gn.galpurapahala397,Galpura Pahala 397
gn.galpurapahala62a,Galpura Pahala 62/A
gn.galpurapahala857a,Galpura Pahala 857/A
gn.galpurapahala95a,Galpura Pahala 95/A
gn.galpurasouth638c,Galpura South 638/C
gn.galpurasouth962a,Galpura South 962/A
gn.galpurawest,Galpura West
gn.galpurawest618,Galpura West 618
gn.galtota,Galtota
gn.galtota381a,Galtota 381/A
gn.galtota722b,Galtota 722/B
gn.galtota859b,Galtota 859/B
gn.galtotacentral,Galtota Central
gn.galtotacentral863a,Galtota Central 863/A
gn.galtotaihala622,Galtota Ihala 622
gn.galtotanorth,Galtota North
gn.galtotanorth550,Galtota North 550
gn.galtotanorth881a,Galtota North 881/A
gn.galtotapahala261,Galtota Pahala 261
gn.galtotapahala382c,Galtota Pahala 382/C
gn.galtotapahala727a,Galtota Pahala 727/A
gn.galtotasouth627b,Galtota South 627/B
gn.galtotasouth93c,Galtota South 93/C
gn.galtotawest744c,Galtota West 744/C
gn.galtotawest817c,Galtota West 817/C
gn.galwatta252a,Galwatta 252/A
gn.galwatta86,Galwatta 86
gn.galwattacentral889a,Galwatta Central 889/A
gn.galwattacentral895c,Galwatta Central 895/C
gn.galwattaeast,Galwatta East
gn.galwattaihala159,Galwatta Ihala 159
gn.galwattanorth564a,Galwatta North 564/A
gn.galwattapahala,Galwatta Pahala
gn.galwattapahala545a,Galwatta Pahala 545/A
gn.galwattapahala887a,Galwatta Pahala 887/A
gn.galwattasouth,Galwatta South
gn.galwattasouth370a,Galwatta South 370/A
gn.galwattasouth401a,Galwatta South 401/A
gn.galwattasouth985a,Galwatta South 985/A
gn.galwattawest,Galwatta West
gn.galwela,Galwela
gn.galwela761a,Galwela 761/A
gn.galwelacentral,Galwela Central
gn.galwelacentral338b,Galwela Central 338/B
gn.galwelacentral407,Galwela Central 407
gn.galwelacentral432c,Galwela Central 432/C
gn.galwelaeast303b,Galwela East 303/B
gn.galwelaihala,Galwela Ihala
gn.galwelaihala677b,Galwela Ihala 677/B
gn.galwelanorth450a,Galwela North 450/A
gn.galwelanorth970c,Galwela North 970/C
gn.galwelapahala,Galwela Pahala
gn.galwelapahala172,Galwela Pahala 172
gn.galwelapahala875b,Galwela Pahala 875/B
gn.galwelasouth703a,Galwela South 703/A
gn.galwelawest161b,Galwela West 161/B
gn.gampaha,Gampaha
gn.gampahacentral,Gampaha Central
gn.gampahacentral387a,Gampaha Central 387/A
gn.gampahacentral662b,Gampaha Central 662/B
gn.gampahaeast,Gampaha East
gn.gampahaeast562,Gampaha East 562
gn.gampahaihala51a,Gampaha Ihala 51/A
gn.gampahaihala767c,Gampaha Ihala 767/C
gn.gampahanorth,Gampaha North
gn.gampahanorth164c,Gampaha North 164/C
gn.gampahanorth256a,Gampaha North 256/A
gn.gampahanorth865b,Gampaha North 865/B
gn.gampahanorth889,Gampaha North 889
gn.gampahapahala,Gampaha Pahala
gn.gampahapahala262b,Gampaha Pahala 262/B
gn.gampahapahala452a,Gampaha Pahala 452/A
gn.gampahapahala456b,Gampaha Pahala 456/B
gn.gampahapahala711c,Gampaha Pahala 711/C
gn.gampahasouth,Gampaha South
gn.gampahasouth37,Gampaha South 37
gn.gampahasouth442b,Gampaha South 442/B
gn.gampahasouth774c,Gampaha South 774/C
gn.gampahawest,Gampaha West
gn.gampahawest161,Gampaha West 161
gn.gampahawest45a,Gampaha West 45/A
gn.gampahawest521a,Gampaha West 521/A
gn.gampola829c,Gampola 829/C
gn.gampola852a,Gampola 852/A
gn.gampolacentral,Gampola Central
gn.gampolacentral244b,Gampola Central 244/B
gn.gampolacentral936,Gampola Central 936
gn.gampolacentral985a,Gampola Central 985/A
gn.gampolaeast339,Gampola East 339
gn.gampolaeast948a,Gampola East 948/A
gn.gampolaihala,Gampola Ihala
gn.gampolaihala114,Gampola Ihala 114
gn.gampolaihala122c,Gampola Ihala 122/C
gn.gampolanorth154b,Gampola North 154/B
gn.gampolanorth199c,Gampola North 199/C
gn.gampolanorth526a,Gampola North 526/A
gn.gampolanorth589c,Gampola North 589/C
gn.gampolanorth808a,Gampola North 808/A
gn.gampolapahala195b,Gampola Pahala 195/B
gn.gampolasouth,Gampola South
gn.gampolawest,Gampola West
gn.gampolawest415c,Gampola West 415/C
gn.gampolawest603a,Gampola West 603/A
gn.gampolawest808b,Gampola West 808/B
gn.ginideniya,Ginideniya
gn.ginideniya742c,Ginideniya 742/C
gn.ginideniyaeast,Ginideniya East
gn.ginideniyaeast851a,Ginideniya East 851/A
gn.ginideniyaihala175b,Ginideniya Ihala 175/B
gn.ginideniyaihala56,Ginideniya Ihala 56
gn.ginideniyapahala464c,Ginideniya Pahala 464/C
gn.ginideniyapahala539c,Ginideniya Pahala 539/C
gn.ginideniyawest261,Ginideniya West 261
gn.ginideniyawest952a,Ginideniya West 952/A
gn.ginigala575b,Ginigala 575/B
gn.ginigalacentral,Ginigala Central
gn.ginigalacentral226b,Ginigala Central 226/B
gn.ginigalaeast,Ginigala East
gn.ginigalaeast490a,Ginigala East 490/A
gn.ginigalaeast546b,Ginigala East 546/B
gn.ginigalaihala253b,Ginigala Ihala 253/B
gn.ginigalaihala266a,Ginigala Ihala 266/A
gn.ginigalaihala359a,Ginigala Ihala 359/A
gn.ginigalaihala551,Ginigala Ihala 551
gn.ginigalaihala690,Ginigala Ihala 690
gn.ginigalanorth,Ginigala North
gn.ginigalapahala,Ginigala Pahala
gn.ginigalasouth,Ginigala South
gn.ginigalasouth399,Ginigala South 399
gn.ginigalasouth764c,Ginigala South 764/C
gn.ginigalawest,Ginigala West
gn.ginigalawest809b,Ginigala West 809/B
gn.ginigama267c,Ginigama 267/C
gn.ginigama443b,Ginigama 443/B
gn.ginigamaeast109,Ginigama East 109
gn.ginigamaeast972,Ginigama East 972
gn.ginigamaihala,Ginigama Ihala
gn.ginigamanorth500b,Ginigama North 500/B
gn.ginigamapahala279a,Ginigama Pahala 279/A
gn.ginigamawest,Ginigama West
gn.ginigamuwa157c,Ginigamuwa 157/C
gn.ginigamuwacentral,Ginigamuwa Central
gn.ginigamuwacentral84,Ginigamuwa Central 84
gn.ginigamuwaihala,Ginigamuwa Ihala
gn.ginigamuwaihala489,Ginigamuwa Ihala 489
gn.ginigamuwanorth,Ginigamuwa North
gn.ginigamuwapahala,Ginigamuwa Pahala
gn.ginigamuwasouth,Ginigamuwa South
gn.ginigamuwasouth66a,Ginigamuwa South 66/A
gn.ginigamuwawest,Ginigamuwa West
gn.ginigedara729,Ginigedara 729
gn.ginigedaracentral363c,Ginigedara Central 363/C
gn.ginigedaracentral774,Ginigedara Central 774
gn.ginigedaraeast215b,Ginigedara East 215/B
gn.ginigedaraihala,Ginigedara Ihala
gn.ginigedaraihala807,Ginigedara Ihala 807
gn.ginigedaranorth,Ginigedara North
gn.ginigedaranorth463c,Ginigedara North 463/C
gn.ginigedaranorth730b,Ginigedara North 730/B
gn.ginigedaranorth943,Ginigedara North 943
gn.ginigedarapahala,Ginigedara Pahala
gn.ginigedarapahala473c,Ginigedara Pahala 473/C
gn.ginigedarawest,Ginigedara West
gn.ginigedarawest407,Ginigedara West 407
gn.ginigedarawest969a,Ginigedara West 969/A
gn.ginigoda730a,Ginigoda 730/A
gn.ginigoda981b,Ginigoda 981/B
gn.ginigodacentral,Ginigoda Central
gn.ginigodacentral489,Ginigoda Central 489
gn.ginigodacentral552c,Ginigoda Central 552/C
gn.ginigodacentral638b,Ginigoda Central 638/B
gn.ginigodacentral965,Ginigoda Central 965
gn.ginigodaeast,Ginigoda East
gn.ginigodaeast208a,Ginigoda East 208/A
gn.ginigodaeast309,Ginigoda East 309
gn.ginigodaeast705c,Ginigoda East 705/C
gn.ginigodaihala621b,Ginigoda Ihala 621/B
gn.ginigodanorth,Ginigoda North
gn.ginigodanorth107b,Ginigoda North 107/B
gn.ginigodanorth718b,Ginigoda North 718/B
gn.ginigodapahala,Ginigoda Pahala
gn.ginigodapahala848a,Ginigoda Pahala 848/A
gn.ginigodawest660c,Ginigoda West 660/C
gn.ginihena,Ginihena
gn.ginihena516b,Ginihena 516/B
gn.ginihenacentral,Ginihena Central
gn.ginihenaeast203c,Ginihena East 203/C
gn.ginihenaeast282b,Ginihena East 282/B
gn.ginihenaeast456a,Ginihena East 456/A
gn.ginihenaihala,Ginihena Ihala
gn.ginihenaihala795b,Ginihena Ihala 795/B
gn.ginihenanorth,Ginihena North
gn.ginihenapahala932b,Ginihena Pahala 932/B
gn.ginihenasouth,Ginihena South
gn.ginihenawest55b,Ginihena West 55/B
gn.ginihenawest997c,Ginihena West 997/C
gn.ginikaduwa,Ginikaduwa
gn.ginikaduwa347b,Ginikaduwa 347/B
gn.ginikaduwa917c,Ginikaduwa 917/C
gn.ginikaduwacentral549b,Ginikaduwa Central 549/B
gn.ginikaduwacentral814a,Ginikaduwa Central 814/A
gn.ginikaduwaeast,Ginikaduwa East
gn.ginikaduwaeast722b,Ginikaduwa East 722/B
gn.ginikaduwaihala,Ginikaduwa Ihala
gn.ginikaduwaihala519,Ginikaduwa Ihala 519
gn.ginikaduwaihala783a,Ginikaduwa Ihala 783/A
gn.ginikaduwanorth,Ginikaduwa North
gn.ginikaduwanorth678a,Ginikaduwa North 678/A
gn.ginikaduwapahala176,Ginikaduwa Pahala 176
gn.ginikaduwapahala384c,Ginikaduwa Pahala 384/C
gn.ginikaduwapahala646b,Ginikaduwa Pahala 646/B
gn.ginikaduwapahala931c,Ginikaduwa Pahala 931/C
gn.ginikaduwasouth,Ginikaduwa South
gn.ginikandaeast,Ginikanda East
gn.ginikandaeast128a,Ginikanda East 128/A
gn.ginikandanorth,Ginikanda North
gn.ginikandanorth87c,Ginikanda North 87/C
gn.ginikandapahala,Ginikanda Pahala
gn.ginikandapahala195c,Ginikanda Pahala 195/C
gn.ginikandapahala465,Ginikanda Pahala 465
gn.ginikandasouth,Ginikanda South
gn.ginikandasouth461c,Ginikanda South 461/C
gn.ginikumbura562,Ginikumbura 562
gn.ginikumbura878,Ginikumbura 878
gn.ginikumburacentral928b,Ginikumbura Central 928/B
gn.ginikumburaihala,Ginikumbura Ihala
gn.ginikumburaihala294a,Ginikumbura Ihala 294/A
gn.ginikumburaihala539b,Ginikumbura Ihala 539/B
gn.ginikumburaihala836b,Ginikumbura Ihala 836/B
gn.ginikumburanorth389b,Ginikumbura North 389/B
gn.ginikumburanorth39c,Ginikumbura North 39/C
gn.ginikumburanorth409a,Ginikumbura North 409/A
gn.ginikumburanorth508a,Ginikumbura North 508/A
gn.ginikumburapahala776a,Ginikumbura Pahala 776/A
gn.ginikumburawest,Ginikumbura West
gn.ginikumburawest269a,Ginikumbura West 269/A
gn.ginikumburawest634a,Ginikumbura West 634/A
gn.ginimullacentral,Ginimulla Central
gn.ginimullaeast,Ginimulla East
gn.ginimullaeast742b,Ginimulla East 742/B
gn.ginimullaihala,Ginimulla Ihala
gn.ginimullaihala251a,Ginimulla Ihala 251/A
gn.ginimullaihala433c,Ginimulla Ihala 433/C
gn.ginimullanorth771c,Ginimulla North 771/C
gn.ginimullapahala,Ginimulla Pahala
gn.ginimullasouth,Ginimulla South
gn.ginimullasouth104c,Ginimulla South 104/C
gn.ginimullasouth716c,Ginimulla South 716/C
gn.ginioya911c,Ginioya 911/C
gn.ginioyacentral,Ginioya Central
gn.ginioyacentral145a,Ginioya Central 145/A
gn.ginioyacentral975c,Ginioya Central 975/C
gn.ginioyaeast301a,Ginioya East 301/A
gn.ginioyaeast790c,Ginioya East 790/C
gn.ginioyaihala,Ginioya Ihala
gn.ginioyanorth,Ginioya North
gn.ginioyanorth620a,Ginioya North 620/A
gn.ginioyanorth709c,Ginioya North 709/C
gn.ginioyapahala,Ginioya Pahala
gn.ginioyasouth,Ginioya South
gn.ginioyawest13b,Ginioya West 13/B
gn.ginipitiyacentral558,Ginipitiya Central 558
gn.ginipitiyaeast522b,Ginipitiya East 522/B
gn.ginipitiyaihala,Ginipitiya Ihala
gn.ginipitiyaihala779,Ginipitiya Ihala 779
gn.ginipitiyaihala833b,Ginipitiya Ihala 833/B
gn.ginipitiyanorth581c,Ginipitiya North 581/C
gn.ginipitiyapahala301c,Ginipitiya Pahala 301/C
gn.ginipitiyapahala892a,Ginipitiya Pahala 892/A
gn.ginipitiyasouth344b,Ginipitiya South 344/B
gn.ginipitiyawest,Ginipitiya West
gn.ginipitiyawest201a,Ginipitiya West 201/A
gn.ginipitiyawest205a,Ginipitiya West 205/A
gn.ginipitiyawest337a,Ginipitiya West 337/A
gn.ginipura783b,Ginipura 783/B
gn.ginipuracentral,Ginipura Central
gn.ginipuracentral683c,Ginipura Central 683/C
gn.ginipuraeast378a,Ginipura East 378/A
gn.ginipuraihala,Ginipura Ihala
gn.ginipuraihala866c,Ginipura Ihala 866/C
gn.ginipuranorth206b,Ginipura North 206/B
gn.ginipuranorth579b,Ginipura North 579/B
gn.ginipurapahala301c,Ginipura Pahala 301/C
gn.ginipurapahala375b,Ginipura Pahala 375/B
gn.ginipurasouth,Ginipura South
gn.ginipurawest672c,Ginipura West 672/C
gn.ginipurawest778c,Ginipura West 778/C
gn.ginipurawest953b,Ginipura West 953/B
gn.ginitota,Ginitota
gn.ginitota737a,Ginitota 737/A
gn.ginitota805b,Ginitota 805/B
gn.ginitota937b,Ginitota 937/B
gn.ginitotacentral928a,Ginitota Central 928/A
gn.ginitotaeast,Ginitota East
gn.ginitotaeast695a,Ginitota East 695/A
gn.ginitotaeast955c,Ginitota East 955/C
gn.ginitotaihala44a,Ginitota Ihala 44/A
gn.ginitotanorth264a,Ginitota North 264/A
gn.ginitotapahala,Ginitota Pahala
gn.ginitotapahala620,Ginitota Pahala 620
gn.ginitotapahala70b,Ginitota Pahala 70/B
gn.ginitotapahala844,Ginitota Pahala 844
gn.ginitotasouth,Ginitota South
gn.ginitotawest485,Ginitota West 485
gn.giniwatta872b,Giniwatta 872/B
gn.giniwattacentral,Giniwatta Central
gn.giniwattacentral120b,Giniwatta Central 120/B
gn.giniwattacentral247c,Giniwatta Central 247/C
gn.giniwattaeast177,Giniwatta East 177
gn.giniwattaeast818a,Giniwatta East 818/A
gn.giniwattaihala791b,Giniwatta Ihala 791/B
gn.giniwattapahala,Giniwatta Pahala
gn.giniwattapahala678b,Giniwatta Pahala 678/B
gn.giniwattapahala853b,Giniwatta Pahala 853/B
gn.giniwattapahala979b,Giniwatta Pahala 979/B
gn.giniwattasouth,Giniwatta South
gn.giniwattasouth32a,Giniwatta South 32/A
gn.giniwattawest306c,Giniwatta West 306/C
gn.giniwattawest530b,Giniwatta West 530/B
gn.giniwela901b,Giniwela 901/B
gn.giniwelacentral,Giniwela Central
gn.giniwelacentral121b,Giniwela Central 121/B
gn.giniwelacentral491a,Giniwela Central 491/A
gn.giniwelaihala,Giniwela Ihala
gn.giniwelaihala803c,Giniwela Ihala 803/C
gn.giniwelanorth,Giniwela North
gn.giniwelapahala715c,Giniwela Pahala 715/C
gn.giniwelapahala858a,Giniwela Pahala 858/A
gn.giniwelawest,Giniwela West
gn.giniwelawest176a,Giniwela West 176/A
gn.giriulla,Giriulla
gn.giriullacentral,Giriulla Central
gn.giriullacentral553,Giriulla Central 553
gn.giriullacentral775,Giriulla Central 775
gn.giriullacentral789,Giriulla Central 789
gn.giriullacentral844a,Giriulla Central 844/A
gn.giriullaeast,Giriulla East
gn.giriullaeast816c,Giriulla East 816/C
gn.giriullaeast84,Giriulla East 84
gn.giriullaihala191c,Giriulla Ihala 191/C
gn.giriullaihala547c,Giriulla Ihala 547/C
gn.giriullaihala644c,Giriulla Ihala 644/C
gn.giriullanorth462a,Giriulla North 462/A
gn.giriullanorth621c,Giriulla North 621/C
gn.giriullasouth596c,Giriulla South 596/C
gn.giriullawest,Giriulla West
gn.giriullawest265a,Giriulla West 265/A
gn.godakawela,Godakawela
gn.godakawela638c,Godakawela 638/C
gn.godakawela724b,Godakawela 724/B
gn.godakawela775c,Godakawela 775/C
gn.godakawelacentral,Godakawela Central
gn.godakawelacentral836a,Godakawela Central 836/A
gn.godakawelaeast,Godakawela East
gn.godakawelaeast331c,Godakawela East 331/C
gn.godakawelaeast86,Godakawela East 86
gn.godakawelaihala,Godakawela Ihala
gn.godakawelaihala561a,Godakawela Ihala 561/A
gn.godakawelanorth,Godakawela North
gn.godakawelanorth42b,Godakawela North 42/B
gn.godakawelanorth472a,Godakawela North 472/A
gn.godakawelapahala,Godakawela Pahala
gn.godakawelasouth629a,Godakawela South 629/A
gn.gomarankadawala105c,Gomarankadawala 105/C
gn.gomarankadawala330a,Gomarankadawala 330/A
gn.gomarankadawalacentral,Gomarankadawala Central
gn.gomarankadawalacentral453b,Gomarankadawala Central 453/B
gn.gomarankadawalacentral665,Gomarankadawala Central 665
gn.gomarankadawalaeast420a,Gomarankadawala East 420/A
gn.gomarankadawalaeast491a,Gomarankadawala East 491/A
gn.gomarankadawalaeast677a,Gomarankadawala East 677/A
gn.gomarankadawalaeast805c,Gomarankadawala East 805/C
gn.gomarankadawalaeast873c,Gomarankadawala East 873/C
gn.gomarankadawalaeast932b,Gomarankadawala East 932/B
gn.gomarankadawalaihala,Gomarankadawala Ihala
gn.gomarankadawalaihala188b,Gomarankadawala Ihala 188/B
gn.gomarankadawalanorth,Gomarankadawala North
gn.gomarankadawalanorth697c,Gomarankadawala North 697/C
gn.gomarankadawalapahala,Gomarankadawala Pahala
gn.gomarankadawalasouth,Gomarankadawala South
gn.gomarankadawalasouth264,Gomarankadawala South 264
gn.gomarankadawalasouth696c,Gomarankadawala South 696/C
gn.gomarankadawalasouth800c,Gomarankadawala South 800/C
gn.gomarankadawalawest448a,Gomarankadawala West 448/A
gn.habaraduwa,Habaraduwa
gn.habaraduwa203b,Habaraduwa 203/B
gn.habaraduwa206a,Habaraduwa 206/A
gn.habaraduwa534b,Habaraduwa 534/B
gn.habaraduwacentral,Habaraduwa Central
gn.habaraduwacentral566c,Habaraduwa Central 566/C
gn.habaraduwacentral737,Habaraduwa Central 737
gn.habaraduwaeast418b,Habaraduwa East 418/B
gn.habaraduwaeast66,Habaraduwa East 66
gn.habaraduwaihala236c,Habaraduwa Ihala 236/C
gn.habaraduwaihala303a,Habaraduwa Ihala 303/A
gn.habaraduwaihala960a,Habaraduwa Ihala 960/A
gn.habaraduwanorth114,Habaraduwa North 114
gn.habaraduwanorth137b,Habaraduwa North 137/B
gn.habaraduwanorth854a,Habaraduwa North 854/A
gn.habaraduwanorth911,Habaraduwa North 911
gn.habaraduwapahala,Habaraduwa Pahala
gn.habaraduwasouth135b,Habaraduwa South 135/B
gn.habaraduwasouth322a,Habaraduwa South 322/A
gn.habaraduwawest,Habaraduwa West
gn.habaraduwawest366,Habaraduwa West 366
gn.hakmanacentral357c,Hakmana Central 357/C
gn.hakmanaeast,Hakmana East
gn.hakmanaeast999,Hakmana East 999
gn.hakmanaihala18a,Hakmana Ihala 18/A
gn.hakmanaihala306c,Hakmana Ihala 306/C
gn.hakmanaihala633c,Hakmana Ihala 633/C
gn.hakmanaihala696b,Hakmana Ihala 696/B
gn.hakmananorth,Hakmana North
gn.hakmananorth84c,Hakmana North 84/C
gn.hakmanapahala,Hakmana Pahala
gn.hakmanapahala569,Hakmana Pahala 569
gn.hakmanapahala781c,Hakmana Pahala 781/C
gn.hakmanapahala798b,Hakmana Pahala 798/B
gn.hakmanawest,Hakmana West
gn.haliela474,Hali-Ela 474
gn.haliela735,Hali-Ela 735
gn.halielacentral200,Hali-Ela Central 200
gn.halielacentral439a,Hali-Ela Central 439/A
gn.halielacentral691a,Hali-Ela Central 691/A
gn.halielaeast681b,Hali-Ela East 681/B
gn.halielaihala221b,Hali-Ela Ihala 221/B
gn.halielaihala709c,Hali-Ela Ihala 709/C
gn.halielaihala927c,Hali-Ela Ihala 927/C
gn.halielanorth145b,Hali-Ela North 145/B
gn.halielanorth261,Hali-Ela North 261
gn.halielanorth276b,Hali-Ela North 276/B
gn.halielanorth467a,Hali-Ela North 467/A
gn.halielapahala285c,Hali-Ela Pahala 285/C
gn.halielapahala713a,Hali-Ela Pahala 713/A
gn.halielasouth263b,Hali-Ela South 263/B
gn.halielasouth512b,Hali-Ela South 512/B
gn.halielawest138b,Hali-Ela West 138/B
gn.hambantota,Hambantota
gn.hambantota351b,Hambantota 351/B
gn.hambantota976c,Hambantota 976/C
gn.hambantotacentral,Hambantota Central
gn.hambantotacentral32a,Hambantota Central 32/A
gn.hambantotaeast,Hambantota East
gn.hambantotaeast786b,Hambantota East 786/B
gn.hambantotaeast885c,Hambantota East 885/C
gn.hambantotaihala240,Hambantota Ihala 240
gn.hambantotaihala365b,Hambantota Ihala 365/B
gn.hambantotanorth,Hambantota North
gn.hambantotanorth691c,Hambantota North 691/C
gn.hambantotapahala,Hambantota Pahala
gn.hambantotapahala258a,Hambantota Pahala 258/A
gn.hambantotapahala58b,Hambantota Pahala 58/B
gn.hambantotapahala802a,Hambantota Pahala 802/A
gn.hambantotapahala874a,Hambantota Pahala 874/A
gn.hambantotapahala885a,Hambantota Pahala 885/A
gn.hambantotasouth,Hambantota South
gn.hambantotawest189a,Hambantota West 189/A
gn.hambantotawest198b,Hambantota West 198/B
gn.hambantotawest369a,Hambantota West 369/A
gn.hambantotawest897,Hambantota West 897
gn.hanguranketha249c,Hanguranketha 249/C
gn.hanguranketha300b,Hanguranketha 300/B
gn.hanguranketha625a,Hanguranketha 625/A
gn.hangurankethacentral,Hanguranketha Central
gn.hangurankethacentral811a,Hanguranketha Central 811/A
gn.hangurankethaeast,Hanguranketha East
gn.hangurankethaeast116c,Hanguranketha East 116/C
gn.hangurankethaeast151,Hanguranketha East 151
gn.hangurankethaeast483,Hanguranketha East 483
gn.hangurankethaeast61,Hanguranketha East 61
gn.hangurankethaihala,Hanguranketha Ihala
gn.hangurankethaihala261b,Hanguranketha Ihala 261/B
gn.hangurankethaihala628c,Hanguranketha Ihala 628/C
gn.hangurankethaihala730,Hanguranketha Ihala 730
gn.hangurankethanorth523c,Hanguranketha North 523/C
gn.hangurankethanorth957a,Hanguranketha North 957/A
gn.hangurankethapahala,Hanguranketha Pahala
gn.hangurankethapahala756c,Hanguranketha Pahala 756/C
gn.hangurankethapahala925,Hanguranketha Pahala 925
gn.hangurankethasouth193a,Hanguranketha South 193/A
gn.hangurankethasouth36,Hanguranketha South 36
gn.hangurankethawest254,Hanguranketha West 254
gn.haputale,Haputale
gn.haputale825b,Haputale 825/B
gn.haputalecentral,Haputale Central
gn.haputalecentral183,Haputale Central 183
gn.haputalecentral610a,Haputale Central 610/A
gn.haputaleeast,Haputale East
gn.haputaleeast59b,Haputale East 59/B
gn.haputaleeast77a,Haputale East 77/A
gn.haputaleeast869,Haputale East 869
gn.haputaleihala,Haputale Ihala
gn.haputaleihala87b,Haputale Ihala 87/B
gn.haputaleihala976a,Haputale Ihala 976/A
gn.haputalenorth59,Haputale North 59
gn.haputalenorth780a,Haputale North 780/A
gn.haputalenorth980b,Haputale North 980/B
gn.haputalepahala,Haputale Pahala
gn.haputalepahala524c,Haputale Pahala 524/C
gn.haputalesouth,Haputale South
gn.haputalesouth733b,Haputale South 733/B
gn.haputalewest667b,Haputale West 667/B
gn.haputalewest723b,Haputale West 723/B
gn.harispattuwa,Harispattuwa
gn.harispattuwa607c,Harispattuwa 607/C
gn.harispattuwacentral186a,Harispattuwa Central 186/A
gn.harispattuwacentral197,Harispattuwa Central 197
gn.harispattuwacentral392a,Harispattuwa Central 392/A
gn.harispattuwacentral441,Harispattuwa Central 441
gn.harispattuwacentral826a,Harispattuwa Central 826/A
gn.harispattuwacentral840,Harispattuwa Central 840
gn.harispattuwaeast742c,Harispattuwa East 742/C
gn.harispattuwaihala,Harispattuwa Ihala
gn.harispattuwaihala76b,Harispattuwa Ihala 76/B
gn.harispattuwaihala998,Harispattuwa Ihala 998
gn.harispattuwanorth424b,Harispattuwa North 424/B
gn.harispattuwanorth792c,Harispattuwa North 792/C
gn.harispattuwapahala364,Harispattuwa Pahala 364
gn.harispattuwapahala667,Harispattuwa Pahala 667
gn.harispattuwapahala710,Harispattuwa Pahala 710
gn.harispattuwapahala950,Harispattuwa Pahala 950
gn.harispattuwasouth515,Harispattuwa South 515
gn.harispattuwasouth758b,Harispattuwa South 758/B
gn.harispattuwasouth767c,Harispattuwa South 767/C
gn.harispattuwawest,Harispattuwa West
gn.harispattuwawest141b,Harispattuwa West 141/B
gn.hatton,Hatton
gn.hattoncentral,Hatton Central
gn.hattoneast,Hatton East
gn.hattoneast178c,Hatton East 178/C
gn.hattoneast413c,Hatton East 413/C
gn.hattoneast850c,Hatton East 850/C
gn.hattoneast967b,Hatton East 967/B
gn.hattonihala,Hatton Ihala
gn.hattonihala174b,Hatton Ihala 174/B
gn.hattonihala353,Hatton Ihala 353
gn.hattonihala49a,Hatton Ihala 49/A
gn.hattonihala547c,Hatton Ihala 547/C
gn.hattonihala994,Hatton Ihala 994
gn.hattonnorth,Hatton North
gn.hattonpahala,Hatton Pahala
gn.hattonpahala216b,Hatton Pahala 216/B
gn.hattonpahala552c,Hatton Pahala 552/C
gn.hattonpahala594b,Hatton Pahala 594/B
gn.hattonpahala926c,Hatton Pahala 926/C
gn.hattonsouth,Hatton South
gn.hattonsouth506,Hatton South 506
gn.hattonwest,Hatton West
gn.hattonwest491a,Hatton West 491/A
gn.hattonwest634b,Hatton West 634/B
gn.hikkaduwacentral,Hikkaduwa Central
gn.hikkaduwacentral898,Hikkaduwa Central 898
gn.hikkaduwaeast,Hikkaduwa East
gn.hikkaduwaeast118,Hikkaduwa East 118
gn.hikkaduwaihala387c,Hikkaduwa Ihala 387/C
gn.hikkaduwaihala402c,Hikkaduwa Ihala 402/C
gn.hikkaduwaihala473c,Hikkaduwa Ihala 473/C
gn.hikkaduwanorth,Hikkaduwa North
gn.hikkaduwanorth166a,Hikkaduwa North 166/A
gn.hikkaduwanorth795,Hikkaduwa North 795
gn.hikkaduwasouth,Hikkaduwa South
gn.hikkaduwasouth631b,Hikkaduwa South 631/B
gn.hikkaduwawest,Hikkaduwa West
gn.hikkaduwawest820c,Hikkaduwa West 820/C
gn.hinguradeniya485c,Hinguradeniya 485/C
gn.hinguradeniyacentral,Hinguradeniya Central
gn.hinguradeniyacentral572c,Hinguradeniya Central 572/C
gn.hinguradeniyaeast,Hinguradeniya East
gn.hinguradeniyaeast354b,Hinguradeniya East 354/B
gn.hinguradeniyanorth953c,Hinguradeniya North 953/C
gn.hinguradeniyapahala141c,Hinguradeniya Pahala 141/C
gn.hinguradeniyapahala559,Hinguradeniya Pahala 559
gn.hinguradeniyapahala591,Hinguradeniya Pahala 591
gn.hinguradeniyapahala71a,Hinguradeniya Pahala 71/A
gn.hinguradeniyasouth661b,Hinguradeniya South 661/B
gn.hinguradeniyasouth909b,Hinguradeniya South 909/B
gn.hinguradeniyasouth977,Hinguradeniya South 977
gn.hinguradeniyawest,Hinguradeniya West
gn.hinguradeniyawest733a,Hinguradeniya West 733/A
gn.hinguragala871a,Hinguragala 871/A
gn.hinguragalacentral699b,Hinguragala Central 699/B
gn.hinguragalaeast,Hinguragala East
gn.hinguragalaeast117,Hinguragala East 117
gn.hinguragalaeast520,Hinguragala East 520
gn.hinguragalaeast827,Hinguragala East 827
gn.hinguragalaihala,Hinguragala Ihala
gn.hinguragalaihala544a,Hinguragala Ihala 544/A
gn.hinguragalanorth65b,Hinguragala North 65/B
gn.hinguragalapahala791a,Hinguragala Pahala 791/A
gn.hinguragalasouth947c,Hinguragala South 947/C
gn.hinguragamacentral,Hinguragama Central
gn.hinguragamacentral704c,Hinguragama Central 704/C
gn.hinguragamacentral823a,Hinguragama Central 823/A
gn.hinguragamacentral969b,Hinguragama Central 969/B
gn.hinguragamaeast,Hinguragama East
gn.hinguragamaeast259,Hinguragama East 259
gn.hinguragamaeast442b,Hinguragama East 442/B
gn.hinguragamaihala220a,Hinguragama Ihala 220/A
gn.hinguragamaihala447b,Hinguragama Ihala 447/B
gn.hinguragamanorth295a,Hinguragama North 295/A
gn.hinguragamanorth336c,Hinguragama North 336/C
gn.hinguragamanorth46c,Hinguragama North 46/C
gn.hinguragamasouth228c,Hinguragama South 228/C
gn.hinguragamasouth244c,Hinguragama South 244/C
gn.hinguragamuwa,Hinguragamuwa
gn.hinguragamuwa518c,Hinguragamuwa 518/C
gn.hinguragamuwa881c,Hinguragamuwa 881/C
gn.hinguragamuwaeast975,Hinguragamuwa East 975
gn.hinguragamuwaihala,Hinguragamuwa Ihala
gn.hinguragamuwaihala164b,Hinguragamuwa Ihala 164/B
gn.hinguragamuwaihala203b,Hinguragamuwa Ihala 203/B
gn.hinguragamuwaihala47c,Hinguragamuwa Ihala 47/C
gn.hinguragamuwaihala835b,Hinguragamuwa Ihala 835/B
gn.hinguragamuwapahala805b,Hinguragamuwa Pahala 805/B
gn.hinguragamuwasouth,Hinguragamuwa South
gn.hinguragamuwasouth215a,Hinguragamuwa South 215/A
gn.hinguragamuwawest518c,Hinguragamuwa West 518/C
gn.hinguragedaraeast,Hinguragedara East
gn.hinguragedaraihala,Hinguragedara Ihala
gn.hinguragedaraihala326c,Hinguragedara Ihala 326/C
gn.hinguragedaraihala458a,Hinguragedara Ihala 458/A
gn.hinguragedaraihala545c,Hinguragedara Ihala 545/C
gn.hinguragedaraihala669c,Hinguragedara Ihala 669/C
gn.hinguragedaranorth,Hinguragedara North
gn.hinguragedaranorth288c,Hinguragedara North 288/C
gn.hinguragedaranorth772c,Hinguragedara North 772/C
gn.hinguragedaranorth981b,Hinguragedara North 981/B
gn.hinguragedarapahala479b,Hinguragedara Pahala 479/B
gn.hinguragedarapahala988b,Hinguragedara Pahala 988/B
gn.hinguragedarasouth322c,Hinguragedara South 322/C
gn.hinguragoda,Hinguragoda
gn.hinguragoda190a,Hinguragoda 190/A
gn.hinguragodacentral,Hinguragoda Central
gn.hinguragodacentral634c,Hinguragoda Central 634/C
gn.hinguragodaeast421,Hinguragoda East 421
gn.hinguragodanorth273a,Hinguragoda North 273/A
gn.hinguragodanorth831c,Hinguragoda North 831/C
gn.hinguragodapahala275,Hinguragoda Pahala 275
gn.hinguragodapahala480c,Hinguragoda Pahala 480/C
gn.hinguragodapahala627b,Hinguragoda Pahala 627/B
gn.hinguragodasouth979a,Hinguragoda South 979/A
gn.hinguragodawest,Hinguragoda West
gn.hingurahena198b,Hingurahena 198/B
gn.hingurahena60c,Hingurahena 60/C
gn.hingurahenacentral574,Hingurahena Central 574
gn.hingurahenaeast303,Hingurahena East 303
gn.hingurahenaeast32b,Hingurahena East 32/B
gn.hingurahenaihala224c,Hingurahena Ihala 224/C
gn.hingurahenanorth981b,Hingurahena North 981/B
gn.hingurahenapahala118c,Hingurahena Pahala 118/C
gn.hingurahenapahala16b,Hingurahena Pahala 16/B
gn.hingurahenasouth183b,Hingurahena South 183/B
gn.hingurahenasouth295b,Hingurahena South 295/B
gn.hingurahenasouth796c,Hingurahena South 796/C
gn.hingurahenasouth828c,Hingurahena South 828/C
gn.hingurakaduwa31,Hingurakaduwa 31
gn.hingurakaduwacentral,Hingurakaduwa Central
gn.hingurakaduwacentral599a,Hingurakaduwa Central 599/A
gn.hingurakaduwacentral670c,Hingurakaduwa Central 670/C
gn.hingurakaduwaeast,Hingurakaduwa East
gn.hingurakaduwaeast557a,Hingurakaduwa East 557/A
gn.hingurakaduwaihala138,Hingurakaduwa Ihala 138
gn.hingurakaduwaihala298,Hingurakaduwa Ihala 298
gn.hingurakaduwasouth565b,Hingurakaduwa South 565/B
gn.hingurakaduwawest142c,Hingurakaduwa West 142/C
gn.hingurakaduwawest593a,Hingurakaduwa West 593/A
gn.hingurakandacentral,Hingurakanda Central
gn.hingurakandacentral328a,Hingurakanda Central 328/A
gn.hingurakandacentral811,Hingurakanda Central 811
gn.hingurakandaeast,Hingurakanda East
gn.hingurakandaeast120a,Hingurakanda East 120/A
gn.hingurakandaeast633,Hingurakanda East 633
gn.hingurakandaihala36,Hingurakanda Ihala 36
gn.hingurakandaihala521b,Hingurakanda Ihala 521/B
gn.hingurakandanorth585,Hingurakanda North 585
gn.hingurakandanorth834,Hingurakanda North 834
gn.hingurakandapahala,Hingurakanda Pahala
gn.hingurakandapahala344c,Hingurakanda Pahala 344/C
gn.hingurakandasouth,Hingurakanda South
gn.hingurakandawest230,Hingurakanda West 230
gn.hingurakandawest866b,Hingurakanda West 866/B
gn.hingurakandawest954,Hingurakanda West 954
gn.hingurakgoda269c,Hingurakgoda 269/C
gn.hingurakgoda32,Hingurakgoda 32
gn.hingurakgodacentral650b,Hingurakgoda Central 650/B
gn.hingurakgodaeast,Hingurakgoda East
gn.hingurakgodaeast154a,Hingurakgoda East 154/A
gn.hingurakgodaeast666a,Hingurakgoda East 666/A
gn.hingurakgodaihala362c,Hingurakgoda Ihala 362/C
gn.hingurakgodanorth107a,Hingurakgoda North 107/A
gn.hingurakgodasouth287c,Hingurakgoda South 287/C
gn.hingurakgodasouth339,Hingurakgoda South 339
gn.hingurakgodawest204,Hingurakgoda West 204
gn.hingurakgodawest231,Hingurakgoda West 231
gn.hingurakgodawest451a,Hingurakgoda West 451/A
gn.hingurakumbura947b,Hingurakumbura 947/B
gn.hingurakumburaeast,Hingurakumbura East
gn.hingurakumburaeast251b,Hingurakumbura East 251/B
gn.hingurakumburaihala971c,Hingurakumbura Ihala 971/C
gn.hingurakumburanorth232a,Hingurakumbura North 232/A
gn.hingurakumburanorth387b,Hingurakumbura North 387/B
gn.hingurakumburapahala759c,Hingurakumbura Pahala 759/C
gn.hingurakumburasouth,Hingurakumbura South
gn.hingurakumburasouth4a,Hingurakumbura South 4/A
gn.hingurakumburawest351b,Hingurakumbura West 351/B
gn.hingurakumburawest453a,Hingurakumbura West 453/A
gn.hinguramulla246a,Hinguramulla 246/A
gn.hinguramullacentral,Hinguramulla Central
gn.hinguramullacentral224c,Hinguramulla Central 224/C
gn.hinguramullaihala,Hinguramulla Ihala
gn.hinguramullanorth308c,Hinguramulla North 308/C
gn.hinguramullanorth764,Hinguramulla North 764
gn.hinguramullanorth994a,Hinguramulla North 994/A
gn.hinguramullapahala,Hinguramulla Pahala
gn.hinguramullapahala460c,Hinguramulla Pahala 460/C
gn.hinguramullapahala47,Hinguramulla Pahala 47
gn.hinguramullapahala69b,Hinguramulla Pahala 69/B
gn.hinguramullasouth445,Hinguramulla South 445
gn.hinguramullasouth858b,Hinguramulla South 858/B
gn.hinguraoyacentral,Hinguraoya Central
gn.hinguraoyaihala380b,Hinguraoya Ihala 380/B
gn.hinguraoyanorth,Hinguraoya North
gn.hinguraoyapahala,Hinguraoya Pahala
gn.hinguraoyasouth,Hinguraoya South
gn.hinguraoyawest,Hinguraoya West
gn.hinguraoyawest215,Hinguraoya West 215
gn.hinguraoyawest741c,Hinguraoya West 741/C
gn.hingurapitiya164c,Hingurapitiya 164/C
gn.hingurapitiya562,Hingurapitiya 562
gn.hingurapitiyacentral883b,Hingurapitiya Central 883/B
gn.hingurapitiyaeast,Hingurapitiya East
gn.hingurapitiyanorth,Hingurapitiya North
gn.hingurapitiyanorth226,Hingurapitiya North 226
gn.hingurapitiyapahala,Hingurapitiya Pahala
gn.hingurapitiyapahala926,Hingurapitiya Pahala 926
gn.hingurapitiyasouth,Hingurapitiya South
gn.hingurapitiyasouth310b,Hingurapitiya South 310/B
gn.hingurapitiyasouth41a,Hingurapitiya South 41/A
gn.hingurapitiyasouth414c,Hingurapitiya South 414/C
gn.hingurapitiyasouth456,Hingurapitiya South 456
gn.hingurapitiyawest812,Hingurapitiya West 812
gn.hingurapuracentral,Hingurapura Central
gn.hingurapuracentral225,Hingurapura Central 225
gn.hingurapuracentral491a,Hingurapura Central 491/A
gn.hingurapuracentral613a,Hingurapura Central 613/A
gn.hingurapuracentral667c,Hingurapura Central 667/C
gn.hingurapuracentral752b,Hingurapura Central 752/B
gn.hingurapuraeast,Hingurapura East
gn.hingurapuraihala184a,Hingurapura Ihala 184/A
gn.hingurapuraihala932c,Hingurapura Ihala 932/C
gn.hingurapuranorth,Hingurapura North
gn.hingurapuranorth512c,Hingurapura North 512/C
gn.hingurapuranorth736a,Hingurapura North 736/A
gn.hingurapurapahala,Hingurapura Pahala
gn.hingurapurapahala210c,Hingurapura Pahala 210/C
gn.hingurapurasouth,Hingurapura South
gn.hingurapurasouth142a,Hingurapura South 142/A
gn.hingurapurasouth865c,Hingurapura South 865/C
gn.hingurapurawest,Hingurapura West
gn.hingurapurawest71b,Hingurapura West 71/B
gn.hinguratota675,Hinguratota 675
gn.hinguratota793b,Hinguratota 793/B
gn.hinguratotaeast,Hinguratota East
gn.hinguratotaeast434b,Hinguratota East 434/B
gn.hinguratotaihala,Hinguratota Ihala
gn.hinguratotaihala815b,Hinguratota Ihala 815/B
gn.hinguratotapahala83a,Hinguratota Pahala 83/A
gn.hingurawatta,Hingurawatta
gn.hingurawatta758b,Hingurawatta 758/B
gn.hingurawattacentral332c,Hingurawatta Central 332/C
gn.hingurawattaeast,Hingurawatta East
gn.hingurawattaeast578b,Hingurawatta East 578/B
gn.hingurawattaihala,Hingurawatta Ihala
gn.hingurawattaihala922c,Hingurawatta Ihala 922/C
gn.hingurawattapahala949,Hingurawatta Pahala 949
gn.hingurawattasouth629,Hingurawatta South 629
gn.hingurawattawest,Hingurawatta West
gn.hingurawattawest543a,Hingurawatta West 543/A
gn.hingurawattawest614c,Hingurawatta West 614/C
gn.hingurawela,Hingurawela
gn.hingurawela196c,Hingurawela 196/C
gn.hingurawela319c,Hingurawela 319/C
gn.hingurawela503,Hingurawela 503
gn.hingurawela713c,Hingurawela 713/C
gn.hingurawelacentral592a,Hingurawela Central 592/A
gn.hingurawelacentral83b,Hingurawela Central 83/B
gn.hingurawelaeast,Hingurawela East
gn.hingurawelaihala,Hingurawela Ihala
gn.hingurawelaihala450,Hingurawela Ihala 450
gn.hingurawelanorth,Hingurawela North
gn.hingurawelanorth763,Hingurawela North 763
gn.hingurawelanorth834,Hingurawela North 834
gn.hingurawelanorth988,Hingurawela North 988
gn.hingurawelapahala,Hingurawela Pahala
gn.hingurawelapahala127c,Hingurawela Pahala 127/C
gn.hingurawelasouth7c,Hingurawela South 7/C
gn.hingurawelawest584,Hingurawela West 584
gn.homagama,Homagama
gn.homagamacentral,Homagama Central
gn.homagamacentral404a,Homagama Central 404/A
gn.homagamacentral549c,Homagama Central 549/C
gn.homagamaeast465c,Homagama East 465/C
gn.homagamaeast637b,Homagama East 637/B
gn.homagamaeast977b,Homagama East 977/B
gn.homagamaihala504a,Homagama Ihala 504/A
gn.homagamanorth,Homagama North
gn.homagamanorth638,Homagama North 638
gn.homagamanorth998a,Homagama North 998/A
gn.homagamapahala512,Homagama Pahala 512
gn.homagamasouth,Homagama South
gn.homagamawest,Homagama West
gn.horana,Horana
gn.horana154,Horana 154
gn.horana811a,Horana 811/A
gn.horana850,Horana 850
gn.horanacentral,Horana Central
gn.horanacentral159c,Horana Central 159/C
gn.horanacentral459c,Horana Central 459/C
gn.horanaeast,Horana East
gn.horanaeast807c,Horana East 807/C
gn.horanaeast98,Horana East 98
gn.horanaihala,Horana Ihala
gn.horananorth,Horana North
gn.horananorth259c,Horana North 259/C
gn.horananorth749,Horana North 749
gn.horananorth934c,Horana North 934/C
gn.horanasouth419a,Horana South 419/A
gn.horanasouth888,Horana South 888
gn.horanawest985,Horana West 985
gn.horowpothana,Horowpothana
gn.horowpothana177a,Horowpothana 177/A
gn.horowpothanacentral,Horowpothana Central
gn.horowpothanaeast263a,Horowpothana East 263/A
gn.horowpothanaeast749c,Horowpothana East 749/C
gn.horowpothanaeast955b,Horowpothana East 955/B
gn.horowpothanaihala19c,Horowpothana Ihala 19/C
gn.horowpothananorth623,Horowpothana North 623
gn.horowpothanapahala,Horowpothana Pahala
gn.horowpothanasouth269c,Horowpothana South 269/C
gn.horowpothanawest446c,Horowpothana West 446/C
gn.horowpothanawest824c,Horowpothana West 824/C
gn.ibbagamuwa,Ibbagamuwa
gn.ibbagamuwacentral339a,Ibbagamuwa Central 339/A
gn.ibbagamuwacentral366c,Ibbagamuwa Central 366/C
gn.ibbagamuwacentral973,Ibbagamuwa Central 973
gn.ibbagamuwaeast169a,Ibbagamuwa East 169/A
gn.ibbagamuwaeast698b,Ibbagamuwa East 698/B
gn.ibbagamuwaihala,Ibbagamuwa Ihala
gn.ibbagamuwaihala544b,Ibbagamuwa Ihala 544/B
gn.ibbagamuwapahala,Ibbagamuwa Pahala
gn.ibbagamuwapahala281,Ibbagamuwa Pahala 281
gn.ibbagamuwasouth,Ibbagamuwa South
gn.ibbagamuwasouth106a,Ibbagamuwa South 106/A
gn.ibbagamuwasouth552b,Ibbagamuwa South 552/B
gn.ibbagamuwasouth928a,Ibbagamuwa South 928/A
gn.ihaladeniya343a,Ihaladeniya 343/A
gn.ihaladeniyacentral,Ihaladeniya Central
gn.ihaladeniyacentral466b,Ihaladeniya Central 466/B
gn.ihaladeniyacentral613b,Ihaladeniya Central 613/B
gn.ihaladeniyacentral981,Ihaladeniya Central 981
gn.ihaladeniyaeast794c,Ihaladeniya East 794/C
gn.ihaladeniyaihala,Ihaladeniya Ihala
gn.ihaladeniyaihala171,Ihaladeniya Ihala 171
gn.ihaladeniyaihala196b,Ihaladeniya Ihala 196/B
gn.ihaladeniyaihala571c,Ihaladeniya Ihala 571/C
gn.ihaladeniyaihala683,Ihaladeniya Ihala 683
gn.ihaladeniyanorth457b,Ihaladeniya North 457/B
gn.ihaladeniyapahala,Ihaladeniya Pahala
gn.ihaladeniyapahala132c,Ihaladeniya Pahala 132/C
gn.ihaladeniyapahala737b,Ihaladeniya Pahala 737/B
gn.ihaladeniyasouth128,Ihaladeniya South 128
gn.ihaladeniyasouth421b,Ihaladeniya South 421/B
gn.ihaladeniyasouth506c,Ihaladeniya South 506/C
gn.ihaladeniyasouth769,Ihaladeniya South 769
gn.ihaladeniyawest425a,Ihaladeniya West 425/A
gn.ihalagala657c,Ihalagala 657/C
gn.ihalagala942a,Ihalagala 942/A
gn.ihalagalacentral,Ihalagala Central
gn.ihalagalaeast,Ihalagala East
gn.ihalagalaeast533,Ihalagala East 533
gn.ihalagalaihala,Ihalagala Ihala
gn.ihalagalaihala785c,Ihalagala Ihala 785/C
gn.ihalagalanorth303a,Ihalagala North 303/A
gn.ihalagalanorth442,Ihalagala North 442
gn.ihalagalanorth772c,Ihalagala North 772/C
gn.ihalagalanorth839,Ihalagala North 839
gn.ihalagalapahala736c,Ihalagala Pahala 736/C
gn.ihalagalasouth,Ihalagala South
gn.ihalagalasouth39c,Ihalagala South 39/C
gn.ihalagalawest,Ihalagala West
gn.ihalagalawest650c,Ihalagala West 650/C
gn.ihalagalawest910b,Ihalagala West 910/B
gn.ihalagama503a,Ihalagama 503/A
gn.ihalagamacentral,Ihalagama Central
gn.ihalagamacentral65a,Ihalagama Central 65/A
gn.ihalagamaeast,Ihalagama East
gn.ihalagamaeast639,Ihalagama East 639
gn.ihalagamaeast653,Ihalagama East 653
gn.ihalagamaihala,Ihalagama Ihala
gn.ihalagamaihala630b,Ihalagama Ihala 630/B
gn.ihalagamanorth8c,Ihalagama North 8/C
gn.ihalagamanorth887a,Ihalagama North 887/A
gn.ihalagamapahala807,Ihalagama Pahala 807
gn.ihalagamasouth895c,Ihalagama South 895/C
gn.ihalagamawest,Ihalagama West
gn.ihalagamawest712c,Ihalagama West 712/C
gn.ihalagamuwa865c,Ihalagamuwa 865/C
gn.ihalagamuwacentral,Ihalagamuwa Central
gn.ihalagamuwacentral194,Ihalagamuwa Central 194
gn.ihalagamuwaeast340,Ihalagamuwa East 340
gn.ihalagamuwaeast408b,Ihalagamuwa East 408/B
gn.ihalagamuwaeast75,Ihalagamuwa East 75
gn.ihalagamuwaeast855c,Ihalagamuwa East 855/C
gn.ihalagamuwaihala,Ihalagamuwa Ihala
gn.ihalagamuwaihala194a,Ihalagamuwa Ihala 194/A
gn.ihalagamuwaihala295b,Ihalagamuwa Ihala 295/B
gn.ihalagamuwanorth,Ihalagamuwa North
gn.ihalagamuwanorth34a,Ihalagamuwa North 34/A
gn.ihalagamuwapahala634b,Ihalagamuwa Pahala 634/B
gn.ihalagamuwapahala852a,Ihalagamuwa Pahala 852/A
gn.ihalagamuwasouth,Ihalagamuwa South
gn.ihalagamuwasouth105b,Ihalagamuwa South 105/B
gn.ihalagamuwasouth228b,Ihalagamuwa South 228/B
gn.ihalagamuwasouth393b,Ihalagamuwa South 393/B
gn.ihalagamuwasouth859,Ihalagamuwa South 859
gn.ihalagamuwawest,Ihalagamuwa West
gn.ihalagedara112,Ihalagedara 112
gn.ihalagedara64b,Ihalagedara 64/B
gn.ihalagedaracentral,Ihalagedara Central
gn.ihalagedaracentral290b,Ihalagedara Central 290/B
gn.ihalagedaraeast347,Ihalagedara East 347
gn.ihalagedaraihala,Ihalagedara Ihala
gn.ihalagedaraihala625c,Ihalagedara Ihala 625/C
gn.ihalagedaranorth,Ihalagedara North
gn.ihalagedaranorth739,Ihalagedara North 739
gn.ihalagedaranorth86a,Ihalagedara North 86/A
gn.ihalagedarapahala1a,Ihalagedara Pahala 1/A
gn.ihalagedarapahala230b,Ihalagedara Pahala 230/B
gn.ihalagedarapahala299c,Ihalagedara Pahala 299/C
gn.ihalagedarasouth986c,Ihalagedara South 986/C
gn.ihalagedarawest,Ihalagedara West
gn.ihalagedarawest122,Ihalagedara West 122
gn.ihalagoda676b,Ihalagoda 676/B
gn.ihalagoda979c,Ihalagoda 979/C
gn.ihalagodacentral,Ihalagoda Central
gn.ihalagodaeast,Ihalagoda East
gn.ihalagodaihala306,Ihalagoda Ihala 306
gn.ihalagodaihala68c,Ihalagoda Ihala 68/C
gn.ihalagodaihala70b,Ihalagoda Ihala 70/B
gn.ihalagodapahala133,Ihalagoda Pahala 133
gn.ihalagodapahala37,Ihalagoda Pahala 37
gn.ihalagodasouth156a,Ihalagoda South 156/A
gn.ihalahena,Ihalahena
gn.ihalahenacentral,Ihalahena Central
gn.ihalahenacentral18a,Ihalahena Central 18/A
gn.ihalahenacentral914a,Ihalahena Central 914/A
gn.ihalahenaeast773c,Ihalahena East 773/C
gn.ihalahenaeast790a,Ihalahena East 790/A
gn.ihalahenaihala,Ihalahena Ihala
gn.ihalahenaihala144c,Ihalahena Ihala 144/C
gn.ihalahenaihala628b,Ihalahena Ihala 628/B
gn.ihalahenanorth,Ihalahena North
gn.ihalahenapahala,Ihalahena Pahala
gn.ihalahenapahala108b,Ihalahena Pahala 108/B
gn.ihalahenapahala913b,Ihalahena Pahala 913/B
gn.ihalahenasouth311c,Ihalahena South 311/C
gn.ihalahenasouth524b,Ihalahena South 524/B
gn.ihalahenasouth870,Ihalahena South 870
gn.ihalahenawest,Ihalahena West
gn.ihalahenawest120a,Ihalahena West 120/A
gn.ihalakaduwaeast,Ihalakaduwa East
gn.ihalakaduwaeast316,Ihalakaduwa East 316
gn.ihalakaduwaeast654b,Ihalakaduwa East 654/B
gn.ihalakaduwaihala,Ihalakaduwa Ihala
gn.ihalakaduwaihala390c,Ihalakaduwa Ihala 390/C
gn.ihalakaduwaihala969,Ihalakaduwa Ihala 969
gn.ihalakanda10a,Ihalakanda 10/A
gn.ihalakandacentral,Ihalakanda Central
gn.ihalakandaeast143a,Ihalakanda East 143/A
gn.ihalakandaeast674a,Ihalakanda East 674/A
gn.ihalakandaeast981,Ihalakanda East 981
gn.ihalakandaihala693a,Ihalakanda Ihala 693/A
gn.ihalakandaihala993,Ihalakanda Ihala 993
gn.ihalakandanorth107c,Ihalakanda North 107/C
gn.ihalakandanorth521b,Ihalakanda North 521/B
gn.ihalakandanorth757b,Ihalakanda North 757/B
gn.ihalakandapahala325,Ihalakanda Pahala 325
gn.ihalakandasouth,Ihalakanda South
gn.ihalakandasouth564c,Ihalakanda South 564/C
gn.ihalakumburacentral998,Ihalakumbura Central 998
gn.ihalakumburaeast,Ihalakumbura East
gn.ihalakumburaeast128b,Ihalakumbura East 128/B
gn.ihalakumburaihala,Ihalakumbura Ihala
gn.ihalakumburanorth,Ihalakumbura North
gn.ihalakumburapahala128a,Ihalakumbura Pahala 128/A
gn.ihalakumburapahala432c,Ihalakumbura Pahala 432/C
gn.ihalakumburasouth,Ihalakumbura South
gn.ihalakumburasouth690,Ihalakumbura South 690
gn.ihalakumburasouth918,Ihalakumbura South 918
gn.ihalakumburawest,Ihalakumbura West
gn.ihalakumburawest408b,Ihalakumbura West 408/B
gn.ihalakumburawest650,Ihalakumbura West 650
gn.ihalamulla28a,Ihalamulla 28/A
gn.ihalamullacentral560,Ihalamulla Central 560
gn.ihalamullaeast,Ihalamulla East
gn.ihalamullaeast371a,Ihalamulla East 371/A
gn.ihalamullaihala,Ihalamulla Ihala
gn.ihalamullanorth,Ihalamulla North
gn.ihalamullanorth351a,Ihalamulla North 351/A
gn.ihalamullanorth634,Ihalamulla North 634
gn.ihalamullanorth876,Ihalamulla North 876
gn.ihalamullasouth191b,Ihalamulla South 191/B
gn.ihalamullasouth740a,Ihalamulla South 740/A
gn.ihalamullasouth796a,Ihalamulla South 796/A
gn.ihalamullasouth953,Ihalamulla South 953
gn.ihalamullawest,Ihalamulla West
gn.ihalamullawest636,Ihalamulla West 636
gn.ihalamullawest79a,Ihalamulla West 79/A
gn.ihalamullawest81b,Ihalamulla West 81/B
gn.ihalamullawest902a,Ihalamulla West 902/A
gn.ihalaoya,Ihalaoya
gn.ihalaoya249c,Ihalaoya 249/C
gn.ihalaoya582b,Ihalaoya 582/B
gn.ihalaoyacentral,Ihalaoya Central
gn.ihalaoyaeast,Ihalaoya East
gn.ihalaoyaeast757,Ihalaoya East 757
gn.ihalaoyaihala,Ihalaoya Ihala
gn.ihalaoyaihala801b,Ihalaoya Ihala 801/B
gn.ihalaoyanorth318c,Ihalaoya North 318/C
gn.ihalaoyanorth323,Ihalaoya North 323
gn.ihalaoyapahala576a,Ihalaoya Pahala 576/A
gn.ihalaoyasouth261b,Ihalaoya South 261/B
gn.ihalaoyawest,Ihalaoya West
gn.ihalaoyawest195,Ihalaoya West 195
gn.ihalaoyawest446a,Ihalaoya West 446/A
gn.ihalaoyawest82a,Ihalaoya West 82/A
gn.ihalapitiya,Ihalapitiya
gn.ihalapitiyacentral804b,Ihalapitiya Central 804/B
gn.ihalapitiyaeast,Ihalapitiya East
gn.ihalapitiyaeast507c,Ihalapitiya East 507/C
gn.ihalapitiyaeast898a,Ihalapitiya East 898/A
gn.ihalapitiyanorth,Ihalapitiya North
gn.ihalapitiyanorth268,Ihalapitiya North 268
gn.ihalapitiyapahala,Ihalapitiya Pahala
gn.ihalapitiyapahala924b,Ihalapitiya Pahala 924/B
gn.ihalapitiyasouth939b,Ihalapitiya South 939/B
gn.ihalapitiyasouth985,Ihalapitiya South 985
gn.ihalapitiyawest374c,Ihalapitiya West 374/C
gn.ihalapura351b,Ihalapura 351/B
gn.ihalapura622b,Ihalapura 622/B
gn.ihalapuracentral,Ihalapura Central
gn.ihalapuraeast564a,Ihalapura East 564/A
gn.ihalapuraeast85,Ihalapura East 85
gn.ihalapuraihala193b,Ihalapura Ihala 193/B
gn.ihalapuraihala67a,Ihalapura Ihala 67/A
gn.ihalapuranorth634,Ihalapura North 634
gn.ihalapurapahala97c,Ihalapura Pahala 97/C
gn.ihalapurasouth,Ihalapura South
gn.ihalapurasouth315b,Ihalapura South 315/B
gn.ihalapurasouth548c,Ihalapura South 548/C
gn.ihalapurasouth927a,Ihalapura South 927/A
gn.ihalapurawest,Ihalapura West
gn.ihalapurawest112,Ihalapura West 112
gn.ihalatota80c,Ihalatota 80/C
gn.ihalatota904,Ihalatota 904
gn.ihalatotacentral,Ihalatota Central
gn.ihalatotacentral47,Ihalatota Central 47
gn.ihalatotaeast296b,Ihalatota East 296/B
gn.ihalatotaeast394,Ihalatota East 394
gn.ihalatotaeast404b,Ihalatota East 404/B
gn.ihalatotaeast675b,Ihalatota East 675/B
gn.ihalatotaeast676a,Ihalatota East 676/A
gn.ihalatotaeast985b,Ihalatota East 985/B
gn.ihalatotaihala,Ihalatota Ihala
gn.ihalatotaihala146c,Ihalatota Ihala 146/C
gn.ihalatotanorth749b,Ihalatota North 749/B
gn.ihalatotanorth921a,Ihalatota North 921/A
gn.ihalatotapahala498,Ihalatota Pahala 498
gn.ihalatotawest535b,Ihalatota West 535/B
gn.ihalatotawest803a,Ihalatota West 803/A
gn.ihalatotawest947b,Ihalatota West 947/B
gn.ihalatotawest982b,Ihalatota West 982/B
gn.ihalawatta154c,Ihalawatta 154/C
gn.ihalawatta374c,Ihalawatta 374/C
gn.ihalawattaihala97c,Ihalawatta Ihala 97/C
gn.ihalawattanorth,Ihalawatta North
gn.ihalawattanorth908c,Ihalawatta North 908/C
gn.ihalawattapahala,Ihalawatta Pahala
gn.ihalawattasouth,Ihalawatta South
gn.ihalawattasouth550a,Ihalawatta South 550/A
gn.ihalawattawest,Ihalawatta West
gn.ihalawattawest398b,Ihalawatta West 398/B
gn.ihalawattawest922,Ihalawatta West 922
gn.ihalawela310c,Ihalawela 310/C
gn.ihalawelacentral511b,Ihalawela Central 511/B
gn.ihalawelacentral817,Ihalawela Central 817
gn.ihalawelaeast,Ihalawela East
gn.ihalawelaihala,Ihalawela Ihala
gn.ihalawelanorth,Ihalawela North
gn.ihalawelanorth719b,Ihalawela North 719/B
gn.ihalawelapahala455,Ihalawela Pahala 455
gn.ihalawelapahala861,Ihalawela Pahala 861
gn.ihalawelapahala948a,Ihalawela Pahala 948/A
gn.ihalawelasouth,Ihalawela South
gn.ihalawelasouth112b,Ihalawela South 112/B
gn.ihalawelasouth56b,Ihalawela South 56/B
gn.ihalawelawest873,Ihalawela West 873
gn.imaduwa256a,Imaduwa 256/A
gn.imaduwacentral188a,Imaduwa Central 188/A
gn.imaduwacentral725a,Imaduwa Central 725/A
gn.imaduwacentral822a,Imaduwa Central 822/A
gn.imaduwaeast700b,Imaduwa East 700/B
gn.imaduwaihala292c,Imaduwa Ihala 292/C
gn.imaduwanorth,Imaduwa North
gn.imaduwanorth182b,Imaduwa North 182/B
gn.imaduwanorth78b,Imaduwa North 78/B
gn.imaduwapahala,Imaduwa Pahala
gn.imaduwasouth191a,Imaduwa South 191/A
gn.imaduwasouth397,Imaduwa South 397
gn.imaduwasouth831b,Imaduwa South 831/B
gn.imaduwawest228b,Imaduwa West 228/B
gn.imaduwawest624a,Imaduwa West 624/A
gn.imaduwawest855c,Imaduwa West 855/C
gn.imbulpe163,Imbulpe 163
gn.imbulpe251,Imbulpe 251
gn.imbulpe772b,Imbulpe 772/B
gn.imbulpecentral63a,Imbulpe Central 63/A
gn.imbulpeeast,Imbulpe East
gn.imbulpeeast269,Imbulpe East 269
gn.imbulpeeast481b,Imbulpe East 481/B
gn.imbulpeeast682b,Imbulpe East 682/B
gn.imbulpeihala,Imbulpe Ihala
gn.imbulpeihala415,Imbulpe Ihala 415
gn.imbulpenorth,Imbulpe North
gn.imbulpenorth746c,Imbulpe North 746/C
gn.imbulpenorth849,Imbulpe North 849
gn.imbulpenorth869,Imbulpe North 869
gn.imbulpepahala222a,Imbulpe Pahala 222/A
gn.imbulpesouth253b,Imbulpe South 253/B
gn.imbulpesouth332a,Imbulpe South 332/A
gn.imbulpesouth62a,Imbulpe South 62/A
gn.imbulpesouth965a,Imbulpe South 965/A
gn.imbulpewest,Imbulpe West
gn.imbulpewest220c,Imbulpe West 220/C
gn.imbulpewest658,Imbulpe West 658
gn.imbulpewest77,Imbulpe West 77
gn.jaela206,Ja-Ela 206
gn.jaela562c,Ja-Ela 562/C
gn.jaelacentral811,Ja-Ela Central 811
gn.jaelaeast,Ja-Ela East
gn.jaelaihala105a,Ja-Ela Ihala 105/A
gn.jaelaihala239b,Ja-Ela Ihala 239/B
gn.jaelaihala306,Ja-Ela Ihala 306
gn.jaelanorth221a,Ja-Ela North 221/A
gn.jaelanorth283a,Ja-Ela North 283/A
gn.jaelanorth404b,Ja-Ela North 404/B
gn.jaelanorth746,Ja-Ela North 746
gn.jaelanorth945c,Ja-Ela North 945/C
gn.jaelapahala380c,Ja-Ela Pahala 380/C
gn.jaelapahala703b,Ja-Ela Pahala 703/B
gn.jaelasouth,Ja-Ela South
gn.jaelasouth186c,Ja-Ela South 186/C
gn.jaelasouth34a,Ja-Ela South 34/A
gn.jaelawest336a,Ja-Ela West 336/A
gn.jaelawest394a,Ja-Ela West 394/A
gn.jaelawest461b,Ja-Ela West 461/B
gn.jaelawest578a,Ja-Ela West 578/A
gn.jaelawest588b,Ja-Ela West 588/B
gn.jaffna,Jaffna
gn.jaffna211,Jaffna 211
gn.jaffna278c,Jaffna 278/C
gn.jaffnaeast564a,Jaffna East 564/A
gn.jaffnaihala117a,Jaffna Ihala 117/A
gn.jaffnaihala502c,Jaffna Ihala 502/C
gn.jaffnaihala623c,Jaffna Ihala 623/C
gn.jaffnanorth480b,Jaffna North 480/B
gn.jaffnanorth564b,Jaffna North 564/B
gn.jaffnanorth609a,Jaffna North 609/A
gn.jaffnapahala,Jaffna Pahala
gn.jaffnapahala401c,Jaffna Pahala 401/C
gn.jaffnapahala632,Jaffna Pahala 632
gn.jaffnasouth,Jaffna South
gn.jaffnasouth212a,Jaffna South 212/A
gn.jaffnasouth866c,Jaffna South 866/C
gn.jaffnasouth9,Jaffna South 9
gn.jaffnawest347b,Jaffna West 347/B
gn.kaduwela,Kaduwela
gn.kaduwelacentral380a,Kaduwela Central 380/A
gn.kaduwelacentral952c,Kaduwela Central 952/C
gn.kaduwelaeast329a,Kaduwela East 329/A
gn.kaduwelaeast367,Kaduwela East 367
gn.kaduwelaeast657a,Kaduwela East 657/A
gn.kaduwelaihala146c,Kaduwela Ihala 146/C
gn.kaduwelanorth647a,Kaduwela North 647/A
gn.kaduwelapahala,Kaduwela Pahala
gn.kaduwelasouth278c,Kaduwela South 278/C
gn.kaduwelasouth695c,Kaduwela South 695/C
gn.kaduwelawest,Kaduwela West
gn.kaduwelawest477,Kaduwela West 477
gn.kaduwelawest723c,Kaduwela West 723/C
gn.kahatagasdigiliya133c,Kahatagasdigiliya 133/C
gn.kahatagasdigiliya646b,Kahatagasdigiliya 646/B
gn.kahatagasdigiliya750c,Kahatagasdigiliya 750/C
gn.kahatagasdigiliyacentral384a,Kahatagasdigiliya Central 384/A
gn.kahatagasdigiliyacentral983c,Kahatagasdigiliya Central 983/C
gn.kahatagasdigiliyaeast288b,Kahatagasdigiliya East 288/B
gn.kahatagasdigiliyaihala,Kahatagasdigiliya Ihala
gn.kahatagasdigiliyaihala115b,Kahatagasdigiliya Ihala 115/B
gn.kahatagasdigiliyaihala192b,Kahatagasdigiliya Ihala 192/B
gn.kahatagasdigiliyaihala46b,Kahatagasdigiliya Ihala 46/B
gn.kahatagasdigiliyaihala583b,Kahatagasdigiliya Ihala 583/B
gn.kahatagasdigiliyanorth883b,Kahatagasdigiliya North 883/B
gn.kahatagasdigiliyanorth94,Kahatagasdigiliya North 94
gn.kahatagasdigiliyapahala,Kahatagasdigiliya Pahala
gn.kahatagasdigiliyapahala123b,Kahatagasdigiliya Pahala 123/B
gn.kahatagasdigiliyapahala869a,Kahatagasdigiliya Pahala 869/A
gn.kahatagasdigiliyasouth502,Kahatagasdigiliya South 502
gn.kahatagasdigiliyasouth970b,Kahatagasdigiliya South 970/B
gn.kahatagasdigiliyawest36,Kahatagasdigiliya West 36
gn.kahatagasdigiliyawest975,Kahatagasdigiliya West 975
gn.kahawatta226a,Kahawatta 226/A
gn.kahawattacentral353,Kahawatta Central 353
gn.kahawattacentral366b,Kahawatta Central 366/B
gn.kahawattacentral531b,Kahawatta Central 531/B
gn.kahawattacentral761c,Kahawatta Central 761/C
gn.kahawattaeast,Kahawatta East
gn.kahawattaeast221c,Kahawatta East 221/C
gn.kahawattaeast352a,Kahawatta East 352/A
gn.kahawattaihala297b,Kahawatta Ihala 297/B
gn.kahawattanorth19a,Kahawatta North 19/A
gn.kahawattanorth201c,Kahawatta North 201/C
gn.kahawattanorth535b,Kahawatta North 535/B
gn.kahawattanorth639,Kahawatta North 639
gn.kahawattanorth77c,Kahawatta North 77/C
gn.kahawattanorth950a,Kahawatta North 950/A
gn.kahawattapahala877c,Kahawatta Pahala 877/C
gn.kahawattasouth,Kahawatta South
gn.kahawattasouth888b,Kahawatta South 888/B
gn.kahawattasouth955a,Kahawatta South 955/A
gn.kahawattawest,Kahawatta West
gn.kahawattawest162c,Kahawatta West 162/C
gn.kahawattawest582,Kahawatta West 582
gn.kahawattawest958,Kahawatta West 958
gn.kalawana,Kalawana
gn.kalawana813b,Kalawana 813/B
gn.kalawana970,Kalawana 970
gn.kalawanacentral,Kalawana Central
gn.kalawanacentral574a,Kalawana Central 574/A
gn.kalawanaeast273a,Kalawana East 273/A
gn.kalawanaihala262c,Kalawana Ihala 262/C
gn.kalawanaihala282b,Kalawana Ihala 282/B
gn.kalawanaihala859,Kalawana Ihala 859
gn.kalawanaihala904b,Kalawana Ihala 904/B
gn.kalawananorth,Kalawana North
gn.kalawananorth622b,Kalawana North 622/B
gn.kalawananorth626,Kalawana North 626
gn.kalawananorth914a,Kalawana North 914/A
gn.kalawanapahala,Kalawana Pahala
gn.kalawanapahala715c,Kalawana Pahala 715/C
gn.kalawanapahala728b,Kalawana Pahala 728/B
gn.kalawanasouth527b,Kalawana South 527/B
gn.kalawanawest644,Kalawana West 644
gn.kalmunai22b,Kalmunai 22/B
gn.kalmunai256,Kalmunai 256
gn.kalmunai751,Kalmunai 751
gn.kalmunaicentral206a,Kalmunai Central 206/A
gn.kalmunaicentral234c,Kalmunai Central 234/C
gn.kalmunaicentral631a,Kalmunai Central 631/A
gn.kalmunaieast952,Kalmunai East 952
gn.kalmunaiihala603,Kalmunai Ihala 603
gn.kalmunaiihala623b,Kalmunai Ihala 623/B
gn.kalmunaiihala814b,Kalmunai Ihala 814/B
gn.kalmunainorth,Kalmunai North
gn.kalmunainorth861c,Kalmunai North 861/C
gn.kalmunaipahala,Kalmunai Pahala
gn.kalmunaipahala52a,Kalmunai Pahala 52/A
gn.kalmunaipahala646c,Kalmunai Pahala 646/C
gn.kalmunaisouth965a,Kalmunai South 965/A
gn.kalmunaiwest,Kalmunai West
gn.kalmunaiwest169b,Kalmunai West 169/B
gn.kalmunaiwest477c,Kalmunai West 477/C
gn.kalmunaiwest992,Kalmunai West 992
gn.kalpitiya,Kalpitiya
gn.kalpitiya900a,Kalpitiya 900/A
gn.kalpitiya969b,Kalpitiya 969/B
gn.kalpitiyacentral,Kalpitiya Central
gn.kalpitiyacentral3a,Kalpitiya Central 3/A
gn.kalpitiyacentral390c,Kalpitiya Central 390/C
gn.kalpitiyaeast,Kalpitiya East
gn.kalpitiyaeast867c,Kalpitiya East 867/C
gn.kalpitiyaeast991a,Kalpitiya East 991/A
gn.kalpitiyaihala,Kalpitiya Ihala
gn.kalpitiyanorth,Kalpitiya North
gn.kalpitiyanorth302a,Kalpitiya North 302/A
gn.kalpitiyasouth347,Kalpitiya South 347
gn.kalpitiyasouth532a,Kalpitiya South 532/A
gn.kalpitiyasouth807c,Kalpitiya South 807/C
gn.kalpitiyawest,Kalpitiya West
gn.kalpitiyawest111b,Kalpitiya West 111/B
gn.kalpitiyawest30b,Kalpitiya West 30/B
gn.kalpitiyawest911c,Kalpitiya West 911/C
gn.kaludeniyacentral481b,Kaludeniya Central 481/B
gn.kaludeniyacentral70b,Kaludeniya Central 70/B
gn.kaludeniyaeast,Kaludeniya East
gn.kaludeniyaeast261,Kaludeniya East 261
gn.kaludeniyaeast371c,Kaludeniya East 371/C
gn.kaludeniyaeast972b,Kaludeniya East 972/B
gn.kaludeniyaihala834b,Kaludeniya Ihala 834/B
gn.kaludeniyanorth,Kaludeniya North
gn.kaludeniyapahala,Kaludeniya Pahala
gn.kaludeniyasouth18c,Kaludeniya South 18/C
gn.kaludeniyawest,Kaludeniya West
gn.kalugala701b,Kalugala 701/B
gn.kalugalacentral57b,Kalugala Central 57/B
gn.kalugalacentral778a,Kalugala Central 778/A
gn.kalugalacentral95b,Kalugala Central 95/B
gn.kalugalaeast784,Kalugala East 784
gn.kalugalaeast926,Kalugala East 926
gn.kalugalanorth71c,Kalugala North 71/C
gn.kalugalapahala351b,Kalugala Pahala 351/B
gn.kalugalasouth251,Kalugala South 251
gn.kalugalasouth877c,Kalugala South 877/C
gn.kalugalawest275,Kalugala West 275
gn.kalugalawest799,Kalugala West 799
gn.kalugama,Kalugama
gn.kalugama33,Kalugama 33
gn.kalugama547,Kalugama 547
gn.kalugama976b,Kalugama 976/B
gn.kalugamacentral,Kalugama Central
gn.kalugamacentral308,Kalugama Central 308
gn.kalugamaeast325a,Kalugama East 325/A
gn.kalugamaihala605b,Kalugama Ihala 605/B
gn.kalugamaihala793b,Kalugama Ihala 793/B
gn.kalugamanorth,Kalugama North
gn.kalugamanorth205a,Kalugama North 205/A
gn.kalugamanorth641,Kalugama North 641
gn.kalugamapahala,Kalugama Pahala
gn.kalugamapahala111,Kalugama Pahala 111
gn.kalugamapahala83a,Kalugama Pahala 83/A
gn.kalugamasouth404,Kalugama South 404
gn.kalugamasouth41,Kalugama South 41
gn.kalugamasouth957c,Kalugama South 957/C
gn.kalugamawest,Kalugama West
gn.kalugamawest145b,Kalugama West 145/B
gn.kalugamawest404b,Kalugama West 404/B
gn.kalugamawest58a,Kalugama West 58/A
gn.kalugamawest585a,Kalugama West 585/A
gn.kalugamuwa378b,Kalugamuwa 378/B
gn.kalugamuwacentral,Kalugamuwa Central
gn.kalugamuwacentral325b,Kalugamuwa Central 325/B
gn.kalugamuwacentral853b,Kalugamuwa Central 853/B
gn.kalugamuwaeast132a,Kalugamuwa East 132/A
gn.kalugamuwaeast950c,Kalugamuwa East 950/C
gn.kalugamuwaihala112b,Kalugamuwa Ihala 112/B
gn.kalugamuwanorth668b,Kalugamuwa North 668/B
gn.kalugamuwanorth67c,Kalugamuwa North 67/C
gn.kalugamuwanorth988b,Kalugamuwa North 988/B
gn.kalugamuwapahala,Kalugamuwa Pahala
gn.kalugamuwapahala618b,Kalugamuwa Pahala 618/B
gn.kalugamuwapahala71c,Kalugamuwa Pahala 71/C
gn.kalugamuwasouth407a,Kalugamuwa South 407/A
gn.kalugamuwasouth885c,Kalugamuwa South 885/C
gn.kalugamuwawest781,Kalugamuwa West 781
gn.kalugamuwawest877a,Kalugamuwa West 877/A
gn.kalugamuwawest99c,Kalugamuwa West 99/C
gn.kalugedara,Kalugedara
gn.kalugedara531a,Kalugedara 531/A
gn.kalugedaracentral,Kalugedara Central
gn.kalugedaracentral213a,Kalugedara Central 213/A
gn.kalugedaraeast,Kalugedara East
gn.kalugedaraeast590b,Kalugedara East 590/B
gn.kalugedaraihala,Kalugedara Ihala
gn.kalugedaraihala39a,Kalugedara Ihala 39/A
gn.kalugedaraihala557a,Kalugedara Ihala 557/A
gn.kalugedarapahala,Kalugedara Pahala
gn.kalugedarapahala243a,Kalugedara Pahala 243/A
gn.kalugedarapahala475a,Kalugedara Pahala 475/A
gn.kalugedarasouth,Kalugedara South
gn.kalugedarasouth860a,Kalugedara South 860/A
gn.kalugedarawest495a,Kalugedara West 495/A
gn.kalugedarawest525c,Kalugedara West 525/C
gn.kalugedarawest618,Kalugedara West 618
gn.kalugoda,Kalugoda
gn.kalugoda710c,Kalugoda 710/C
gn.kalugodacentral,Kalugoda Central
gn.kalugodacentral252b,Kalugoda Central 252/B
gn.kalugodaeast,Kalugoda East
gn.kalugodanorth,Kalugoda North
gn.kalugodapahala,Kalugoda Pahala
gn.kalugodapahala273a,Kalugoda Pahala 273/A
gn.kalugodapahala520b,Kalugoda Pahala 520/B
gn.kalugodapahala651,Kalugoda Pahala 651
gn.kalugodapahala989,Kalugoda Pahala 989
gn.kalugodasouth,Kalugoda South
gn.kalugodasouth412,Kalugoda South 412
gn.kalugodasouth94b,Kalugoda South 94/B
gn.kalugodawest10c,Kalugoda West 10/C
gn.kaluhena201,Kaluhena 201
gn.kaluhena911,Kaluhena 911
gn.kaluhena977c,Kaluhena 977/C
gn.kaluhenacentral8,Kaluhena Central 8
gn.kaluhenaeast,Kaluhena East
gn.kaluhenaeast124b,Kaluhena East 124/B
gn.kaluhenaeast281,Kaluhena East 281
gn.kaluhenaeast791c,Kaluhena East 791/C
gn.kaluhenaeast830c,Kaluhena East 830/C
gn.kaluhenaihala,Kaluhena Ihala
gn.kaluhenanorth321c,Kaluhena North 321/C
gn.kaluhenapahala,Kaluhena Pahala
gn.kaluhenasouth169c,Kaluhena South 169/C
gn.kalukaduwacentral,Kalukaduwa Central
gn.kalukaduwacentral821a,Kalukaduwa Central 821/A
gn.kalukaduwaeast484a,Kalukaduwa East 484/A
gn.kalukaduwaeast556,Kalukaduwa East 556
gn.kalukaduwaeast667b,Kalukaduwa East 667/B
gn.kalukaduwaihala,Kalukaduwa Ihala
gn.kalukaduwaihala114a,Kalukaduwa Ihala 114/A
gn.kalukaduwaihala682c,Kalukaduwa Ihala 682/C
gn.kalukaduwanorth154,Kalukaduwa North 154
gn.kalukaduwanorth620b,Kalukaduwa North 620/B
gn.kalukaduwapahala855c,Kalukaduwa Pahala 855/C
gn.kalukaduwasouth,Kalukaduwa South
gn.kalukaduwasouth968,Kalukaduwa South 968
gn.kalukaduwawest,Kalukaduwa West
gn.kalukaduwawest113,Kalukaduwa West 113
gn.kalukaduwawest811b,Kalukaduwa West 811/B
gn.kalukaduwawest905b,Kalukaduwa West 905/B
gn.kalukaduwawest999,Kalukaduwa West 999
gn.kalukanda,Kalukanda
gn.kalukanda520b,Kalukanda 520/B
gn.kalukanda932c,Kalukanda 932/C
gn.kalukandacentral992a,Kalukanda Central 992/A
gn.kalukandaeast,Kalukanda East
gn.kalukandaeast136c,Kalukanda East 136/C
gn.kalukandaihala375a,Kalukanda Ihala 375/A
gn.kalukandaihala398c,Kalukanda Ihala 398/C
gn.kalukandaihala670c,Kalukanda Ihala 670/C
gn.kalukandaihala832a,Kalukanda Ihala 832/A
gn.kalukandaihala990a,Kalukanda Ihala 990/A
gn.kalukandanorth,Kalukanda North
gn.kalukandanorth393b,Kalukanda North 393/B
gn.kalukandanorth393c,Kalukanda North 393/C
gn.kalukandapahala246b,Kalukanda Pahala 246/B
gn.kalukandapahala39c,Kalukanda Pahala 39/C
gn.kalukandapahala952a,Kalukanda Pahala 952/A
gn.kalukandasouth10c,Kalukanda South 10/C
gn.kalukandawest118c,Kalukanda West 118/C
gn.kalukumbura588a,Kalukumbura 588/A
gn.kalukumbura922c,Kalukumbura 922/C
gn.kalukumburaihala183,Kalukumbura Ihala 183
gn.kalukumburaihala260,Kalukumbura Ihala 260
gn.kalukumburaihala543b,Kalukumbura Ihala 543/B
gn.kalukumburanorth,Kalukumbura North
gn.kalukumburasouth,Kalukumbura South
gn.kalukumburawest186b,Kalukumbura West 186/B
gn.kalukumburawest350,Kalukumbura West 350
gn.kalumulla,Kalumulla
gn.kalumulla947c,Kalumulla 947/C
gn.kalumullacentral14b,Kalumulla Central 14/B
gn.kalumullaihala,Kalumulla Ihala
gn.kalumullaihala235c,Kalumulla Ihala 235/C
gn.kalumullanorth403a,Kalumulla North 403/A
gn.kalumullapahala565,Kalumulla Pahala 565
gn.kalumullapahala990a,Kalumulla Pahala 990/A
gn.kalumullawest424b,Kalumulla West 424/B
gn.kaluoya,Kaluoya
gn.kaluoya343,Kaluoya 343
gn.kaluoya583c,Kaluoya 583/C
gn.kaluoya601b,Kaluoya 601/B
gn.kaluoyacentral875c,Kaluoya Central 875/C
gn.kaluoyaeast409a,Kaluoya East 409/A
gn.kaluoyaeast510c,Kaluoya East 510/C
gn.kaluoyaeast577,Kaluoya East 577
gn.kaluoyaihala20b,Kaluoya Ihala 20/B
gn.kaluoyaihala722a,Kaluoya Ihala 722/A
gn.kaluoyanorth89c,Kaluoya North 89/C
gn.kaluoyapahala495,Kaluoya Pahala 495
gn.kaluoyasouth195,Kaluoya South 195
gn.kaluoyawest900,Kaluoya West 900
gn.kalupitiya994b,Kalupitiya 994/B
gn.kalupitiyacentral,Kalupitiya Central
gn.kalupitiyacentral909,Kalupitiya Central 909
gn.kalupitiyacentral965c,Kalupitiya Central 965/C
gn.kalupitiyaeast45c,Kalupitiya East 45/C
gn.kalupitiyanorth972c,Kalupitiya North 972/C
gn.kalupitiyapahala212,Kalupitiya Pahala 212
gn.kalupitiyapahala289,Kalupitiya Pahala 289
gn.kalupitiyapahala409b,Kalupitiya Pahala 409/B
gn.kalupitiyasouth,Kalupitiya South
gn.kalupitiyasouth672c,Kalupitiya South 672/C
gn.kalupitiyawest424a,Kalupitiya West 424/A
gn.kalupura847,Kalupura 847
gn.kalupuracentral,Kalupura Central
gn.kalupuracentral377c,Kalupura Central 377/C
gn.kalupuracentral630a,Kalupura Central 630/A
gn.kalupuraeast110a,Kalupura East 110/A
gn.kalupuranorth643b,Kalupura North 643/B
gn.kalupurapahala746b,Kalupura Pahala 746/B
gn.kalupurasouth,Kalupura South
gn.kalupurasouth793a,Kalupura South 793/A
gn.kalupurawest,Kalupura West
gn.kalutara,Kalutara
gn.kalutara90,Kalutara 90
gn.kalutaracentral199c,Kalutara Central 199/C
gn.kalutaraeast871,Kalutara East 871
gn.kalutaraeast894,Kalutara East 894
gn.kalutaraeast94,Kalutara East 94
gn.kalutaranorth165b,Kalutara North 165/B
gn.kalutarapahala343,Kalutara Pahala 343
gn.kalutarapahala478,Kalutara Pahala 478
gn.kalutarapahala486a,Kalutara Pahala 486/A
gn.kalutarapahala799b,Kalutara Pahala 799/B
gn.kalutarapahala875a,Kalutara Pahala 875/A
gn.kalutarasouth,Kalutara South
gn.kalutarasouth527a,Kalutara South 527/A
gn.kalutarawest,Kalutara West
gn.kalutarawest460b,Kalutara West 460/B
gn.kalutota,Kalutota
gn.kalutota439a,Kalutota 439/A
gn.kalutotacentral20c,Kalutota Central 20/C
gn.kalutotaeast674,Kalutota East 674
gn.kalutotaihala432c,Kalutota Ihala 432/C
gn.kalutotaihala664b,Kalutota Ihala 664/B
gn.kalutotanorth288b,Kalutota North 288/B
gn.kalutotapahala,Kalutota Pahala
gn.kalutotapahala492c,Kalutota Pahala 492/C
gn.kalutotapahala6a,Kalutota Pahala 6/A
gn.kalutotasouth,Kalutota South
gn.kalutotasouth584c,Kalutota South 584/C
gn.kalutotawest,Kalutota West
gn.kalutotawest109,Kalutota West 109
gn.kaluwatta,Kaluwatta
gn.kaluwatta795c,Kaluwatta 795/C
gn.kaluwatta83c,Kaluwatta 83/C
gn.kaluwattacentral,Kaluwatta Central
gn.kaluwattacentral180b,Kaluwatta Central 180/B
gn.kaluwattacentral983b,Kaluwatta Central 983/B
gn.kaluwattaeast807c,Kaluwatta East 807/C
gn.kaluwattaeast889,Kaluwatta East 889
gn.kaluwattaeast937c,Kaluwatta East 937/C
gn.kaluwattaihala543a,Kaluwatta Ihala 543/A
gn.kaluwattanorth95c,Kaluwatta North 95/C
gn.kaluwattapahala,Kaluwatta Pahala
gn.kaluwattapahala600c,Kaluwatta Pahala 600/C
gn.kaluwattasouth77,Kaluwatta South 77
gn.kaluwattawest,Kaluwatta West
gn.kaluwela657a,Kaluwela 657/A
gn.kaluwelacentral,Kaluwela Central
gn.kaluwelacentral121b,Kaluwela Central 121/B
gn.kaluwelacentral128a,Kaluwela Central 128/A
gn.kaluwelacentral373b,Kaluwela Central 373/B
gn.kaluwelaeast250b,Kaluwela East 250/B
gn.kaluwelaeast496a,Kaluwela East 496/A
gn.kaluwelaihala148a,Kaluwela Ihala 148/A
gn.kaluwelanorth796c,Kaluwela North 796/C
gn.kaluwelanorth985,Kaluwela North 985
gn.kaluwelapahala,Kaluwela Pahala
gn.kaluwelapahala181c,Kaluwela Pahala 181/C
gn.kamburupitiya,Kamburupitiya
gn.kamburupitiya922,Kamburupitiya 922
gn.kamburupitiyacentral,Kamburupitiya Central
gn.kamburupitiyacentral714b,Kamburupitiya Central 714/B
gn.kamburupitiyaeast,Kamburupitiya East
gn.kamburupitiyaeast75c,Kamburupitiya East 75/C
gn.kamburupitiyaeast825,Kamburupitiya East 825
gn.kamburupitiyaihala,Kamburupitiya Ihala
gn.kamburupitiyaihala240c,Kamburupitiya Ihala 240/C
gn.kamburupitiyanorth,Kamburupitiya North
gn.kamburupitiyapahala371b,Kamburupitiya Pahala 371/B
gn.kamburupitiyasouth,Kamburupitiya South
gn.kamburupitiyasouth414,Kamburupitiya South 414
gn.kamburupitiyawest,Kamburupitiya West
gn.kamburupitiyawest373c,Kamburupitiya West 373/C
gn.kamburupitiyawest615,Kamburupitiya West 615
gn.kamburupitiyawest7b,Kamburupitiya West 7/B
gn.kandaketiya,Kandaketiya
gn.kandaketiya948,Kandaketiya 948
gn.kandaketiyacentral,Kandaketiya Central
gn.kandaketiyacentral369c,Kandaketiya Central 369/C
gn.kandaketiyacentral453b,Kandaketiya Central 453/B
gn.kandaketiyacentral742b,Kandaketiya Central 742/B
gn.kandaketiyaeast,Kandaketiya East
gn.kandaketiyaeast851c,Kandaketiya East 851/C
gn.kandaketiyaihala586b,Kandaketiya Ihala 586/B
gn.kandaketiyaihala938a,Kandaketiya Ihala 938/A
gn.kandaketiyanorth,Kandaketiya North
gn.kandaketiyanorth58,Kandaketiya North 58
gn.kandaketiyanorth723a,Kandaketiya North 723/A
gn.kandaketiyanorth755a,Kandaketiya North 755/A
gn.kandaketiyapahala,Kandaketiya Pahala
gn.kandaketiyapahala220,Kandaketiya Pahala 220
gn.kandaketiyapahala65,Kandaketiya Pahala 65
gn.kandaketiyapahala878a,Kandaketiya Pahala 878/A
gn.kandaketiyawest,Kandaketiya West
gn.kandaketiyawest490a,Kandaketiya West 490/A
gn.kandavalai,Kandavalai
gn.kandavalai107c,Kandavalai 107/C
gn.kandavalai223c,Kandavalai 223/C
gn.kandavalai62c,Kandavalai 62/C
gn.kandavalai651b,Kandavalai 651/B
gn.kandavalai66b,Kandavalai 66/B
gn.kandavalai981a,Kandavalai 981/A
gn.kandavalaicentral,Kandavalai Central
gn.kandavalaicentral538c,Kandavalai Central 538/C
gn.kandavalaicentral607b,Kandavalai Central 607/B
gn.kandavalaicentral670b,Kandavalai Central 670/B
gn.kandavalaieast346a,Kandavalai East 346/A
gn.kandavalaieast358a,Kandavalai East 358/A
gn.kandavalaieast381c,Kandavalai East 381/C
gn.kandavalaiihala,Kandavalai Ihala
gn.kandavalaiihala660,Kandavalai Ihala 660
gn.kandavalainorth,Kandavalai North
gn.kandavalainorth63b,Kandavalai North 63/B
gn.kandavalaipahala,Kandavalai Pahala
gn.kandavalaipahala278a,Kandavalai Pahala 278/A
gn.kandavalaipahala33a,Kandavalai Pahala 33/A
gn.kandavalaipahala639c,Kandavalai Pahala 639/C
gn.kandavalaipahala824c,Kandavalai Pahala 824/C
gn.kandavalaisouth,Kandavalai South
gn.kandavalaisouth783,Kandavalai South 783
gn.kandavalaiwest544b,Kandavalai West 544/B
gn.kandavalaiwest63c,Kandavalai West 63/C
gn.kandavalaiwest657,Kandavalai West 657
gn.kandavalaiwest689c,Kandavalai West 689/C
gn.kandavalaiwest783b,Kandavalai West 783/B
gn.kandy,Kandy
gn.kandy607c,Kandy 607/C
gn.kandycentral,Kandy Central
gn.kandycentral209c,Kandy Central 209/C
gn.kandycentral290c,Kandy Central 290/C
gn.kandyeast,Kandy East
gn.kandyeast781b,Kandy East 781/B
gn.kandyihala,Kandy Ihala
gn.kandyihala121a,Kandy Ihala 121/A
gn.kandyihala634c,Kandy Ihala 634/C
gn.kandynorth119c,Kandy North 119/C
gn.kandynorth775b,Kandy North 775/B
gn.kandysouth,Kandy South
gn.kantale,Kantale
gn.kantaleeast,Kantale East
gn.kantaleihala,Kantale Ihala
gn.kantalepahala,Kantale Pahala
gn.kantalesouth,Kantale South
gn.kantalesouth328,Kantale South 328
gn.kantalesouth423,Kantale South 423
gn.kantalesouth790a,Kantale South 790/A
gn.kantalewest746,Kantale West 746
gn.karachchi,Karachchi
gn.karachchi157a,Karachchi 157/A
gn.karachchi935a,Karachchi 935/A
gn.karachchicentral,Karachchi Central
gn.karachchicentral321a,Karachchi Central 321/A
gn.karachchicentral620,Karachchi Central 620
gn.karachchieast277,Karachchi East 277
gn.karachchiihala,Karachchi Ihala
gn.karachchiihala771b,Karachchi Ihala 771/B
gn.karachchiihala817b,Karachchi Ihala 817/B
gn.karachchinorth,Karachchi North
gn.karachchinorth48,Karachchi North 48
gn.karachchinorth508a,Karachchi North 508/A
gn.karachchinorth659,Karachchi North 659
gn.karachchinorth890,Karachchi North 890
gn.karachchinorth926c,Karachchi North 926/C
gn.karachchisouth,Karachchi South
gn.karachchisouth314a,Karachchi South 314/A
gn.karachchisouth889b,Karachchi South 889/B
gn.karachchiwest,Karachchi West
gn.karainagar571a,Karainagar 571/A
gn.karainagarcentral,Karainagar Central
gn.karainagarcentral788c,Karainagar Central 788/C
gn.karainagarcentral973c,Karainagar Central 973/C
gn.karainagareast,Karainagar East
gn.karainagareast682a,Karainagar East 682/A
gn.karainagareast710b,Karainagar East 710/B
gn.karainagarihala,Karainagar Ihala
gn.karainagarnorth,Karainagar North
gn.karainagarnorth92a,Karainagar North 92/A
gn.karainagarpahala484b,Karainagar Pahala 484/B
gn.karainagarpahala59c,Karainagar Pahala 59/C
gn.karainagarsouth,Karainagar South
gn.karainagarsouth297,Karainagar South 297
gn.karainagarwest,Karainagar West
gn.karainagarwest24,Karainagar West 24
gn.karainagarwest84b,Karainagar West 84/B
gn.karaitivu691a,Karaitivu 691/A
gn.karaitivu846,Karaitivu 846
gn.karaitivucentral181c,Karaitivu Central 181/C
gn.karaitivucentral446c,Karaitivu Central 446/C
gn.karaitivueast,Karaitivu East
gn.karaitivueast976,Karaitivu East 976
gn.karaitivuihala,Karaitivu Ihala
gn.karaitivuihala748b,Karaitivu Ihala 748/B
gn.karaitivunorth129a,Karaitivu North 129/A
gn.karaitivunorth276,Karaitivu North 276
gn.karaitivunorth355c,Karaitivu North 355/C
gn.karaitivunorth602b,Karaitivu North 602/B
gn.karaitivupahala917c,Karaitivu Pahala 917/C
gn.karaitivupahala976,Karaitivu Pahala 976
gn.karaitivusouth122,Karaitivu South 122
gn.karaitivusouth509a,Karaitivu South 509/A
gn.karaitivuwest,Karaitivu West
gn.karaitivuwest861,Karaitivu West 861
gn.karandeniya,Karandeniya
gn.karandeniya696b,Karandeniya 696/B
gn.karandeniya780c,Karandeniya 780/C
gn.karandeniyacentral,Karandeniya Central
gn.karandeniyacentral445a,Karandeniya Central 445/A
gn.karandeniyacentral479,Karandeniya Central 479
gn.karandeniyacentral756a,Karandeniya Central 756/A
gn.karandeniyaeast,Karandeniya East
gn.karandeniyaeast322c,Karandeniya East 322/C
gn.karandeniyaeast572a,Karandeniya East 572/A
gn.karandeniyaeast615,Karandeniya East 615
gn.karandeniyaihala46a,Karandeniya Ihala 46/A
gn.karandeniyaihala996b,Karandeniya Ihala 996/B
gn.karandeniyanorth,Karandeniya North
gn.karandeniyanorth73b,Karandeniya North 73/B
gn.karandeniyapahala432c,Karandeniya Pahala 432/C
gn.karandeniyapahala950,Karandeniya Pahala 950
gn.karandeniyasouth,Karandeniya South
gn.karandeniyasouth985a,Karandeniya South 985/A
gn.karandeniyawest,Karandeniya West
gn.karandeniyawest652b,Karandeniya West 652/B
gn.karandeniyawest728,Karandeniya West 728
gn.karaveddy,Karaveddy
gn.karaveddy552b,Karaveddy 552/B
gn.karaveddycentral,Karaveddy Central
gn.karaveddycentral707c,Karaveddy Central 707/C
gn.karaveddyeast54c,Karaveddy East 54/C
gn.karaveddyihala,Karaveddy Ihala
gn.karaveddyihala714c,Karaveddy Ihala 714/C
gn.karaveddynorth,Karaveddy North
gn.karaveddynorth508a,Karaveddy North 508/A
gn.karaveddynorth884c,Karaveddy North 884/C
gn.karaveddysouth,Karaveddy South
gn.karaveddysouth787c,Karaveddy South 787/C
gn.karaveddywest,Karaveddy West
gn.karaveddywest308b,Karaveddy West 308/B
gn.karaveddywest410b,Karaveddy West 410/B
gn.karaveddywest54b,Karaveddy West 54/B
gn.karaveddywest972c,Karaveddy West 972/C
gn.karuwalagaswewa,Karuwalagaswewa
gn.karuwalagaswewa777a,Karuwalagaswewa 777/A
gn.karuwalagaswewacentral,Karuwalagaswewa Central
gn.karuwalagaswewacentral388a,Karuwalagaswewa Central 388/A
gn.karuwalagaswewacentral476b,Karuwalagaswewa Central 476/B
gn.karuwalagaswewaeast,Karuwalagaswewa East
gn.karuwalagaswewaeast17b,Karuwalagaswewa East 17/B
gn.karuwalagaswewaeast39a,Karuwalagaswewa East 39/A
gn.karuwalagaswewaeast545c,Karuwalagaswewa East 545/C
gn.karuwalagaswewaeast594c,Karuwalagaswewa East 594/C
gn.karuwalagaswewaihala,Karuwalagaswewa Ihala
gn.karuwalagaswewaihala418,Karuwalagaswewa Ihala 418
gn.karuwalagaswewaihala755c,Karuwalagaswewa Ihala 755/C
gn.karuwalagaswewaihala772c,Karuwalagaswewa Ihala 772/C
gn.karuwalagaswewanorth,Karuwalagaswewa North
gn.karuwalagaswewanorth404,Karuwalagaswewa North 404
gn.karuwalagaswewapahala134b,Karuwalagaswewa Pahala 134/B
gn.karuwalagaswewapahala668a,Karuwalagaswewa Pahala 668/A
gn.karuwalagaswewasouth35,Karuwalagaswewa South 35
gn.karuwalagaswewawest328c,Karuwalagaswewa West 328/C
gn.karuwalagaswewawest605b,Karuwalagaswewa West 605/B
gn.katana,Katana
gn.katana166c,Katana 166/C
gn.katana761,Katana 761
gn.katanacentral,Katana Central
gn.katanacentral186a,Katana Central 186/A
gn.katanaihala,Katana Ihala
gn.katanaihala204a,Katana Ihala 204/A
gn.katanaihala680b,Katana Ihala 680/B
gn.katanaihala96a,Katana Ihala 96/A
gn.katanaihala964c,Katana Ihala 964/C
gn.katananorth,Katana North
gn.katananorth431a,Katana North 431/A
gn.katananorth882,Katana North 882
gn.katananorth966,Katana North 966
gn.katanapahala,Katana Pahala
gn.katanapahala263b,Katana Pahala 263/B
gn.katanawest,Katana West
gn.katanawest53c,Katana West 53/C
gn.katanawest63a,Katana West 63/A
gn.kataragama616a,Kataragama 616/A
gn.kataragama64a,Kataragama 64/A
gn.kataragama782b,Kataragama 782/B
gn.kataragamacentral169,Kataragama Central 169
gn.kataragamacentral765b,Kataragama Central 765/B
gn.kataragamacentral991,Kataragama Central 991
gn.kataragamaeast48a,Kataragama East 48/A
gn.kataragamaeast623c,Kataragama East 623/C
gn.kataragamaeast642,Kataragama East 642
gn.kataragamaeast731a,Kataragama East 731/A
gn.kataragamaihala,Kataragama Ihala
gn.kataragamaihala649c,Kataragama Ihala 649/C
gn.kataragamaihala741b,Kataragama Ihala 741/B
gn.kataragamanorth,Kataragama North
gn.kataragamapahala,Kataragama Pahala
gn.kataragamapahala614b,Kataragama Pahala 614/B
gn.kataragamasouth,Kataragama South
gn.kataragamawest65a,Kataragama West 65/A
gn.kattankudy,Kattankudy
gn.kattankudy337c,Kattankudy 337/C
gn.kattankudycentral,Kattankudy Central
gn.kattankudycentral310c,Kattankudy Central 310/C
gn.kattankudycentral4c,Kattankudy Central 4/C
gn.kattankudycentral858a,Kattankudy Central 858/A
gn.kattankudyihala,Kattankudy Ihala
gn.kattankudyihala628,Kattankudy Ihala 628
gn.kattankudyihala809c,Kattankudy Ihala 809/C
gn.kattankudynorth,Kattankudy North
gn.kattankudynorth627b,Kattankudy North 627/B
gn.kattankudypahala45a,Kattankudy Pahala 45/A
gn.kattankudysouth227b,Kattankudy South 227/B
gn.kattankudysouth252b,Kattankudy South 252/B
gn.kattankudywest,Kattankudy West
gn.kattankudywest169b,Kattankudy West 169/B
gn.kattankudywest423b,Kattankudy West 423/B
gn.kattankudywest499b,Kattankudy West 499/B
gn.kattankudywest817b,Kattankudy West 817/B
gn.kattankudywest92c,Kattankudy West 92/C
gn.katuwana,Katuwana
gn.katuwana398a,Katuwana 398/A
gn.katuwanacentral,Katuwana Central
gn.katuwanacentral386a,Katuwana Central 386/A
gn.katuwanaeast406b,Katuwana East 406/B
gn.katuwanaeast45,Katuwana East 45
gn.katuwanaeast473,Katuwana East 473
gn.katuwanaeast769,Katuwana East 769
gn.katuwanaeast815a,Katuwana East 815/A
gn.katuwanaihala,Katuwana Ihala
gn.katuwanaihala196,Katuwana Ihala 196
gn.katuwanaihala607c,Katuwana Ihala 607/C
gn.katuwanaihala699c,Katuwana Ihala 699/C
gn.katuwananorth,Katuwana North
gn.katuwananorth424a,Katuwana North 424/A
gn.katuwanapahala,Katuwana Pahala
gn.katuwanasouth574a,Katuwana South 574/A
gn.katuwanasouth706b,Katuwana South 706/B
gn.katuwanawest,Katuwana West
gn.katuwanawest569,Katuwana West 569
gn.katuwanawest682c,Katuwana West 682/C
gn.katuwanawest880a,Katuwana West 880/A
gn.kayts,Kayts
gn.kayts23c,Kayts 23/C
gn.kayts480c,Kayts 480/C
gn.kayts560,Kayts 560
gn.kayts738a,Kayts 738/A
gn.kaytseast736,Kayts East 736
gn.kaytseast920b,Kayts East 920/B
gn.kaytsihala,Kayts Ihala
gn.kaytsnorth,Kayts North
gn.kaytsnorth267a,Kayts North 267/A
gn.kaytspahala,Kayts Pahala
gn.kaytspahala743a,Kayts Pahala 743/A
gn.kaytspahala981,Kayts Pahala 981
gn.kaytssouth43b,Kayts South 43/B
gn.kaytswest425,Kayts West 425
gn.kaytswest661c,Kayts West 661/C
gn.kaytswest780a,Kayts West 780/A
gn.kaytswest955a,Kayts West 955/A
gn.kebithigollewa552a,Kebithigollewa 552/A
gn.kebithigollewa695b,Kebithigollewa 695/B
gn.kebithigollewa908,Kebithigollewa 908
gn.kebithigollewa936,Kebithigollewa 936
gn.kebithigollewacentral,Kebithigollewa Central
gn.kebithigollewacentral860c,Kebithigollewa Central 860/C
gn.kebithigollewacentral93,Kebithigollewa Central 93
gn.kebithigollewaeast,Kebithigollewa East
gn.kebithigollewaeast437,Kebithigollewa East 437
gn.kebithigollewaeast933c,Kebithigollewa East 933/C
gn.kebithigollewaihala227,Kebithigollewa Ihala 227
gn.kebithigollewaihala278a,Kebithigollewa Ihala 278/A
gn.kebithigollewaihala611c,Kebithigollewa Ihala 611/C
gn.kebithigollewanorth491,Kebithigollewa North 491
gn.kebithigollewapahala,Kebithigollewa Pahala
gn.kebithigollewapahala469c,Kebithigollewa Pahala 469/C
gn.kebithigollewapahala585c,Kebithigollewa Pahala 585/C
gn.kebithigollewapahala764c,Kebithigollewa Pahala 764/C
gn.kebithigollewapahala93a,Kebithigollewa Pahala 93/A
gn.kebithigollewasouth,Kebithigollewa South
gn.kebithigollewasouth837c,Kebithigollewa South 837/C
gn.kebithigollewasouth918a,Kebithigollewa South 918/A
gn.kebithigollewawest,Kebithigollewa West
gn.kebithigollewawest925c,Kebithigollewa West 925/C
gn.kegalle143b,Kegalle 143/B
gn.kegalle654b,Kegalle 654/B
gn.kegallecentral,Kegalle Central
gn.kegallecentral190,Kegalle Central 190
gn.kegallecentral345,Kegalle Central 345
gn.kegalleeast,Kegalle East
gn.kegalleeast259a,Kegalle East 259/A
gn.kegalleeast588c,Kegalle East 588/C
gn.kegalleihala,Kegalle Ihala
gn.kegalleihala361,Kegalle Ihala 361
gn.kegallenorth,Kegalle North
gn.kegallenorth149b,Kegalle North 149/B
gn.kegallenorth844a,Kegalle North 844/A
gn.kegallepahala,Kegalle Pahala
gn.kegallesouth,Kegalle South
gn.kegallesouth173,Kegalle South 173
gn.kegallesouth76a,Kegalle South 76/A
gn.kegallesouth963a,Kegalle South 963/A
gn.kegallewest751c,Kegalle West 751/C
gn.kegallewest799c,Kegalle West 799/C
gn.kegallewest800b,Kegalle West 800/B
gn.kekirawa141,Kekirawa 141
gn.kekirawa589c,Kekirawa 589/C
gn.kekirawacentral,Kekirawa Central
gn.kekirawacentral188c,Kekirawa Central 188/C
gn.kekirawacentral8c,Kekirawa Central 8/C
gn.kekirawaeast499c,Kekirawa East 499/C
gn.kekirawaeast674a,Kekirawa East 674/A
gn.kekirawaeast730c,Kekirawa East 730/C
gn.kekirawaihala,Kekirawa Ihala
gn.kekirawaihala111b,Kekirawa Ihala 111/B
gn.kekirawaihala923a,Kekirawa Ihala 923/A
gn.kekirawaihala935a,Kekirawa Ihala 935/A
gn.kekirawanorth,Kekirawa North
gn.kekirawanorth613c,Kekirawa North 613/C
gn.kekirawanorth628c,Kekirawa North 628/C
gn.kekirawanorth664c,Kekirawa North 664/C
gn.kekirawapahala225c,Kekirawa Pahala 225/C
gn.kekirawapahala354b,Kekirawa Pahala 354/B
gn.kekirawapahala458,Kekirawa Pahala 458
gn.kekirawapahala571,Kekirawa Pahala 571
gn.kekirawapahala933b,Kekirawa Pahala 933/B
gn.kekirawasouth19c,Kekirawa South 19/C
gn.kekirawasouth61a,Kekirawa South 61/A
gn.kekirawawest,Kekirawa West
gn.kekirawawest2b,Kekirawa West 2/B
gn.kekirawawest697a,Kekirawa West 697/A
gn.kekirawawest833,Kekirawa West 833
gn.kelaniya880,Kelaniya 880
gn.kelaniyacentral582,Kelaniya Central 582
gn.kelaniyaeast6b,Kelaniya East 6/B
gn.kelaniyaihala,Kelaniya Ihala
gn.kelaniyaihala315b,Kelaniya Ihala 315/B
gn.kelaniyaihala639c,Kelaniya Ihala 639/C
gn.kelaniyapahala,Kelaniya Pahala
gn.kelaniyapahala110b,Kelaniya Pahala 110/B
gn.kelaniyasouth144a,Kelaniya South 144/A
gn.kelaniyawest509b,Kelaniya West 509/B
gn.kelaniyawest600a,Kelaniya West 600/A
gn.kesbewa50,Kesbewa 50
gn.kesbewa521,Kesbewa 521
gn.kesbewacentral797,Kesbewa Central 797
gn.kesbewacentral984,Kesbewa Central 984
gn.kesbewaeast,Kesbewa East
gn.kesbewaeast374c,Kesbewa East 374/C
gn.kesbewaihala,Kesbewa Ihala
gn.kesbewaihala789b,Kesbewa Ihala 789/B
gn.kesbewanorth,Kesbewa North
gn.kesbewanorth146b,Kesbewa North 146/B
gn.kesbewapahala,Kesbewa Pahala
gn.kesbewapahala859c,Kesbewa Pahala 859/C
gn.kesbewapahala865b,Kesbewa Pahala 865/B
gn.kesbewasouth,Kesbewa South
gn.kesbewasouth610c,Kesbewa South 610/C
gn.kesbewawest492,Kesbewa West 492
gn.kilinochchi,Kilinochchi
gn.kilinochchi872a,Kilinochchi 872/A
gn.kilinochchicentral,Kilinochchi Central
gn.kilinochchicentral232c,Kilinochchi Central 232/C
gn.kilinochchicentral370,Kilinochchi Central 370
gn.kilinochchicentral383c,Kilinochchi Central 383/C
gn.kilinochchieast214,Kilinochchi East 214
gn.kilinochchieast273c,Kilinochchi East 273/C
gn.kilinochchieast36,Kilinochchi East 36
gn.kilinochchieast38,Kilinochchi East 38
gn.kilinochchieast914,Kilinochchi East 914
gn.kilinochchiihala131a,Kilinochchi Ihala 131/A
gn.kilinochchiihala564a,Kilinochchi Ihala 564/A
gn.kilinochchiihala961,Kilinochchi Ihala 961
gn.kilinochchinorth779a,Kilinochchi North 779/A
gn.kilinochchipahala434a,Kilinochchi Pahala 434/A
gn.kilinochchisouth187,Kilinochchi South 187
gn.kilinochchiwest,Kilinochchi West
gn.kilinochchiwest570b,Kilinochchi West 570/B
gn.kilinochchiwest96a,Kilinochchi West 96/A
gn.kinniya,Kinniya
gn.kinniya279,Kinniya 279
gn.kinniyacentral876,Kinniya Central 876
gn.kinniyaeast931a,Kinniya East 931/A
gn.kinniyaihala,Kinniya Ihala
gn.kinniyaihala870,Kinniya Ihala 870
gn.kinniyanorth,Kinniya North
gn.kinniyanorth503a,Kinniya North 503/A
gn.kinniyanorth591c,Kinniya North 591/C
gn.kinniyanorth978a,Kinniya North 978/A
gn.kinniyapahala578b,Kinniya Pahala 578/B
gn.kinniyapahala618a,Kinniya Pahala 618/A
gn.kinniyapahala921c,Kinniya Pahala 921/C
gn.kinniyasouth571b,Kinniya South 571/B
gn.kinniyasouth999c,Kinniya South 999/C
gn.kinniyawest,Kinniya West
gn.kinniyawest375,Kinniya West 375
gn.kiriella18a,Kiriella 18/A
gn.kiriella341b,Kiriella 341/B
gn.kiriella577a,Kiriella 577/A
gn.kiriella914,Kiriella 914
gn.kiriellacentral,Kiriella Central
gn.kiriellaeast1,Kiriella East 1
gn.kiriellaihala,Kiriella Ihala
gn.kiriellaihala360b,Kiriella Ihala 360/B
gn.kiriellaihala552b,Kiriella Ihala 552/B
gn.kiriellaihala870b,Kiriella Ihala 870/B
gn.kiriellaihala90b,Kiriella Ihala 90/B
gn.kiriellaihala935c,Kiriella Ihala 935/C
gn.kiriellanorth,Kiriella North
gn.kiriellanorth456b,Kiriella North 456/B
gn.kiriellapahala358b,Kiriella Pahala 358/B
gn.kiriellasouth,Kiriella South
gn.kiriellasouth254b,Kiriella South 254/B
gn.kiriellasouth764,Kiriella South 764
gn.kiriellawest,Kiriella West
gn.kiriellawest654b,Kiriella West 654/B
gn.kiriellawest738a,Kiriella West 738/A
gn.kolonnawa231,Kolonnawa 231
gn.kolonnawa247a,Kolonnawa 247/A
gn.kolonnawacentral885,Kolonnawa Central 885
gn.kolonnawacentral895a,Kolonnawa Central 895/A
gn.kolonnawaeast,Kolonnawa East
gn.kolonnawaeast619a,Kolonnawa East 619/A
gn.kolonnawaeast752a,Kolonnawa East 752/A
gn.kolonnawaihala,Kolonnawa Ihala
gn.kolonnawaihala424,Kolonnawa Ihala 424
gn.kolonnawaihala524a,Kolonnawa Ihala 524/A
gn.kolonnawapahala,Kolonnawa Pahala
gn.kolonnawapahala416b,Kolonnawa Pahala 416/B
gn.kolonnawapahala658,Kolonnawa Pahala 658
gn.kolonnawasouth,Kolonnawa South
gn.kolonnawawest,Kolonnawa West
gn.kolonnawawest100c,Kolonnawa West 100/C
gn.kolonnawawest128b,Kolonnawa West 128/B
gn.kolonnawawest215a,Kolonnawa West 215/A
gn.kopay267a,Kopay 267/A
gn.kopay35a,Kopay 35/A
gn.kopay470,Kopay 470
gn.kopay588a,Kopay 588/A
gn.kopaycentral,Kopay Central
gn.kopayeast,Kopay East
gn.kopayeast643,Kopay East 643
gn.kopayeast859b,Kopay East 859/B
gn.kopayeast891,Kopay East 891
gn.kopayihala,Kopay Ihala
gn.kopayihala541b,Kopay Ihala 541/B
gn.kopayihala761b,Kopay Ihala 761/B
gn.kopaynorth,Kopay North
gn.kopaynorth160b,Kopay North 160/B
gn.kopaynorth325b,Kopay North 325/B
gn.kopaynorth329,Kopay North 329
gn.kopaynorth525a,Kopay North 525/A
gn.kopaynorth723b,Kopay North 723/B
gn.kopaypahala,Kopay Pahala
gn.kopaypahala879,Kopay Pahala 879
gn.kopaypahala913b,Kopay Pahala 913/B
gn.kopaysouth,Kopay South
gn.kopaysouth918a,Kopay South 918/A
gn.kopaywest,Kopay West
gn.kopaywest762b,Kopay West 762/B
gn.koralai,Koralai
gn.koralai294a,Koralai 294/A
gn.koralai305a,Koralai 305/A
gn.koralai666c,Koralai 666/C
gn.koralaicentral599a,Koralai Central 599/A
gn.koralaicentral813c,Koralai Central 813/C
gn.koralaieast501a,Koralai East 501/A
gn.koralaieast519,Koralai East 519
gn.koralaiihala,Koralai Ihala
gn.koralaiihala536a,Koralai Ihala 536/A
gn.koralaiihala745b,Koralai Ihala 745/B
gn.koralainorth248c,Koralai North 248/C
gn.koralainorth830,Koralai North 830
gn.koralaipahala167,Koralai Pahala 167
gn.koralaisouth,Koralai South
gn.koralaisouth277a,Koralai South 277/A
gn.koralaisouth700c,Koralai South 700/C
gn.koralaisouth869b,Koralai South 869/B
gn.koralaiwest,Koralai West
gn.koralaiwest45c,Koralai West 45/C
gn.koralaiwest497a,Koralai West 497/A
gn.koralaiwest87a,Koralai West 87/A
gn.koralaiwest885c,Koralai West 885/C
gn.koralaiwest908b,Koralai West 908/B
gn.kothmalecentral,Kothmale Central
gn.kothmaleeast355a,Kothmale East 355/A
gn.kothmaleeast508,Kothmale East 508
gn.kothmaleeast873,Kothmale East 873
gn.kothmaleihala,Kothmale Ihala
gn.kothmaleihala294c,Kothmale Ihala 294/C
gn.kothmalenorth,Kothmale North
gn.kothmalenorth484,Kothmale North 484
gn.kothmalenorth527a,Kothmale North 527/A
gn.kothmalepahala,Kothmale Pahala
gn.kothmalepahala141,Kothmale Pahala 141
gn.kothmalepahala968c,Kothmale Pahala 968/C
gn.kothmalewest,Kothmale West
gn.kothmalewest602b,Kothmale West 602/B
gn.kothmalewest782,Kothmale West 782
gn.kuchchaveli353b,Kuchchaveli 353/B
gn.kuchchaveli365,Kuchchaveli 365
gn.kuchchaveli661,Kuchchaveli 661
gn.kuchchaveli811a,Kuchchaveli 811/A
gn.kuchchaveli894a,Kuchchaveli 894/A
gn.kuchchavelicentral,Kuchchaveli Central
gn.kuchchavelicentral490a,Kuchchaveli Central 490/A
gn.kuchchavelieast,Kuchchaveli East
gn.kuchchavelieast295c,Kuchchaveli East 295/C
gn.kuchchaveliihala,Kuchchaveli Ihala
gn.kuchchavelinorth,Kuchchaveli North
gn.kuchchavelinorth242,Kuchchaveli North 242
gn.kuchchavelinorth362c,Kuchchaveli North 362/C
gn.kuchchavelinorth369b,Kuchchaveli North 369/B
gn.kuchchavelinorth62b,Kuchchaveli North 62/B
gn.kuchchavelinorth634a,Kuchchaveli North 634/A
gn.kuchchavelipahala978,Kuchchaveli Pahala 978
gn.kuchchavelisouth,Kuchchaveli South
gn.kuchchavelisouth544a,Kuchchaveli South 544/A
gn.kuchchaveliwest,Kuchchaveli West
gn.kuchchaveliwest49b,Kuchchaveli West 49/B
gn.kudadeniya,Kudadeniya
gn.kudadeniya827b,Kudadeniya 827/B
gn.kudadeniya978,Kudadeniya 978
gn.kudadeniyacentral,Kudadeniya Central
gn.kudadeniyaeast147b,Kudadeniya East 147/B
gn.kudadeniyaeast98a,Kudadeniya East 98/A
gn.kudadeniyaihala712a,Kudadeniya Ihala 712/A
gn.kudadeniyaihala75b,Kudadeniya Ihala 75/B
gn.kudadeniyaihala809a,Kudadeniya Ihala 809/A
gn.kudadeniyanorth69a,Kudadeniya North 69/A
gn.kudadeniyawest,Kudadeniya West
gn.kudadeniyawest140c,Kudadeniya West 140/C
gn.kudagala754,Kudagala 754
gn.kudagala895b,Kudagala 895/B
gn.kudagalanorth920a,Kudagala North 920/A
gn.kudagalapahala,Kudagala Pahala
gn.kudagalasouth,Kudagala South
gn.kudagalasouth144a,Kudagala South 144/A
gn.kudagalawest867c,Kudagala West 867/C
gn.kudagama,Kudagama
gn.kudagamaeast390b,Kudagama East 390/B
gn.kudagamaeast511c,Kudagama East 511/C
gn.kudagamaihala240b,Kudagama Ihala 240/B
gn.kudagamanorth98b,Kudagama North 98/B
gn.kudagamapahala110,Kudagama Pahala 110
gn.kudagamasouth10c,Kudagama South 10/C
gn.kudagamasouth149a,Kudagama South 149/A
gn.kudagamasouth563,Kudagama South 563
gn.kudagamawest,Kudagama West
gn.kudagamawest115b,Kudagama West 115/B
gn.kudagamuwa721c,Kudagamuwa 721/C
gn.kudagamuwa832b,Kudagamuwa 832/B
gn.kudagamuwa907b,Kudagamuwa 907/B
gn.kudagamuwaeast308a,Kudagamuwa East 308/A
gn.kudagamuwaeast416a,Kudagamuwa East 416/A
gn.kudagamuwaihala,Kudagamuwa Ihala
gn.kudagamuwaihala492a,Kudagamuwa Ihala 492/A
gn.kudagamuwaihala8b,Kudagamuwa Ihala 8/B
gn.kudagamuwanorth163c,Kudagamuwa North 163/C
gn.kudagamuwapahala419b,Kudagamuwa Pahala 419/B
gn.kudagamuwapahala623,Kudagamuwa Pahala 623
gn.kudagamuwasouth857c,Kudagamuwa South 857/C
gn.kudagamuwawest,Kudagamuwa West
gn.kudagamuwawest347,Kudagamuwa West 347
gn.kudagamuwawest499,Kudagamuwa West 499
gn.kudagamuwawest529b,Kudagamuwa West 529/B
gn.kudagedara218a,Kudagedara 218/A
gn.kudagedara904c,Kudagedara 904/C
gn.kudagedaracentral,Kudagedara Central
gn.kudagedaraeast76b,Kudagedara East 76/B
gn.kudagedaraihala,Kudagedara Ihala
gn.kudagedaraihala522b,Kudagedara Ihala 522/B
gn.kudagedaranorth1a,Kudagedara North 1/A
gn.kudagedaranorth557c,Kudagedara North 557/C
gn.kudagedaranorth975b,Kudagedara North 975/B
gn.kudagedarapahala,Kudagedara Pahala
gn.kudagedarasouth,Kudagedara South
gn.kudagedarasouth258b,Kudagedara South 258/B
gn.kudagedarawest448,Kudagedara West 448
gn.kudagoda307,Kudagoda 307
gn.kudagodacentral,Kudagoda Central
gn.kudagodacentral372c,Kudagoda Central 372/C
gn.kudagodacentral634b,Kudagoda Central 634/B
gn.kudagodacentral936,Kudagoda Central 936
gn.kudagodaihala,Kudagoda Ihala
gn.kudagodanorth915c,Kudagoda North 915/C
gn.kudagodanorth951a,Kudagoda North 951/A
gn.kudagodapahala305,Kudagoda Pahala 305
gn.kudagodapahala318c,Kudagoda Pahala 318/C
gn.kudagodapahala694a,Kudagoda Pahala 694/A
gn.kudagodapahala705b,Kudagoda Pahala 705/B
gn.kudagodapahala979b,Kudagoda Pahala 979/B
gn.kudagodasouth,Kudagoda South
gn.kudagodasouth419c,Kudagoda South 419/C
gn.kudagodasouth888c,Kudagoda South 888/C
gn.kudagodawest211,Kudagoda West 211
gn.kudagodawest810c,Kudagoda West 810/C
gn.kudahena552,Kudahena 552
gn.kudahena860a,Kudahena 860/A
gn.kudahenacentral757a,Kudahena Central 757/A
gn.kudahenaeast,Kudahena East
gn.kudahenaihala,Kudahena Ihala
gn.kudahenaihala663a,Kudahena Ihala 663/A
gn.kudahenapahala,Kudahena Pahala
gn.kudahenapahala457c,Kudahena Pahala 457/C
gn.kudahenawest578a,Kudahena West 578/A
gn.kudahenawest751,Kudahena West 751
gn.kudakaduwaeast,Kudakaduwa East
gn.kudakaduwaeast150b,Kudakaduwa East 150/B
gn.kudakaduwaihala23b,Kudakaduwa Ihala 23/B
gn.kudakaduwaihala622b,Kudakaduwa Ihala 622/B
gn.kudakaduwanorth,Kudakaduwa North
gn.kudakaduwapahala126c,Kudakaduwa Pahala 126/C
gn.kudakanda875,Kudakanda 875
gn.kudakandacentral,Kudakanda Central
gn.kudakandaeast374c,Kudakanda East 374/C
gn.kudakandaihala34,Kudakanda Ihala 34
gn.kudakandaihala599a,Kudakanda Ihala 599/A
gn.kudakandanorth198c,Kudakanda North 198/C
gn.kudakandanorth460,Kudakanda North 460
gn.kudakandasouth103c,Kudakanda South 103/C
gn.kudakandasouth316b,Kudakanda South 316/B
gn.kudakandawest45b,Kudakanda West 45/B
gn.kudakumbura,Kudakumbura
gn.kudakumbura132a,Kudakumbura 132/A
gn.kudakumburacentral263a,Kudakumbura Central 263/A
gn.kudakumburacentral272b,Kudakumbura Central 272/B
gn.kudakumburacentral578a,Kudakumbura Central 578/A
gn.kudakumburaeast765b,Kudakumbura East 765/B
gn.kudakumburaeast998b,Kudakumbura East 998/B
gn.kudakumburaihala,Kudakumbura Ihala
gn.kudakumburanorth,Kudakumbura North
gn.kudakumburapahala,Kudakumbura Pahala
gn.kudakumburapahala58b,Kudakumbura Pahala 58/B
gn.kudakumburapahala892,Kudakumbura Pahala 892
gn.kudakumburasouth,Kudakumbura South
gn.kudakumburasouth142c,Kudakumbura South 142/C
gn.kudakumburasouth418b,Kudakumbura South 418/B
gn.kudakumburasouth457c,Kudakumbura South 457/C
gn.kudakumburawest5a,Kudakumbura West 5/A
gn.kudamulla212a,Kudamulla 212/A
gn.kudamulla557,Kudamulla 557
gn.kudamullacentral558b,Kudamulla Central 558/B
gn.kudamullaeast836,Kudamulla East 836
gn.kudamullaeast980a,Kudamulla East 980/A
gn.kudamullaihala600,Kudamulla Ihala 600
gn.kudamullanorth535b,Kudamulla North 535/B
gn.kudamullapahala141b,Kudamulla Pahala 141/B
gn.kudamullawest,Kudamulla West
gn.kudamullawest709c,Kudamulla West 709/C
gn.kudaoyacentral,Kudaoya Central
gn.kudaoyacentral902b,Kudaoya Central 902/B
gn.kudaoyaeast295c,Kudaoya East 295/C
gn.kudaoyaeast604a,Kudaoya East 604/A
gn.kudaoyaeast923c,Kudaoya East 923/C
gn.kudaoyaihala85,Kudaoya Ihala 85
gn.kudaoyanorth342c,Kudaoya North 342/C
gn.kudaoyanorth430a,Kudaoya North 430/A
gn.kudaoyapahala,Kudaoya Pahala
gn.kudaoyapahala59,Kudaoya Pahala 59
gn.kudaoyasouth320,Kudaoya South 320
gn.kudaoyasouth698c,Kudaoya South 698/C
gn.kudaoyasouth822b,Kudaoya South 822/B
gn.kudaoyawest,Kudaoya West
gn.kudaoyawest19c,Kudaoya West 19/C
gn.kudapitiya34b,Kudapitiya 34/B
gn.kudapitiya479b,Kudapitiya 479/B
gn.kudapitiyacentral,Kudapitiya Central
gn.kudapitiyacentral976,Kudapitiya Central 976
gn.kudapitiyaeast,Kudapitiya East
gn.kudapitiyaihala,Kudapitiya Ihala
gn.kudapitiyaihala935a,Kudapitiya Ihala 935/A
gn.kudapitiyaihala951a,Kudapitiya Ihala 951/A
gn.kudapitiyanorth290a,Kudapitiya North 290/A
gn.kudapitiyanorth317c,Kudapitiya North 317/C
gn.kudapitiyanorth705a,Kudapitiya North 705/A
gn.kudapitiyanorth795b,Kudapitiya North 795/B
gn.kudapitiyapahala398a,Kudapitiya Pahala 398/A
gn.kudapitiyapahala875b,Kudapitiya Pahala 875/B
gn.kudapitiyawest405c,Kudapitiya West 405/C
gn.kudapitiyawest455,Kudapitiya West 455
gn.kudapura398b,Kudapura 398/B
gn.kudapuracentral,Kudapura Central
gn.kudapuracentral404,Kudapura Central 404
gn.kudapuraeast557a,Kudapura East 557/A
gn.kudapuraihala199b,Kudapura Ihala 199/B
gn.kudapuranorth,Kudapura North
gn.kudapuranorth253,Kudapura North 253
gn.kudapurapahala,Kudapura Pahala
gn.kudapurapahala630c,Kudapura Pahala 630/C
gn.kudapurapahala715a,Kudapura Pahala 715/A
gn.kudapurawest,Kudapura West
gn.kudapurawest105c,Kudapura West 105/C
gn.kudapurawest293a,Kudapura West 293/A
gn.kudatota203a,Kudatota 203/A
gn.kudatota220c,Kudatota 220/C
gn.kudatota356b,Kudatota 356/B
gn.kudatota580b,Kudatota 580/B
gn.kudatotacentral,Kudatota Central
gn.kudatotacentral254,Kudatota Central 254
gn.kudatotaeast943c,Kudatota East 943/C
gn.kudatotaihala249c,Kudatota Ihala 249/C
gn.kudatotanorth556,Kudatota North 556
gn.kudatotanorth639c,Kudatota North 639/C
gn.kudatotanorth755,Kudatota North 755
gn.kudatotapahala121c,Kudatota Pahala 121/C
gn.kudatotapahala947a,Kudatota Pahala 947/A
gn.kudatotasouth142c,Kudatota South 142/C
gn.kudatotasouth331,Kudatota South 331
gn.kudatotasouth759b,Kudatota South 759/B
gn.kudatotawest,Kudatota West
gn.kudatotawest231c,Kudatota West 231/C
gn.kudatotawest943b,Kudatota West 943/B
gn.kudawatta,Kudawatta
gn.kudawatta13b,Kudawatta 13/B
gn.kudawatta201,Kudawatta 201
gn.kudawatta979c,Kudawatta 979/C
gn.kudawattacentral,Kudawatta Central
gn.kudawattacentral941,Kudawatta Central 941
gn.kudawattanorth295c,Kudawatta North 295/C
gn.kudawattanorth836a,Kudawatta North 836/A
gn.kudawattawest,Kudawatta West
gn.kudawattawest828b,Kudawatta West 828/B
gn.kudawela339,Kudawela 339
gn.kudawelacentral681b,Kudawela Central 681/B
gn.kudawelaeast,Kudawela East
gn.kudawelaeast751c,Kudawela East 751/C
gn.kudawelaihala908,Kudawela Ihala 908
gn.kudawelanorth,Kudawela North
gn.kudawelasouth,Kudawela South
gn.kudawelasouth502b,Kudawela South 502/B
gn.kudawelasouth549a,Kudawela South 549/A
gn.kudawelasouth811b,Kudawela South 811/B
gn.kudawelawest,Kudawela West
gn.kudawelawest39c,Kudawela West 39/C
gn.kudawelawest744a,Kudawela West 744/A
gn.kuliyapitiya583c,Kuliyapitiya 583/C
gn.kuliyapitiya998b,Kuliyapitiya 998/B
gn.kuliyapitiyacentral,Kuliyapitiya Central
gn.kuliyapitiyacentral655a,Kuliyapitiya Central 655/A
gn.kuliyapitiyaeast767b,Kuliyapitiya East 767/B
gn.kuliyapitiyaihala707a,Kuliyapitiya Ihala 707/A
gn.kuliyapitiyaihala899a,Kuliyapitiya Ihala 899/A
gn.kuliyapitiyanorth517a,Kuliyapitiya North 517/A
gn.kuliyapitiyanorth65c,Kuliyapitiya North 65/C
gn.kuliyapitiyanorth683b,Kuliyapitiya North 683/B
gn.kuliyapitiyanorth746c,Kuliyapitiya North 746/C
gn.kuliyapitiyanorth840,Kuliyapitiya North 840
gn.kuliyapitiyapahala853,Kuliyapitiya Pahala 853
gn.kuliyapitiyasouth676,Kuliyapitiya South 676
gn.kuliyapitiyawest567a,Kuliyapitiya West 567/A
gn.kundasale518,Kundasale 518
gn.kundasalecentral397a,Kundasale Central 397/A
gn.kundasalecentral600a,Kundasale Central 600/A
gn.kundasaleeast,Kundasale East
gn.kundasaleeast464b,Kundasale East 464/B
gn.kundasaleeast524,Kundasale East 524
gn.kundasaleihala,Kundasale Ihala
gn.kundasaleihala392a,Kundasale Ihala 392/A
gn.kundasaleihala440b,Kundasale Ihala 440/B
gn.kundasalenorth,Kundasale North
gn.kundasalenorth45a,Kundasale North 45/A
gn.kundasalenorth461a,Kundasale North 461/A
gn.kundasalepahala,Kundasale Pahala
gn.kundasalepahala181a,Kundasale Pahala 181/A
gn.kundasalepahala532,Kundasale Pahala 532
gn.kundasalesouth,Kundasale South
gn.kundasalesouth707a,Kundasale South 707/A
gn.kundasalesouth971,Kundasale South 971
gn.kundasalewest141c,Kundasale West 141/C
gn.kurunegala393b,Kurunegala 393/B
gn.kurunegala470,Kurunegala 470
gn.kurunegalacentral804c,Kurunegala Central 804/C
gn.kurunegalaeast,Kurunegala East
gn.kurunegalaeast883,Kurunegala East 883
gn.kurunegalaihala,Kurunegala Ihala
gn.kurunegalaihala137,Kurunegala Ihala 137
gn.kurunegalanorth,Kurunegala North
gn.kurunegalanorth161c,Kurunegala North 161/C
gn.kurunegalanorth595,Kurunegala North 595
gn.kurunegalanorth693a,Kurunegala North 693/A
gn.kurunegalanorth793c,Kurunegala North 793/C
gn.kurunegalapahala265b,Kurunegala Pahala 265/B
gn.kurunegalapahala496c,Kurunegala Pahala 496/C
gn.kurunegalapahala964c,Kurunegala Pahala 964/C
gn.kurunegalapahala987c,Kurunegala Pahala 987/C
gn.kurunegalasouth,Kurunegala South
gn.kurunegalasouth476c,Kurunegala South 476/C
gn.kurunegalasouth898a,Kurunegala South 898/A
gn.kurunegalawest588a,Kurunegala West 588/A
gn.kurunegalawest843a,Kurunegala West 843/A
gn.kuruvita,Kuruvita
gn.kuruvita303a,Kuruvita 303/A
gn.kuruvita353a,Kuruvita 353/A
gn.kuruvita590,Kuruvita 590
gn.kuruvita641a,Kuruvita 641/A
gn.kuruvitacentral,Kuruvita Central
gn.kuruvitacentral3c,Kuruvita Central 3/C
gn.kuruvitacentral785b,Kuruvita Central 785/B
gn.kuruvitaeast,Kuruvita East
gn.kuruvitaeast186a,Kuruvita East 186/A
gn.kuruvitaeast269b,Kuruvita East 269/B
gn.kuruvitaihala,Kuruvita Ihala
gn.kuruvitanorth214a,Kuruvita North 214/A
gn.kuruvitanorth262b,Kuruvita North 262/B
gn.kuruvitapahala150,Kuruvita Pahala 150
gn.kuruvitasouth,Kuruvita South
gn.kuruvitasouth239a,Kuruvita South 239/A
gn.kuruvitasouth398b,Kuruvita South 398/B
gn.kuruvitasouth540c,Kuruvita South 540/C
gn.kuruvitasouth685c,Kuruvita South 685/C
gn.kuruvitawest,Kuruvita West
gn.kuruvitawest161c,Kuruvita West 161/C
gn.kuruvitawest18a,Kuruvita West 18/A
gn.laggala227a,Laggala 227/A
gn.laggalacentral202b,Laggala Central 202/B
gn.laggalacentral908,Laggala Central 908
gn.laggalaeast,Laggala East
gn.laggalaeast577a,Laggala East 577/A
gn.laggalaeast664c,Laggala East 664/C
gn.laggalaihala,Laggala Ihala
gn.laggalaihala358a,Laggala Ihala 358/A
gn.laggalanorth523a,Laggala North 523/A
gn.laggalapahala827b,Laggala Pahala 827/B
gn.laggalasouth932c,Laggala South 932/C
gn.laggalawest315,Laggala West 315
gn.laggalawest880,Laggala West 880
gn.lahugala,Lahugala
gn.lahugala912a,Lahugala 912/A
gn.lahugalacentral,Lahugala Central
gn.lahugalacentral317c,Lahugala Central 317/C
gn.lahugalacentral468a,Lahugala Central 468/A
gn.lahugalacentral604c,Lahugala Central 604/C
gn.lahugalaeast104,Lahugala East 104
gn.lahugalaeast396c,Lahugala East 396/C
gn.lahugalaeast560,Lahugala East 560
gn.lahugalaihala,Lahugala Ihala
gn.lahugalaihala79,Lahugala Ihala 79
gn.lahugalapahala,Lahugala Pahala
gn.lahugalapahala239c,Lahugala Pahala 239/C
gn.lahugalapahala57c,Lahugala Pahala 57/C
gn.lahugalasouth248b,Lahugala South 248/B
gn.lahugalasouth284b,Lahugala South 284/B
gn.lahugalasouth440b,Lahugala South 440/B
gn.lahugalasouth609a,Lahugala South 609/A
gn.lahugalawest50c,Lahugala West 50/C
gn.lahugalawest946a,Lahugala West 946/A
gn.lahugalawest994b,Lahugala West 994/B
gn.lankapura28,Lankapura 28
gn.lankapura794b,Lankapura 794/B
gn.lankapura906c,Lankapura 906/C
gn.lankapuracentral,Lankapura Central
gn.lankapuracentral248c,Lankapura Central 248/C
gn.lankapuracentral451,Lankapura Central 451
gn.lankapuracentral521,Lankapura Central 521
gn.lankapuracentral588b,Lankapura Central 588/B
gn.lankapuracentral74,Lankapura Central 74
gn.lankapuraeast495b,Lankapura East 495/B
gn.lankapuraeast862a,Lankapura East 862/A
gn.lankapuraeast883c,Lankapura East 883/C
gn.lankapuraihala,Lankapura Ihala
gn.lankapuraihala116,Lankapura Ihala 116
gn.lankapuraihala619c,Lankapura Ihala 619/C
gn.lankapuraihala877b,Lankapura Ihala 877/B
gn.lankapuranorth131b,Lankapura North 131/B
gn.lankapurapahala,Lankapura Pahala
gn.lankapurapahala192,Lankapura Pahala 192
gn.lankapurasouth,Lankapura South
gn.lankapurasouth415,Lankapura South 415
gn.lankapurasouth936a,Lankapura South 936/A
gn.lankapurawest,Lankapura West
gn.lankapurawest140,Lankapura West 140
gn.lankapurawest207a,Lankapura West 207/A
gn.lankapurawest462b,Lankapura West 462/B
gn.lankapurawest610,Lankapura West 610
gn.lankapurawest661,Lankapura West 661
gn.lankapurawest823c,Lankapura West 823/C
gn.lunugala861a,Lunugala 861/A
gn.lunugala922,Lunugala 922
gn.lunugala975b,Lunugala 975/B
gn.lunugalacentral,Lunugala Central
gn.lunugalacentral519c,Lunugala Central 519/C
gn.lunugalaeast,Lunugala East
gn.lunugalaeast29b,Lunugala East 29/B
gn.lunugalaihala118b,Lunugala Ihala 118/B
gn.lunugalanorth,Lunugala North
gn.lunugalanorth343c,Lunugala North 343/C
gn.lunugalanorth654b,Lunugala North 654/B
gn.lunugalapahala,Lunugala Pahala
gn.lunugalapahala718a,Lunugala Pahala 718/A
gn.lunugalapahala742c,Lunugala Pahala 742/C
gn.lunugalapahala771a,Lunugala Pahala 771/A
gn.lunugalasouth,Lunugala South
gn.lunugalasouth128b,Lunugala South 128/B
gn.lunugalasouth482b,Lunugala South 482/B
gn.lunugalasouth612,Lunugala South 612
gn.lunugalasouth894a,Lunugala South 894/A
gn.lunugalawest,Lunugala West
gn.lunugamvehera,Lunugamvehera
gn.lunugamveheracentral314c,Lunugamvehera Central 314/C
gn.lunugamveheracentral451c,Lunugamvehera Central 451/C
gn.lunugamveheracentral473b,Lunugamvehera Central 473/B
gn.lunugamveheracentral913,Lunugamvehera Central 913
gn.lunugamveheraeast,Lunugamvehera East
gn.lunugamveheraeast205c,Lunugamvehera East 205/C
gn.lunugamveheraihala,Lunugamvehera Ihala
gn.lunugamveheraihala23c,Lunugamvehera Ihala 23/C
gn.lunugamveheraihala623,Lunugamvehera Ihala 623
gn.lunugamveheraihala910b,Lunugamvehera Ihala 910/B
gn.lunugamveheranorth,Lunugamvehera North
gn.lunugamveheranorth271b,Lunugamvehera North 271/B
gn.lunugamveheranorth943b,Lunugamvehera North 943/B
gn.lunugamveherapahala845,Lunugamvehera Pahala 845
gn.lunugamveherasouth459a,Lunugamvehera South 459/A
gn.lunugamveherasouth49,Lunugamvehera South 49
gn.lunugamveherasouth972b,Lunugamvehera South 972/B
gn.lunugamveherawest286a,Lunugamvehera West 286/A
gn.lunugamveherawest603,Lunugamvehera West 603
gn.lunugamveherawest78c,Lunugamvehera West 78/C
gn.madampe674c,Madampe 674/C
gn.madampecentral70b,Madampe Central 70/B
gn.madampeeast,Madampe East
gn.madampeihala,Madampe Ihala
gn.madampeihala52,Madampe Ihala 52
gn.madampeihala551b,Madampe Ihala 551/B
gn.madampepahala966b,Madampe Pahala 966/B
gn.madampepahala995,Madampe Pahala 995
gn.madampesouth47b,Madampe South 47/B
gn.madampesouth876a,Madampe South 876/A
gn.madampewest446,Madampe West 446
gn.madhu,Madhu
gn.madhu148b,Madhu 148/B
gn.madhu50b,Madhu 50/B
gn.madhucentral478,Madhu Central 478
gn.madhucentral79b,Madhu Central 79/B
gn.madhucentral869,Madhu Central 869
gn.madhueast5a,Madhu East 5/A
gn.madhueast69a,Madhu East 69/A
gn.madhuihala358b,Madhu Ihala 358/B
gn.madhuihala475c,Madhu Ihala 475/C
gn.madhunorth829,Madhu North 829
gn.madhupahala,Madhu Pahala
gn.madhupahala112b,Madhu Pahala 112/B
gn.madhuwest291a,Madhu West 291/A
gn.madhuwest425a,Madhu West 425/A
gn.madhuwest715,Madhu West 715
gn.madhuwest851,Madhu West 851
gn.madulla476a,Madulla 476/A
gn.madullacentral,Madulla Central
gn.madullacentral140b,Madulla Central 140/B
gn.madullacentral495,Madulla Central 495
gn.madullacentral519a,Madulla Central 519/A
gn.madullacentral59b,Madulla Central 59/B
gn.madullaeast,Madulla East
gn.madullaeast995a,Madulla East 995/A
gn.madullaihala,Madulla Ihala
gn.madullaihala376c,Madulla Ihala 376/C
gn.madullaihala800,Madulla Ihala 800
gn.madullaihala943a,Madulla Ihala 943/A
gn.madullanorth430a,Madulla North 430/A
gn.madullapahala,Madulla Pahala
gn.madullapahala276,Madulla Pahala 276
gn.madullapahala290b,Madulla Pahala 290/B
gn.madullapahala370c,Madulla Pahala 370/C
gn.madullapahala758b,Madulla Pahala 758/B
gn.madullawest,Madulla West
gn.madullawest910c,Madulla West 910/C
gn.madurawela99c,Madurawela 99/C
gn.madurawelacentral,Madurawela Central
gn.madurawelacentral177a,Madurawela Central 177/A
gn.madurawelacentral250a,Madurawela Central 250/A
gn.madurawelacentral619,Madurawela Central 619
gn.madurawelaeast426a,Madurawela East 426/A
gn.madurawelaihala596b,Madurawela Ihala 596/B
gn.madurawelaihala849a,Madurawela Ihala 849/A
gn.madurawelaihala969c,Madurawela Ihala 969/C
gn.madurawelanorth,Madurawela North
gn.madurawelanorth280c,Madurawela North 280/C
gn.madurawelanorth453c,Madurawela North 453/C
gn.madurawelanorth531b,Madurawela North 531/B
gn.madurawelapahala,Madurawela Pahala
gn.madurawelasouth,Madurawela South
gn.madurawelawest485c,Madurawela West 485/C
gn.madurawelawest537b,Madurawela West 537/B
gn.madurawelawest731a,Madurawela West 731/A
gn.mahaoya,Maha Oya
gn.mahaoya876a,Maha Oya 876/A
gn.mahaoyacentral31b,Maha Oya Central 31/B
gn.mahaoyacentral429a,Maha Oya Central 429/A
gn.mahaoyaihala,Maha Oya Ihala
gn.mahaoyanorth,Maha Oya North
gn.mahaoyanorth961,Maha Oya North 961
gn.mahaoyapahala,Maha Oya Pahala
gn.mahaoyapahala676c,Maha Oya Pahala 676/C
gn.mahaoyasouth919a,Maha Oya South 919/A
gn.mahaoyasouth965c,Maha Oya South 965/C
gn.mahaoyawest,Maha Oya West
gn.mahaoyawest469b,Maha Oya West 469/B
gn.mahaoyawest764b,Maha Oya West 764/B
gn.mahadeniya,Mahadeniya
gn.mahadeniya282c,Mahadeniya 282/C
gn.mahadeniya88a,Mahadeniya 88/A
gn.mahadeniya92b,Mahadeniya 92/B
gn.mahadeniyacentral204c,Mahadeniya Central 204/C
gn.mahadeniyacentral513b,Mahadeniya Central 513/B
gn.mahadeniyaeast,Mahadeniya East
gn.mahadeniyaeast278b,Mahadeniya East 278/B
gn.mahadeniyaeast364b,Mahadeniya East 364/B
gn.mahadeniyaihala423a,Mahadeniya Ihala 423/A
gn.mahadeniyapahala578c,Mahadeniya Pahala 578/C
gn.mahadeniyasouth,Mahadeniya South
gn.mahagala,Mahagala
gn.mahagala111,Mahagala 111
gn.mahagalaihala793c,Mahagala Ihala 793/C
gn.mahagalapahala152b,Mahagala Pahala 152/B
gn.mahagalasouth,Mahagala South
gn.mahagalasouth191b,Mahagala South 191/B
gn.mahagalasouth208b,Mahagala South 208/B
gn.mahagalawest19,Mahagala West 19
gn.mahagalawest648a,Mahagala West 648/A
gn.mahagalawest994,Mahagala West 994
gn.mahagama181c,Mahagama 181/C
gn.mahagama700c,Mahagama 700/C
gn.mahagamaeast,Mahagama East
gn.mahagamaihala,Mahagama Ihala
gn.mahagamanorth,Mahagama North
gn.mahagamanorth430c,Mahagama North 430/C
gn.mahagamapahala,Mahagama Pahala
gn.mahagamasouth,Mahagama South
gn.mahagamasouth200c,Mahagama South 200/C
gn.mahagamasouth551a,Mahagama South 551/A
gn.mahagamasouth857b,Mahagama South 857/B
gn.mahagamawest,Mahagama West
gn.mahagamawest881c,Mahagama West 881/C
gn.mahagamuwa,Mahagamuwa
gn.mahagamuwacentral891c,Mahagamuwa Central 891/C
gn.mahagamuwanorth,Mahagamuwa North
gn.mahagamuwapahala,Mahagamuwa Pahala
gn.mahagamuwapahala953c,Mahagamuwa Pahala 953/C
gn.mahagamuwasouth553a,Mahagamuwa South 553/A
gn.mahagamuwawest211a,Mahagamuwa West 211/A
gn.mahagedara636a,Mahagedara 636/A
gn.mahagedaracentral,Mahagedara Central
gn.mahagedaranorth,Mahagedara North
gn.mahagedaranorth679c,Mahagedara North 679/C
gn.mahagedaranorth858,Mahagedara North 858
gn.mahagedarapahala702b,Mahagedara Pahala 702/B
gn.mahagedarasouth838c,Mahagedara South 838/C
gn.mahagedarawest661b,Mahagedara West 661/B
gn.mahagoda,Mahagoda
gn.mahagodacentral,Mahagoda Central
gn.mahagodaeast,Mahagoda East
gn.mahagodaeast921a,Mahagoda East 921/A
gn.mahagodaihala705b,Mahagoda Ihala 705/B
gn.mahagodapahala,Mahagoda Pahala
gn.mahagodapahala14b,Mahagoda Pahala 14/B
gn.mahagodapahala481a,Mahagoda Pahala 481/A
gn.mahagodawest678a,Mahagoda West 678/A
gn.mahahenacentral502b,Mahahena Central 502/B
gn.mahahenacentral517b,Mahahena Central 517/B
gn.mahahenacentral84a,Mahahena Central 84/A
gn.mahahenaihala141b,Mahahena Ihala 141/B
gn.mahahenaihala538,Mahahena Ihala 538
gn.mahahenaihala557,Mahahena Ihala 557
gn.mahahenanorth192b,Mahahena North 192/B
gn.mahahenanorth846c,Mahahena North 846/C
gn.mahahenapahala,Mahahena Pahala
gn.mahahenapahala994b,Mahahena Pahala 994/B
gn.mahahenasouth123a,Mahahena South 123/A
gn.mahahenawest145c,Mahahena West 145/C
gn.mahahenawest213c,Mahahena West 213/C
gn.mahahenawest847a,Mahahena West 847/A
gn.mahahenawest932b,Mahahena West 932/B
gn.mahakaduwacentral,Mahakaduwa Central
gn.mahakaduwacentral218,Mahakaduwa Central 218
gn.mahakaduwaeast,Mahakaduwa East
gn.mahakaduwaeast152c,Mahakaduwa East 152/C
gn.mahakaduwaeast603c,Mahakaduwa East 603/C
gn.mahakaduwaeast650,Mahakaduwa East 650
gn.mahakaduwaihala320a,Mahakaduwa Ihala 320/A
gn.mahakaduwapahala968b,Mahakaduwa Pahala 968/B
gn.mahakaduwasouth,Mahakaduwa South
gn.mahakanda,Mahakanda
gn.mahakandacentral,Mahakanda Central
gn.mahakandacentral665c,Mahakanda Central 665/C
gn.mahakandaeast,Mahakanda East
gn.mahakandaihala940c,Mahakanda Ihala 940/C
gn.mahakandapahala,Mahakanda Pahala
gn.mahakandapahala133,Mahakanda Pahala 133
gn.mahakandasouth,Mahakanda South
gn.mahakandawest189c,Mahakanda West 189/C
gn.mahakumbukkadawala,Mahakumbukkadawala
gn.mahakumbukkadawala200,Mahakumbukkadawala 200
gn.mahakumbukkadawala740,Mahakumbukkadawala 740
gn.mahakumbukkadawala841c,Mahakumbukkadawala 841/C
gn.mahakumbukkadawalacentral125c,Mahakumbukkadawala Central 125/C
gn.mahakumbukkadawalacentral263b,Mahakumbukkadawala Central 263/B
gn.mahakumbukkadawalacentral34a,Mahakumbukkadawala Central 34/A
gn.mahakumbukkadawalaeast,Mahakumbukkadawala East
gn.mahakumbukkadawalaeast233a,Mahakumbukkadawala East 233/A
gn.mahakumbukkadawalaeast90,Mahakumbukkadawala East 90
gn.mahakumbukkadawalaihala112c,Mahakumbukkadawala Ihala 112/C
gn.mahakumbukkadawalaihala115c,Mahakumbukkadawala Ihala 115/C
gn.mahakumbukkadawalaihala150c,Mahakumbukkadawala Ihala 150/C
gn.mahakumbukkadawalaihala189c,Mahakumbukkadawala Ihala 189/C
gn.mahakumbukkadawalaihala981b,Mahakumbukkadawala Ihala 981/B
gn.mahakumbukkadawalanorth721,Mahakumbukkadawala North 721
gn.mahakumbukkadawalanorth929a,Mahakumbukkadawala North 929/A
gn.mahakumbukkadawalapahala167c,Mahakumbukkadawala Pahala 167/C
gn.mahakumbukkadawalapahala494a,Mahakumbukkadawala Pahala 494/A
gn.mahakumbukkadawalapahala705b,Mahakumbukkadawala Pahala 705/B
gn.mahakumbukkadawalasouth36,Mahakumbukkadawala South 36
gn.mahakumbukkadawalasouth779,Mahakumbukkadawala South 779
gn.mahakumbukkadawalasouth891c,Mahakumbukkadawala South 891/C
gn.mahakumbukkadawalawest,Mahakumbukkadawala West
gn.mahakumbukkadawalawest102,Mahakumbukkadawala West 102
gn.mahakumbukkadawalawest281a,Mahakumbukkadawala West 281/A
gn.mahakumbukkadawalawest37,Mahakumbukkadawala West 37
gn.mahakumbukkadawalawest857,Mahakumbukkadawala West 857
gn.mahakumburacentral605c,Mahakumbura Central 605/C
gn.mahakumburacentral767c,Mahakumbura Central 767/C
gn.mahakumburaeast,Mahakumbura East
gn.mahakumburaeast336b,Mahakumbura East 336/B
gn.mahakumburaihala,Mahakumbura Ihala
gn.mahakumburanorth783c,Mahakumbura North 783/C
gn.mahakumburapahala,Mahakumbura Pahala
gn.mahakumburasouth,Mahakumbura South
gn.mahakumburasouth381,Mahakumbura South 381
gn.mahakumburasouth938a,Mahakumbura South 938/A
gn.mahakumburawest594c,Mahakumbura West 594/C
gn.mahamulla,Mahamulla
gn.mahamulla64b,Mahamulla 64/B
gn.mahamulla789b,Mahamulla 789/B
gn.mahamullacentral,Mahamulla Central
gn.mahamullacentral439c,Mahamulla Central 439/C
gn.mahamullaeast,Mahamulla East
gn.mahamullanorth,Mahamulla North
gn.mahamullapahala124a,Mahamulla Pahala 124/A
gn.mahamullasouth224,Mahamulla South 224
gn.mahamullasouth763b,Mahamulla South 763/B
gn.mahamullawest630b,Mahamulla West 630/B
gn.mahaoya784a,Mahaoya 784/A
gn.mahaoyacentral156c,Mahaoya Central 156/C
gn.mahaoyaeast,Mahaoya East
gn.mahaoyaeast284,Mahaoya East 284
gn.mahaoyaeast329a,Mahaoya East 329/A
gn.mahaoyaihala,Mahaoya Ihala
gn.mahaoyaihala209b,Mahaoya Ihala 209/B
gn.mahaoyaihala329b,Mahaoya Ihala 329/B
gn.mahaoyaihala963c,Mahaoya Ihala 963/C
gn.mahaoyanorth498b,Mahaoya North 498/B
gn.mahaoyapahala251b,Mahaoya Pahala 251/B
gn.mahaoyasouth,Mahaoya South
gn.mahaoyawest,Mahaoya West
gn.mahaoyawest399,Mahaoya West 399
gn.mahapitiya405a,Mahapitiya 405/A
gn.mahapitiya565c,Mahapitiya 565/C
gn.mahapitiya840a,Mahapitiya 840/A
gn.mahapitiyacentral,Mahapitiya Central
gn.mahapitiyaeast334b,Mahapitiya East 334/B
gn.mahapitiyaeast39,Mahapitiya East 39
gn.mahapitiyaeast466a,Mahapitiya East 466/A
gn.mahapitiyaihala,Mahapitiya Ihala
gn.mahapitiyanorth,Mahapitiya North
gn.mahapitiyanorth263a,Mahapitiya North 263/A
gn.mahapitiyasouth,Mahapitiya South
gn.mahapitiyawest594a,Mahapitiya West 594/A
gn.mahapura,Mahapura
gn.mahapuracentral417,Mahapura Central 417
gn.mahapuraeast,Mahapura East
gn.mahapuraeast25a,Mahapura East 25/A
gn.mahapuraeast36a,Mahapura East 36/A
gn.mahapuraihala211a,Mahapura Ihala 211/A
gn.mahapuraihala225,Mahapura Ihala 225
gn.mahapuraihala353,Mahapura Ihala 353
gn.mahapuranorth,Mahapura North
gn.mahapuranorth786b,Mahapura North 786/B
gn.mahapurapahala,Mahapura Pahala
gn.mahapurapahala79b,Mahapura Pahala 79/B
gn.mahapurapahala907a,Mahapura Pahala 907/A
gn.mahapurapahala957a,Mahapura Pahala 957/A
gn.mahapurawest,Mahapura West
gn.mahapurawest210a,Mahapura West 210/A
gn.mahara,Mahara
gn.mahara482,Mahara 482
gn.maharacentral430,Mahara Central 430
gn.maharacentral545a,Mahara Central 545/A
gn.maharacentral723c,Mahara Central 723/C
gn.maharacentral792c,Mahara Central 792/C
gn.maharaeast,Mahara East
gn.maharaeast224b,Mahara East 224/B
gn.maharaihala516a,Mahara Ihala 516/A
gn.maharaihala603c,Mahara Ihala 603/C
gn.maharaihala805,Mahara Ihala 805
gn.maharaihala860b,Mahara Ihala 860/B
gn.maharanorth,Mahara North
gn.maharanorth248,Mahara North 248
gn.maharanorth917c,Mahara North 917/C
gn.maharasouth409a,Mahara South 409/A
gn.maharasouth459c,Mahara South 459/C
gn.maharasouth777,Mahara South 777
gn.maharawest184b,Mahara West 184/B
gn.maharagama276a,Maharagama 276/A
gn.maharagama505,Maharagama 505
gn.maharagama801b,Maharagama 801/B
gn.maharagamacentral592b,Maharagama Central 592/B
gn.maharagamaeast151b,Maharagama East 151/B
gn.maharagamaeast624,Maharagama East 624
gn.maharagamaihala,Maharagama Ihala
gn.maharagamaihala846,Maharagama Ihala 846
gn.maharagamanorth330,Maharagama North 330
gn.maharagamanorth386c,Maharagama North 386/C
gn.maharagamapahala873b,Maharagama Pahala 873/B
gn.maharagamapahala955a,Maharagama Pahala 955/A
gn.maharagamasouth,Maharagama South
gn.maharagamasouth440c,Maharagama South 440/C
gn.maharagamawest,Maharagama West
gn.maharagamawest330c,Maharagama West 330/C
gn.mahatota596b,Mahatota 596/B
gn.mahatota610c,Mahatota 610/C
gn.mahatota697b,Mahatota 697/B
gn.mahatota776b,Mahatota 776/B
gn.mahatotacentral,Mahatota Central
gn.mahatotacentral533a,Mahatota Central 533/A
gn.mahatotaeast277,Mahatota East 277
gn.mahatotaihala,Mahatota Ihala
gn.mahatotaihala252a,Mahatota Ihala 252/A
gn.mahatotanorth150b,Mahatota North 150/B
gn.mahatotanorth176,Mahatota North 176
gn.mahatotapahala104c,Mahatota Pahala 104/C
gn.mahatotapahala343b,Mahatota Pahala 343/B
gn.mahatotapahala677,Mahatota Pahala 677
gn.mahatotapahala72c,Mahatota Pahala 72/C
gn.mahatotasouth973,Mahatota South 973
gn.mahatotawest982a,Mahatota West 982/A
gn.mahawatta414b,Mahawatta 414/B
gn.mahawattacentral,Mahawatta Central
gn.mahawattacentral467c,Mahawatta Central 467/C
gn.mahawattaeast,Mahawatta East
gn.mahawattaeast2c,Mahawatta East 2/C
gn.mahawattaeast553,Mahawatta East 553
gn.mahawattaeast732a,Mahawatta East 732/A
gn.mahawattaihala,Mahawatta Ihala
gn.mahawattanorth,Mahawatta North
gn.mahawattanorth731c,Mahawatta North 731/C
gn.mahawattanorth943a,Mahawatta North 943/A
gn.mahawattapahala,Mahawatta Pahala
gn.mahawattapahala495,Mahawatta Pahala 495
gn.mahawattapahala975a,Mahawatta Pahala 975/A
gn.mahawattawest,Mahawatta West
gn.mahawattawest852a,Mahawatta West 852/A
gn.mahawela,Mahawela
gn.mahawela34,Mahawela 34
gn.mahawelacentral113a,Mahawela Central 113/A
gn.mahawelacentral411,Mahawela Central 411
gn.mahawelacentral466a,Mahawela Central 466/A
gn.mahawelaihala,Mahawela Ihala
gn.mahawelaihala482c,Mahawela Ihala 482/C
gn.mahawelapahala,Mahawela Pahala
gn.mahawelawest778a,Mahawela West 778/A
gn.mahawewa709c,Mahawewa 709/C
gn.mahawewacentral417b,Mahawewa Central 417/B
gn.mahawewaeast,Mahawewa East
gn.mahawewaihala989c,Mahawewa Ihala 989/C
gn.mahawewanorth,Mahawewa North
gn.mahawewanorth352,Mahawewa North 352
gn.mahawewanorth371a,Mahawewa North 371/A
gn.mahawewapahala,Mahawewa Pahala
gn.mahawewapahala270,Mahawewa Pahala 270
gn.mahawewapahala566,Mahawewa Pahala 566
gn.mahawewapahala590a,Mahawewa Pahala 590/A
gn.mahawewapahala908b,Mahawewa Pahala 908/B
gn.mahawewasouth227c,Mahawewa South 227/C
gn.mahawewasouth733,Mahawewa South 733
gn.mahawewawest517,Mahawewa West 517
gn.mahawewawest68c,Mahawewa West 68/C
gn.mahiyanganayacentral,Mahiyanganaya Central
gn.mahiyanganayacentral36b,Mahiyanganaya Central 36/B
gn.mahiyanganayacentral79c,Mahiyanganaya Central 79/C
gn.mahiyanganayaeast106a,Mahiyanganaya East 106/A
gn.mahiyanganayaeast292c,Mahiyanganaya East 292/C
gn.mahiyanganayaeast613c,Mahiyanganaya East 613/C
gn.mahiyanganayaihala,Mahiyanganaya Ihala
gn.mahiyanganayaihala139c,Mahiyanganaya Ihala 139/C
gn.mahiyanganayaihala214c,Mahiyanganaya Ihala 214/C
gn.mahiyanganayaihala592,Mahiyanganaya Ihala 592
gn.mahiyanganayanorth54,Mahiyanganaya North 54
gn.mahiyanganayanorth563b,Mahiyanganaya North 563/B
gn.mahiyanganayapahala,Mahiyanganaya Pahala
gn.mahiyanganayapahala552c,Mahiyanganaya Pahala 552/C
gn.mahiyanganayapahala866,Mahiyanganaya Pahala 866
gn.mahiyanganayasouth440a,Mahiyanganaya South 440/A
gn.mahiyanganayasouth653b,Mahiyanganaya South 653/B
gn.mahiyanganayasouth960a,Mahiyanganaya South 960/A
gn.mahiyanganayawest719b,Mahiyanganaya West 719/B
gn.mahiyanganayawest913b,Mahiyanganaya West 913/B
gn.mahiyanganayawest972b,Mahiyanganaya West 972/B
gn.maho,Maho
gn.maho586,Maho 586
gn.maho602c,Maho 602/C
gn.maho940a,Maho 940/A
gn.mahocentral436b,Maho Central 436/B
gn.mahoeast,Maho East
gn.mahoeast732c,Maho East 732/C
gn.mahoihala392b,Maho Ihala 392/B
gn.mahoihala884,Maho Ihala 884
gn.mahonorth,Maho North
gn.mahonorth359c,Maho North 359/C
gn.mahonorth381b,Maho North 381/B
gn.mahopahala514a,Maho Pahala 514/A
gn.mahopahala669c,Maho Pahala 669/C
gn.mahopahala848c,Maho Pahala 848/C
gn.mahosouth282,Maho South 282
gn.mahosouth479,Maho South 479
gn.malimbada,Malimbada
gn.malimbada460,Malimbada 460
gn.malimbada709a,Malimbada 709/A
gn.malimbada880,Malimbada 880
gn.malimbadacentral,Malimbada Central
gn.malimbadacentral147c,Malimbada Central 147/C
gn.malimbadaeast384c,Malimbada East 384/C
gn.malimbadaeast4b,Malimbada East 4/B
gn.malimbadaeast489c,Malimbada East 489/C
gn.malimbadaihala,Malimbada Ihala
gn.malimbadaihala75a,Malimbada Ihala 75/A
gn.malimbadanorth256b,Malimbada North 256/B
gn.malimbadanorth33a,Malimbada North 33/A
gn.malimbadanorth652,Malimbada North 652
gn.malimbadasouth46c,Malimbada South 46/C
gn.malimbadasouth86c,Malimbada South 86/C
gn.malimbadawest,Malimbada West
gn.malimbadawest582c,Malimbada West 582/C
gn.manmunai297,Manmunai 297
gn.manmunaicentral155a,Manmunai Central 155/A
gn.manmunaicentral243a,Manmunai Central 243/A
gn.manmunaicentral664,Manmunai Central 664
gn.manmunaicentral686c,Manmunai Central 686/C
gn.manmunaieast598c,Manmunai East 598/C
gn.manmunaiihala,Manmunai Ihala
gn.manmunaiihala34b,Manmunai Ihala 34/B
gn.manmunaiihala651b,Manmunai Ihala 651/B
gn.manmunainorth,Manmunai North
gn.manmunainorth499c,Manmunai North 499/C
gn.manmunaipahala683c,Manmunai Pahala 683/C
gn.manmunaipahala721b,Manmunai Pahala 721/B
gn.manmunaipahala872a,Manmunai Pahala 872/A
gn.manmunaiwest,Manmunai West
gn.mannarcentral,Mannar Central
gn.mannareast,Mannar East
gn.mannareast33a,Mannar East 33/A
gn.mannareast771c,Mannar East 771/C
gn.mannarihala,Mannar Ihala
gn.mannarihala223,Mannar Ihala 223
gn.mannarihala592c,Mannar Ihala 592/C
gn.mannarnorth158,Mannar North 158
gn.mannarnorth398,Mannar North 398
gn.mannarnorth880c,Mannar North 880/C
gn.mannarpahala,Mannar Pahala
gn.mannarpahala500b,Mannar Pahala 500/B
gn.mannarpahala998a,Mannar Pahala 998/A
gn.mannarsouth,Mannar South
gn.mannarwest,Mannar West
gn.manthaieast,Manthai East
gn.manthaieast504,Manthai East 504
gn.manthaieastcentral118,Manthai East Central 118
gn.manthaieastcentral448,Manthai East Central 448
gn.manthaieasteast,Manthai East East
gn.manthaieasteast398a,Manthai East East 398/A
gn.manthaieasteast661b,Manthai East East 661/B
gn.manthaieasteast999,Manthai East East 999
gn.manthaieastihala545c,Manthai East Ihala 545/C
gn.manthaieastihala71,Manthai East Ihala 71
gn.manthaieastihala805,Manthai East Ihala 805
gn.manthaieastnorth144b,Manthai East North 144/B
gn.manthaieastnorth986a,Manthai East North 986/A
gn.manthaieastpahala204a,Manthai East Pahala 204/A
gn.manthaieastpahala358,Manthai East Pahala 358
gn.manthaieastpahala461,Manthai East Pahala 461
gn.manthaieastsouth,Manthai East South
gn.manthaieastsouth530a,Manthai East South 530/A
gn.manthaieastsouth577,Manthai East South 577
gn.manthaieastsouth821c,Manthai East South 821/C
gn.manthaiwest412a,Manthai West 412/A
gn.manthaiwestcentral,Manthai West Central
gn.manthaiwestcentral229c,Manthai West Central 229/C
gn.manthaiwesteast378c,Manthai West East 378/C
gn.manthaiwesteast606,Manthai West East 606
gn.manthaiwesteast619c,Manthai West East 619/C
gn.manthaiwestihala77c,Manthai West Ihala 77/C
gn.manthaiwestihala837c,Manthai West Ihala 837/C
gn.manthaiwestnorth,Manthai West North
gn.manthaiwestnorth467a,Manthai West North 467/A
gn.manthaiwestnorth68b,Manthai West North 68/B
gn.manthaiwestnorth73,Manthai West North 73
gn.manthaiwestpahala306b,Manthai West Pahala 306/B
gn.manthaiwestsouth,Manthai West South
gn.manthaiwestsouth676a,Manthai West South 676/A
gn.manthaiwestwest,Manthai West West
gn.manthaiwestwest72a,Manthai West West 72/A
gn.maritimepattu,Maritimepattu
gn.maritimepattu186b,Maritimepattu 186/B
gn.maritimepattu762,Maritimepattu 762
gn.maritimepattueast,Maritimepattu East
gn.maritimepattuihala450a,Maritimepattu Ihala 450/A
gn.maritimepattuihala539c,Maritimepattu Ihala 539/C
gn.maritimepattuihala931c,Maritimepattu Ihala 931/C
gn.maritimepattunorth,Maritimepattu North
gn.maritimepattunorth413a,Maritimepattu North 413/A
gn.maritimepattunorth645,Maritimepattu North 645
gn.maritimepattupahala,Maritimepattu Pahala
gn.maritimepattupahala168,Maritimepattu Pahala 168
gn.maritimepattupahala554,Maritimepattu Pahala 554
gn.maritimepattupahala996c,Maritimepattu Pahala 996/C
gn.maritimepattusouth124,Maritimepattu South 124
gn.maritimepattusouth177,Maritimepattu South 177
gn.maritimepattusouth384c,Maritimepattu South 384/C
gn.maruthankarney285,Maruthankarney 285
gn.maruthankarney90c,Maruthankarney 90/C
gn.maruthankarneycentral468,Maruthankarney Central 468
gn.maruthankarneycentral486,Maruthankarney Central 486
gn.maruthankarneyeast580c,Maruthankarney East 580/C
gn.maruthankarneyihala,Maruthankarney Ihala
gn.maruthankarneyihala423,Maruthankarney Ihala 423
gn.maruthankarneyihala503b,Maruthankarney Ihala 503/B
gn.maruthankarneyihala64a,Maruthankarney Ihala 64/A
gn.maruthankarneynorth301b,Maruthankarney North 301/B
gn.maruthankarneypahala,Maruthankarney Pahala
gn.maruthankarneypahala209b,Maruthankarney Pahala 209/B
gn.maruthankarneypahala779c,Maruthankarney Pahala 779/C
gn.maruthankarneypahala897c,Maruthankarney Pahala 897/C
gn.maruthankarneysouth,Maruthankarney South
gn.maruthankarneysouth110b,Maruthankarney South 110/B
gn.maruthankarneywest106b,Maruthankarney West 106/B
gn.maruthankarneywest601a,Maruthankarney West 601/A
gn.maruthankarneywest642,Maruthankarney West 642
gn.maruthankarneywest794c,Maruthankarney West 794/C
gn.matale,Matale
gn.matale879b,Matale 879/B
gn.matalecentral886b,Matale Central 886/B
gn.mataleeast,Matale East
gn.mataleeast409b,Matale East 409/B
gn.mataleeast640,Matale East 640
gn.mataleihala553b,Matale Ihala 553/B
gn.mataleihala569,Matale Ihala 569
gn.mataleihala735c,Matale Ihala 735/C
gn.mataleihala811,Matale Ihala 811
gn.mataleihala972c,Matale Ihala 972/C
gn.matalenorth,Matale North
gn.matalesouth400c,Matale South 400/C
gn.matalesouth42b,Matale South 42/B
gn.matalesouth787,Matale South 787
gn.matalewest,Matale West
gn.matalewest549a,Matale West 549/A
gn.matara,Matara
gn.matara235,Matara 235
gn.matara626c,Matara 626/C
gn.matara978,Matara 978
gn.mataracentral,Matara Central
gn.mataraeast,Matara East
gn.mataraeast189a,Matara East 189/A
gn.mataraeast32c,Matara East 32/C
gn.mataraeast526c,Matara East 526/C
gn.mataraeast771,Matara East 771
gn.mataraeast878,Matara East 878
gn.mataraeast880,Matara East 880
gn.mataraeast966,Matara East 966
gn.mataraihala,Matara Ihala
gn.mataraihala103b,Matara Ihala 103/B
gn.mataraihala614b,Matara Ihala 614/B
gn.mataranorth,Matara North
gn.mataranorth465c,Matara North 465/C
gn.matarapahala,Matara Pahala
gn.matarapahala864b,Matara Pahala 864/B
gn.matarapahala962,Matara Pahala 962
gn.matarasouth,Matara South
gn.matarasouth373c,Matara South 373/C
gn.matarasouth953a,Matara South 953/A
gn.matarawest,Matara West
gn.matarawest909a,Matara West 909/A
gn.matugama634,Matugama 634
gn.matugamacentral,Matugama Central
gn.matugamacentral297b,Matugama Central 297/B
gn.matugamaeast584c,Matugama East 584/C
gn.matugamaihala,Matugama Ihala
gn.matugamaihala103b,Matugama Ihala 103/B
gn.matugamaihala94,Matugama Ihala 94
gn.matugamanorth,Matugama North
gn.matugamapahala,Matugama Pahala
gn.matugamapahala528b,Matugama Pahala 528/B
gn.matugamasouth,Matugama South
gn.matugamasouth493a,Matugama South 493/A
gn.matugamasouth502b,Matugama South 502/B
gn.matugamasouth775b,Matugama South 775/B
gn.mawanella,Mawanella
gn.mawanella430a,Mawanella 430/A
gn.mawanellacentral543c,Mawanella Central 543/C
gn.mawanellacentral569,Mawanella Central 569
gn.mawanellacentral70b,Mawanella Central 70/B
gn.mawanellaeast,Mawanella East
gn.mawanellaihala,Mawanella Ihala
gn.mawanellaihala556c,Mawanella Ihala 556/C
gn.mawanellapahala,Mawanella Pahala
gn.mawanellapahala387a,Mawanella Pahala 387/A
gn.mawanellasouth459a,Mawanella South 459/A
gn.mawanellasouth712c,Mawanella South 712/C
gn.mawanellawest288a,Mawanella West 288/A
gn.mawanellawest520b,Mawanella West 520/B
gn.mawathagama,Mawathagama
gn.mawathagama430a,Mawathagama 430/A
gn.mawathagama655b,Mawathagama 655/B
gn.mawathagamacentral264,Mawathagama Central 264
gn.mawathagamacentral577a,Mawathagama Central 577/A
gn.mawathagamacentral88,Mawathagama Central 88
gn.mawathagamacentral889a,Mawathagama Central 889/A
gn.mawathagamaeast178a,Mawathagama East 178/A
gn.mawathagamaeast337b,Mawathagama East 337/B
gn.mawathagamaeast412a,Mawathagama East 412/A
gn.mawathagamaeast819,Mawathagama East 819
gn.mawathagamaeast87,Mawathagama East 87
gn.mawathagamaihala890,Mawathagama Ihala 890
gn.mawathagamanorth,Mawathagama North
gn.mawathagamanorth864c,Mawathagama North 864/C
gn.mawathagamapahala208b,Mawathagama Pahala 208/B
gn.mawathagamapahala255,Mawathagama Pahala 255
gn.mawathagamasouth,Mawathagama South
gn.mawathagamasouth523a,Mawathagama South 523/A
gn.mawathagamawest399a,Mawathagama West 399/A
gn.medadeniyacentral201,Medadeniya Central 201
gn.medadeniyaihala266c,Medadeniya Ihala 266/C
gn.medadeniyaihala781,Medadeniya Ihala 781
gn.medadeniyanorth840b,Medadeniya North 840/B
gn.medadeniyanorth984,Medadeniya North 984
gn.medadeniyapahala,Medadeniya Pahala
gn.medadeniyawest,Medadeniya West
gn.medadeniyawest64b,Medadeniya West 64/B
gn.medagala511,Medagala 511
gn.medagala52a,Medagala 52/A
gn.medagalacentral666a,Medagala Central 666/A
gn.medagalaeast366a,Medagala East 366/A
gn.medagalaeast467,Medagala East 467
gn.medagalaeast565b,Medagala East 565/B
gn.medagalaihala,Medagala Ihala
gn.medagalaihala253,Medagala Ihala 253
gn.medagalaihala50a,Medagala Ihala 50/A
gn.medagalanorth308c,Medagala North 308/C
gn.medagalapahala497b,Medagala Pahala 497/B
gn.medagalapahala763b,Medagala Pahala 763/B
gn.medagalawest840,Medagala West 840
gn.medagama69a,Medagama 69/A
gn.medagama911c,Medagama 911/C
gn.medagamacentral371a,Medagama Central 371/A
gn.medagamacentral734b,Medagama Central 734/B
gn.medagamacentral751,Medagama Central 751
gn.medagamaeast,Medagama East
gn.medagamaeast100,Medagama East 100
gn.medagamaihala,Medagama Ihala
gn.medagamaihala270,Medagama Ihala 270
gn.medagamaihala504b,Medagama Ihala 504/B
gn.medagamaihala540b,Medagama Ihala 540/B
gn.medagamanorth566b,Medagama North 566/B
gn.medagamanorth588b,Medagama North 588/B
gn.medagamanorth714a,Medagama North 714/A
gn.medagamanorth995c,Medagama North 995/C
gn.medagamapahala,Medagama Pahala
gn.medagamapahala272,Medagama Pahala 272
gn.medagamapahala444b,Medagama Pahala 444/B
gn.medagamapahala770c,Medagama Pahala 770/C
gn.medagamasouth,Medagama South
gn.medagamasouth189,Medagama South 189
gn.medagamasouth366,Medagama South 366
gn.medagamasouth705b,Medagama South 705/B
gn.medagamasouth764,Medagama South 764
gn.medagamasouth982c,Medagama South 982/C
gn.medagamawest,Medagama West
gn.medagamawest243a,Medagama West 243/A
gn.medagamawest498b,Medagama West 498/B
gn.medagamuwa,Medagamuwa
gn.medagamuwaeast,Medagamuwa East
gn.medagamuwaeast714c,Medagamuwa East 714/C
gn.medagamuwanorth,Medagamuwa North
gn.medagamuwapahala,Medagamuwa Pahala
gn.medagamuwapahala565a,Medagamuwa Pahala 565/A
gn.medagamuwapahala634c,Medagamuwa Pahala 634/C
gn.medagamuwawest841b,Medagamuwa West 841/B
gn.medagedara,Medagedara
gn.medagedaracentral,Medagedara Central
gn.medagedaracentral609a,Medagedara Central 609/A
gn.medagedaraihala115a,Medagedara Ihala 115/A
gn.medagedaraihala466,Medagedara Ihala 466
gn.medagedarasouth,Medagedara South
gn.medagedarasouth483,Medagedara South 483
gn.medagedarawest,Medagedara West
gn.medagoda127a,Medagoda 127/A
gn.medagoda990a,Medagoda 990/A
gn.medagodacentral,Medagoda Central
gn.medagodaeast,Medagoda East
gn.medagodaeast53b,Medagoda East 53/B
gn.medagodaihala820a,Medagoda Ihala 820/A
gn.medagodawest,Medagoda West
gn.medahenaihala,Medahena Ihala
gn.medahenanorth439,Medahena North 439
gn.medahenapahala494a,Medahena Pahala 494/A
gn.medahenapahala608,Medahena Pahala 608
gn.medahenasouth,Medahena South
gn.medahenawest,Medahena West
gn.medahenawest618c,Medahena West 618/C
gn.medahenawest633,Medahena West 633
gn.medakaduwa81,Medakaduwa 81
gn.medakaduwaeast285,Medakaduwa East 285
gn.medakaduwaeast939c,Medakaduwa East 939/C
gn.medakaduwanorth,Medakaduwa North
gn.medakaduwapahala,Medakaduwa Pahala
gn.medakaduwapahala173a,Medakaduwa Pahala 173/A
gn.medakaduwasouth270a,Medakaduwa South 270/A
gn.medakaduwawest767,Medakaduwa West 767
gn.medakandacentral,Medakanda Central
gn.medakandacentral462a,Medakanda Central 462/A
gn.medakandacentral759a,Medakanda Central 759/A
gn.medakandacentral944c,Medakanda Central 944/C
gn.medakandaeast,Medakanda East
gn.medakandaihala,Medakanda Ihala
gn.medakandaihala225a,Medakanda Ihala 225/A
gn.medakandaihala282b,Medakanda Ihala 282/B
gn.medakandaihala703c,Medakanda Ihala 703/C
gn.medakandaihala758c,Medakanda Ihala 758/C
gn.medakandanorth,Medakanda North
gn.medakandanorth176b,Medakanda North 176/B
gn.medakandanorth57b,Medakanda North 57/B
gn.medakandapahala,Medakanda Pahala
gn.medakandasouth,Medakanda South
gn.medakandasouth242b,Medakanda South 242/B
gn.medakandasouth568,Medakanda South 568
gn.medakandasouth640b,Medakanda South 640/B
gn.medakandawest142a,Medakanda West 142/A
gn.medakandawest834,Medakanda West 834
gn.medakumbura,Medakumbura
gn.medakumbura796b,Medakumbura 796/B
gn.medakumburaeast650b,Medakumbura East 650/B
gn.medakumburaihala,Medakumbura Ihala
gn.medakumburaihala445c,Medakumbura Ihala 445/C
gn.medakumburanorth,Medakumbura North
gn.medakumburanorth223,Medakumbura North 223
gn.medakumburawest145a,Medakumbura West 145/A
gn.medamulla671,Medamulla 671
gn.medamullacentral921c,Medamulla Central 921/C
gn.medamullaeast199,Medamulla East 199
gn.medamullaeast212a,Medamulla East 212/A
gn.medamullaeast489b,Medamulla East 489/B
gn.medamullaihala759b,Medamulla Ihala 759/B
gn.medamullaihala978,Medamulla Ihala 978
gn.medamullanorth130c,Medamulla North 130/C
gn.medamullapahala782b,Medamulla Pahala 782/B
gn.medamullawest827a,Medamulla West 827/A
gn.medamullawest984c,Medamulla West 984/C
gn.medaoya433,Medaoya 433
gn.medaoya448a,Medaoya 448/A
gn.medaoya727c,Medaoya 727/C
gn.medaoya868a,Medaoya 868/A
gn.medaoyacentral,Medaoya Central
gn.medaoyacentral856b,Medaoya Central 856/B
gn.medaoyaeast,Medaoya East
gn.medaoyaihala,Medaoya Ihala
gn.medaoyanorth,Medaoya North
gn.medaoyanorth288a,Medaoya North 288/A
gn.medaoyanorth839,Medaoya North 839
gn.medaoyanorth867c,Medaoya North 867/C
gn.medaoyawest,Medaoya West
gn.medaoyawest462b,Medaoya West 462/B
gn.medapitiya,Medapitiya
gn.medapitiyaeast150,Medapitiya East 150
gn.medapitiyaihala570,Medapitiya Ihala 570
gn.medapitiyaihala824c,Medapitiya Ihala 824/C
gn.medapitiyanorth,Medapitiya North
gn.medapitiyanorth842a,Medapitiya North 842/A
gn.medapitiyasouth,Medapitiya South
gn.medapura,Medapura
gn.medapura116,Medapura 116
gn.medapuracentral168c,Medapura Central 168/C
gn.medapuraeast889b,Medapura East 889/B
gn.medapuraihala,Medapura Ihala
gn.medapuraihala347a,Medapura Ihala 347/A
gn.medapuranorth,Medapura North
gn.medapuranorth918b,Medapura North 918/B
gn.medapurapahala177b,Medapura Pahala 177/B
gn.medapurapahala978c,Medapura Pahala 978/C
gn.medapurasouth332,Medapura South 332
gn.medapurasouth990c,Medapura South 990/C
gn.medapurawest,Medapura West
gn.medatota,Medatota
gn.medatotacentral135a,Medatota Central 135/A
gn.medatotacentral392,Medatota Central 392
gn.medatotaeast992b,Medatota East 992/B
gn.medatotaihala,Medatota Ihala
gn.medatotaihala456b,Medatota Ihala 456/B
gn.medatotaihala807,Medatota Ihala 807
gn.medatotanorth148,Medatota North 148
gn.medatotanorth285c,Medatota North 285/C
gn.medatotanorth524,Medatota North 524
gn.medatotapahala326a,Medatota Pahala 326/A
gn.medatotapahala690,Medatota Pahala 690
gn.medatotapahala846c,Medatota Pahala 846/C
gn.medatotasouth,Medatota South
gn.medatotasouth191b,Medatota South 191/B
gn.medatotawest,Medatota West
gn.medawachchiya,Medawachchiya
gn.medawachchiya309b,Medawachchiya 309/B
gn.medawachchiya871a,Medawachchiya 871/A
gn.medawachchiyacentral,Medawachchiya Central
gn.medawachchiyacentral696c,Medawachchiya Central 696/C
gn.medawachchiyacentral81b,Medawachchiya Central 81/B
gn.medawachchiyaeast556c,Medawachchiya East 556/C
gn.medawachchiyaeast650,Medawachchiya East 650
gn.medawachchiyaihala,Medawachchiya Ihala
gn.medawachchiyaihala28b,Medawachchiya Ihala 28/B
gn.medawachchiyanorth147c,Medawachchiya North 147/C
gn.medawachchiyanorth95c,Medawachchiya North 95/C
gn.medawachchiyapahala,Medawachchiya Pahala
gn.medawachchiyapahala796,Medawachchiya Pahala 796
gn.medawachchiyasouth268c,Medawachchiya South 268/C
gn.medawachchiyasouth337c,Medawachchiya South 337/C
gn.medawachchiyasouth344b,Medawachchiya South 344/B
gn.medawachchiyasouth871c,Medawachchiya South 871/C
gn.medawachchiyawest269,Medawachchiya West 269
gn.medawachchiyawest28,Medawachchiya West 28
gn.medawachchiyawest283c,Medawachchiya West 283/C
gn.medawatta,Medawatta
gn.medawatta313b,Medawatta 313/B
gn.medawatta751,Medawatta 751
gn.medawatta771a,Medawatta 771/A
gn.medawattacentral,Medawatta Central
gn.medawattacentral686,Medawatta Central 686
gn.medawattaeast119,Medawatta East 119
gn.medawattapahala,Medawatta Pahala
gn.medawattapahala106,Medawatta Pahala 106
gn.medawattapahala359c,Medawatta Pahala 359/C
gn.medawattasouth,Medawatta South
gn.medawattawest,Medawatta West
gn.medawattawest718a,Medawatta West 718/A
gn.medawela179c,Medawela 179/C
gn.medawela248c,Medawela 248/C
gn.medawelacentral310b,Medawela Central 310/B
gn.medawelacentral824,Medawela Central 824
gn.medawelacentral864a,Medawela Central 864/A
gn.medawelaeast,Medawela East
gn.medawelaeast984b,Medawela East 984/B
gn.medawelaihala,Medawela Ihala
gn.medawelanorth,Medawela North
gn.medawelanorth447c,Medawela North 447/C
gn.medawelanorth79,Medawela North 79
gn.medawelapahala,Medawela Pahala
gn.medawelapahala789a,Medawela Pahala 789/A
gn.medawelapahala90c,Medawela Pahala 90/C
gn.medawelasouth,Medawela South
gn.medawelasouth629c,Medawela South 629/C
gn.medawelasouth902a,Medawela South 902/A
gn.medawelawest360,Medawela West 360
gn.medirigiriya,Medirigiriya
gn.medirigiriya205,Medirigiriya 205
gn.medirigiriya532,Medirigiriya 532
gn.medirigiriya606c,Medirigiriya 606/C
gn.medirigiriyacentral,Medirigiriya Central
gn.medirigiriyacentral780c,Medirigiriya Central 780/C
gn.medirigiriyacentral860,Medirigiriya Central 860
gn.medirigiriyaeast11b,Medirigiriya East 11/B
gn.medirigiriyaeast754a,Medirigiriya East 754/A
gn.medirigiriyaeast772a,Medirigiriya East 772/A
gn.medirigiriyaeast883b,Medirigiriya East 883/B
gn.medirigiriyaihala490,Medirigiriya Ihala 490
gn.medirigiriyanorth,Medirigiriya North
gn.medirigiriyapahala88b,Medirigiriya Pahala 88/B
gn.medirigiriyapahala993b,Medirigiriya Pahala 993/B
gn.medirigiriyasouth568c,Medirigiriya South 568/C
gn.medirigiriyawest887c,Medirigiriya West 887/C
gn.meegahakivula,Meegahakivula
gn.meegahakivula450a,Meegahakivula 450/A
gn.meegahakivulaeast275b,Meegahakivula East 275/B
gn.meegahakivulaeast603b,Meegahakivula East 603/B
gn.meegahakivulaihala,Meegahakivula Ihala
gn.meegahakivulaihala397,Meegahakivula Ihala 397
gn.meegahakivulanorth,Meegahakivula North
gn.meegahakivulanorth888a,Meegahakivula North 888/A
gn.meegahakivulapahala571c,Meegahakivula Pahala 571/C
gn.meegahakivulasouth,Meegahakivula South
gn.meegahakivulasouth45c,Meegahakivula South 45/C
gn.meegahakivulasouth576a,Meegahakivula South 576/A
gn.meegahakivulawest,Meegahakivula West
gn.meegahakivulawest979a,Meegahakivula West 979/A
gn.mihintale,Mihintale
gn.mihintale278b,Mihintale 278/B
gn.mihintale737a,Mihintale 737/A
gn.mihintale860,Mihintale 860
gn.mihintale883c,Mihintale 883/C
gn.mihintalecentral319b,Mihintale Central 319/B
gn.mihintalecentral573c,Mihintale Central 573/C
gn.mihintalecentral868c,Mihintale Central 868/C
gn.mihintaleeast,Mihintale East
gn.mihintaleihala,Mihintale Ihala
gn.mihintaleihala656a,Mihintale Ihala 656/A
gn.mihintalenorth559,Mihintale North 559
gn.mihintalenorth691c,Mihintale North 691/C
gn.mihintalesouth,Mihintale South
gn.mihintalesouth310c,Mihintale South 310/C
gn.mihintalesouth519,Mihintale South 519
gn.mihintalesouth625c,Mihintale South 625/C
gn.mihintalesouth732b,Mihintale South 732/B
gn.mihintalewest452b,Mihintale West 452/B
gn.minuwangodacentral,Minuwangoda Central
gn.minuwangodacentral739b,Minuwangoda Central 739/B
gn.minuwangodaeast,Minuwangoda East
gn.minuwangodaeast133c,Minuwangoda East 133/C
gn.minuwangodaeast568a,Minuwangoda East 568/A
gn.minuwangodaihala,Minuwangoda Ihala
gn.minuwangodaihala155a,Minuwangoda Ihala 155/A
gn.minuwangodaihala415c,Minuwangoda Ihala 415/C
gn.minuwangodanorth159,Minuwangoda North 159
gn.minuwangodanorth599a,Minuwangoda North 599/A
gn.minuwangodapahala227a,Minuwangoda Pahala 227/A
gn.minuwangodasouth,Minuwangoda South
gn.minuwangodasouth240a,Minuwangoda South 240/A
gn.minuwangodasouth314b,Minuwangoda South 314/B
gn.minuwangodasouth423c,Minuwangoda South 423/C
gn.minuwangodasouth735b,Minuwangoda South 735/B
gn.minuwangodasouth810,Minuwangoda South 810
gn.minuwangodawest,Minuwangoda West
gn.minuwangodawest483b,Minuwangoda West 483/B
gn.minuwangodawest795,Minuwangoda West 795
gn.mirigama934c,Mirigama 934/C
gn.mirigamacentral,Mirigama Central
gn.mirigamacentral693,Mirigama Central 693
gn.mirigamaeast,Mirigama East
gn.mirigamaeast959c,Mirigama East 959/C
gn.mirigamaihala,Mirigama Ihala
gn.mirigamaihala667b,Mirigama Ihala 667/B
gn.mirigamaihala811,Mirigama Ihala 811
gn.mirigamaihala856,Mirigama Ihala 856
gn.mirigamanorth,Mirigama North
gn.mirigamanorth391b,Mirigama North 391/B
gn.mirigamanorth410,Mirigama North 410
gn.mirigamanorth826,Mirigama North 826
gn.mirigamapahala536,Mirigama Pahala 536
gn.mirigamapahala582a,Mirigama Pahala 582/A
gn.mirigamapahala775,Mirigama Pahala 775
gn.mirigamapahala836c,Mirigama Pahala 836/C
gn.mirigamasouth163,Mirigama South 163
gn.mirigamawest,Mirigama West
gn.monaragala,Monaragala
gn.monaragalacentral,Monaragala Central
gn.monaragalacentral48a,Monaragala Central 48/A
gn.monaragalaeast,Monaragala East
gn.monaragalaeast647c,Monaragala East 647/C
gn.monaragalaeast789c,Monaragala East 789/C
gn.monaragalaihala320b,Monaragala Ihala 320/B
gn.monaragalaihala366,Monaragala Ihala 366
gn.monaragalaihala949b,Monaragala Ihala 949/B
gn.monaragalanorth,Monaragala North
gn.monaragalanorth506,Monaragala North 506
gn.monaragalanorth809b,Monaragala North 809/B
gn.monaragalasouth695b,Monaragala South 695/B
gn.monaragalasouth869a,Monaragala South 869/A
gn.monaragalawest,Monaragala West
gn.monaragalawest284a,Monaragala West 284/A
gn.monaragalawest336b,Monaragala West 336/B
gn.moratuwacentral,Moratuwa Central
gn.moratuwacentral255c,Moratuwa Central 255/C
gn.moratuwacentral537c,Moratuwa Central 537/C
gn.moratuwacentral637b,Moratuwa Central 637/B
gn.moratuwacentral667c,Moratuwa Central 667/C
gn.moratuwacentral771c,Moratuwa Central 771/C
gn.moratuwacentral958,Moratuwa Central 958
gn.moratuwaeast,Moratuwa East
gn.moratuwaeast108a,Moratuwa East 108/A
gn.moratuwaihala849c,Moratuwa Ihala 849/C
gn.moratuwanorth577c,Moratuwa North 577/C
gn.moratuwapahala,Moratuwa Pahala
gn.moratuwapahala533,Moratuwa Pahala 533
gn.moratuwapahala586a,Moratuwa Pahala 586/A
gn.moratuwasouth,Moratuwa South
gn.moratuwasouth111a,Moratuwa South 111/A
gn.moratuwasouth169c,Moratuwa South 169/C
gn.moratuwasouth246c,Moratuwa South 246/C
gn.moratuwasouth908c,Moratuwa South 908/C
gn.moratuwawest,Moratuwa West
gn.moratuwawest367c,Moratuwa West 367/C
gn.moratuwawest507b,Moratuwa West 507/B
gn.morawewa576c,Morawewa 576/C
gn.morawewacentral,Morawewa Central
gn.morawewacentral530c,Morawewa Central 530/C
gn.morawewaeast,Morawewa East
gn.morawewaeast300b,Morawewa East 300/B
gn.morawewaihala,Morawewa Ihala
gn.morawewanorth,Morawewa North
gn.morawewanorth238,Morawewa North 238
gn.morawewanorth540a,Morawewa North 540/A
gn.morawewanorth844c,Morawewa North 844/C
gn.morawewapahala703,Morawewa Pahala 703
gn.morawewapahala720b,Morawewa Pahala 720/B
gn.morawewasouth296c,Morawewa South 296/C
gn.morawewasouth446b,Morawewa South 446/B
gn.morawewasouth591c,Morawewa South 591/C
gn.morawewasouth736,Morawewa South 736
gn.morawewawest,Morawewa West
gn.morawewawest452,Morawewa West 452
gn.mulatiyana662a,Mulatiyana 662/A
gn.mulatiyanaeast,Mulatiyana East
gn.mulatiyanaeast154b,Mulatiyana East 154/B
gn.mulatiyanaeast584b,Mulatiyana East 584/B
gn.mulatiyanaeast637c,Mulatiyana East 637/C
gn.mulatiyanaeast700c,Mulatiyana East 700/C
gn.mulatiyanaeast981a,Mulatiyana East 981/A
gn.mulatiyanaihala,Mulatiyana Ihala
gn.mulatiyanaihala396c,Mulatiyana Ihala 396/C
gn.mulatiyananorth,Mulatiyana North
gn.mulatiyananorth210b,Mulatiyana North 210/B
gn.mulatiyanapahala,Mulatiyana Pahala
gn.mulatiyanapahala331a,Mulatiyana Pahala 331/A
gn.mulatiyanasouth,Mulatiyana South
gn.mulatiyanawest,Mulatiyana West
gn.mulatiyanawest514c,Mulatiyana West 514/C
gn.mullaitivu,Mullaitivu
gn.mullaitivucentral455b,Mullaitivu Central 455/B
gn.mullaitivueast7c,Mullaitivu East 7/C
gn.mullaitivuihala,Mullaitivu Ihala
gn.mullaitivuihala607c,Mullaitivu Ihala 607/C
gn.mullaitivunorth,Mullaitivu North
gn.mullaitivunorth391a,Mullaitivu North 391/A
gn.mullaitivunorth54a,Mullaitivu North 54/A
gn.mullaitivunorth647,Mullaitivu North 647
gn.mullaitivupahala,Mullaitivu Pahala
gn.mullaitivupahala348c,Mullaitivu Pahala 348/C
gn.mullaitivupahala401c,Mullaitivu Pahala 401/C
gn.mullaitivupahala666,Mullaitivu Pahala 666
gn.mullaitivuwest252c,Mullaitivu West 252/C
gn.mullaitivuwest738b,Mullaitivu West 738/B
gn.mundel252,Mundel 252
gn.mundel423a,Mundel 423/A
gn.mundel538a,Mundel 538/A
gn.mundelcentral,Mundel Central
gn.mundelcentral113,Mundel Central 113
gn.mundelcentral160a,Mundel Central 160/A
gn.mundeleast,Mundel East
gn.mundelihala696a,Mundel Ihala 696/A
gn.mundelnorth314a,Mundel North 314/A
gn.mundelnorth332b,Mundel North 332/B
gn.mundelnorth332c,Mundel North 332/C
gn.mundelnorth42a,Mundel North 42/A
gn.mundelnorth465,Mundel North 465
gn.mundelnorth58c,Mundel North 58/C
gn.mundelpahala,Mundel Pahala
gn.mundelpahala67c,Mundel Pahala 67/C
gn.mundelpahala809a,Mundel Pahala 809/A
gn.mundelpahala932c,Mundel Pahala 932/C
gn.mundelsouth872b,Mundel South 872/B
gn.mundelwest,Mundel West
gn.musali760c,Musali 760/C
gn.musalicentral589,Musali Central 589
gn.musalicentral879b,Musali Central 879/B
gn.musaliihala918c,Musali Ihala 918/C
gn.musalinorth,Musali North
gn.musalinorth617c,Musali North 617/C
gn.musalipahala,Musali Pahala
gn.musalipahala707a,Musali Pahala 707/A
gn.musalisouth593b,Musali South 593/B
gn.musaliwest36a,Musali West 36/A
gn.musaliwest922,Musali West 922
gn.musaliwest998a,Musali West 998/A
gn.mutur410c,Mutur 410/C
gn.mutur584,Mutur 584
gn.mutur674c,Mutur 674/C
gn.muturcentral578c,Mutur Central 578/C
gn.mutureast,Mutur East
gn.mutureast366b,Mutur East 366/B
gn.mutureast708,Mutur East 708
gn.mutureast825a,Mutur East 825/A
gn.muturihala,Mutur Ihala
gn.muturihala15a,Mutur Ihala 15/A
gn.muturnorth12a,Mutur North 12/A
gn.muturpahala429c,Mutur Pahala 429/C
gn.mutursouth,Mutur South
gn.mutursouth585c,Mutur South 585/C
gn.muturwest423a,Mutur West 423/A
gn.muturwest432,Mutur West 432
gn.muturwest458b,Mutur West 458/B
gn.muturwest540a,Mutur West 540/A
gn.muturwest570a,Mutur West 570/A
gn.muturwest830a,Mutur West 830/A
gn.nallur,Nallur
gn.nallurcentral,Nallur Central
gn.nallurcentral268c,Nallur Central 268/C
gn.nallureast,Nallur East
gn.nallureast274,Nallur East 274
gn.nallurnorth,Nallur North
gn.nallurpahala,Nallur Pahala
gn.nallurpahala203,Nallur Pahala 203
gn.nallurpahala429a,Nallur Pahala 429/A
gn.nallursouth,Nallur South
gn.nallursouth509b,Nallur South 509/B
gn.nallurwest,Nallur West
gn.nallurwest311,Nallur West 311
gn.nanaddan,Nanaddan
gn.nanaddan241b,Nanaddan 241/B
gn.nanaddan391b,Nanaddan 391/B
gn.nanaddan869,Nanaddan 869
gn.nanaddancentral,Nanaddan Central
gn.nanaddancentral102b,Nanaddan Central 102/B
gn.nanaddancentral284b,Nanaddan Central 284/B
gn.nanaddancentral30a,Nanaddan Central 30/A
gn.nanaddaneast210a,Nanaddan East 210/A
gn.nanaddaneast648,Nanaddan East 648
gn.nanaddanihala,Nanaddan Ihala
gn.nanaddannorth453a,Nanaddan North 453/A
gn.nanaddannorth754b,Nanaddan North 754/B
gn.nanaddannorth817b,Nanaddan North 817/B
gn.nanaddannorth98,Nanaddan North 98
gn.nanaddanpahala176a,Nanaddan Pahala 176/A
gn.nanaddanpahala353,Nanaddan Pahala 353
gn.nanaddanpahala472c,Nanaddan Pahala 472/C
gn.nanaddanpahala792a,Nanaddan Pahala 792/A
gn.nanaddanwest581,Nanaddan West 581
gn.narammala,Narammala
gn.narammalacentral,Narammala Central
gn.narammalacentral10b,Narammala Central 10/B
gn.narammalacentral863c,Narammala Central 863/C
gn.narammalaeast,Narammala East
gn.narammalaeast12,Narammala East 12
gn.narammalaeast139b,Narammala East 139/B
gn.narammalaihala,Narammala Ihala
gn.narammalanorth,Narammala North
gn.narammalanorth664b,Narammala North 664/B
gn.narammalapahala,Narammala Pahala
gn.narammalapahala610a,Narammala Pahala 610/A
gn.narammalapahala730a,Narammala Pahala 730/A
gn.narammalasouth,Narammala South
gn.narammalasouth137b,Narammala South 137/B
gn.narammalawest217,Narammala West 217
gn.narammalawest223c,Narammala West 223/C
gn.narammalawest244c,Narammala West 244/C
gn.narammalawest463,Narammala West 463
gn.narammalawest48c,Narammala West 48/C
gn.narammalawest913a,Narammala West 913/A
gn.narammalawest990c,Narammala West 990/C
gn.nattandiya,Nattandiya
gn.nattandiya651c,Nattandiya 651/C
gn.nattandiya682a,Nattandiya 682/A
gn.nattandiyacentral,Nattandiya Central
gn.nattandiyacentral54a,Nattandiya Central 54/A
gn.nattandiyacentral616c,Nattandiya Central 616/C
gn.nattandiyacentral68b,Nattandiya Central 68/B
gn.nattandiyaeast154a,Nattandiya East 154/A
gn.nattandiyaeast377b,Nattandiya East 377/B
gn.nattandiyaeast524,Nattandiya East 524
gn.nattandiyaihala,Nattandiya Ihala
gn.nattandiyaihala129c,Nattandiya Ihala 129/C
gn.nattandiyaihala292b,Nattandiya Ihala 292/B
gn.nattandiyaihala840b,Nattandiya Ihala 840/B
gn.nattandiyapahala,Nattandiya Pahala
gn.nattandiyapahala111,Nattandiya Pahala 111
gn.nattandiyapahala404,Nattandiya Pahala 404
gn.nattandiyasouth249a,Nattandiya South 249/A
gn.nattandiyasouth371b,Nattandiya South 371/B
gn.nattandiyawest,Nattandiya West
gn.nattandiyawest117a,Nattandiya West 117/A
gn.nattandiyawest196,Nattandiya West 196
gn.nattandiyawest239c,Nattandiya West 239/C
gn.nattandiyawest273c,Nattandiya West 273/C
gn.nattandiyawest511a,Nattandiya West 511/A
gn.nattandiyawest931c,Nattandiya West 931/C
gn.naula,Naula
gn.naulaeast284c,Naula East 284/C
gn.naulaeast555,Naula East 555
gn.naulaihala649c,Naula Ihala 649/C
gn.naulaihala761c,Naula Ihala 761/C
gn.naulanorth,Naula North
gn.naulanorth621c,Naula North 621/C
gn.naulanorth958b,Naula North 958/B
gn.naulapahala399,Naula Pahala 399
gn.naulasouth,Naula South
gn.naulasouth247,Naula South 247
gn.naulasouth656b,Naula South 656/B
gn.naulasouth732a,Naula South 732/A
gn.naulasouth836b,Naula South 836/B
gn.naulawest,Naula West
gn.naulawest257a,Naula West 257/A
gn.navagattegama,Navagattegama
gn.navagattegama206b,Navagattegama 206/B
gn.navagattegama418b,Navagattegama 418/B
gn.navagattegamacentral,Navagattegama Central
gn.navagattegamacentral22b,Navagattegama Central 22/B
gn.navagattegamacentral49b,Navagattegama Central 49/B
gn.navagattegamaeast,Navagattegama East
gn.navagattegamaihala,Navagattegama Ihala
gn.navagattegamaihala214b,Navagattegama Ihala 214/B
gn.navagattegamaihala966b,Navagattegama Ihala 966/B
gn.navagattegamanorth,Navagattegama North
gn.navagattegamanorth347b,Navagattegama North 347/B
gn.navagattegamanorth729b,Navagattegama North 729/B
gn.navagattegamapahala,Navagattegama Pahala
gn.navagattegamapahala421c,Navagattegama Pahala 421/C
gn.navagattegamapahala439a,Navagattegama Pahala 439/A
gn.navagattegamapahala949,Navagattegama Pahala 949
gn.navagattegamawest644a,Navagattegama West 644/A
gn.navagattegamawest959a,Navagattegama West 959/A
gn.navithanveli170b,Navithanveli 170/B
gn.navithanveli559,Navithanveli 559
gn.navithanvelicentral168b,Navithanveli Central 168/B
gn.navithanvelicentral285a,Navithanveli Central 285/A
gn.navithanvelicentral686a,Navithanveli Central 686/A
gn.navithanvelieast,Navithanveli East
gn.navithanvelieast110c,Navithanveli East 110/C
gn.navithanvelieast352,Navithanveli East 352
gn.navithanvelieast609b,Navithanveli East 609/B
gn.navithanveliihala,Navithanveli Ihala
gn.navithanveliihala260,Navithanveli Ihala 260
gn.navithanveliihala423,Navithanveli Ihala 423
gn.navithanveliihala941b,Navithanveli Ihala 941/B
gn.navithanvelinorth504b,Navithanveli North 504/B
gn.navithanvelinorth687,Navithanveli North 687
gn.navithanvelinorth812c,Navithanveli North 812/C
gn.navithanvelipahala374b,Navithanveli Pahala 374/B
gn.navithanvelipahala78c,Navithanveli Pahala 78/C
gn.navithanvelipahala972,Navithanveli Pahala 972
gn.navithanvelisouth,Navithanveli South
gn.navithanvelisouth60,Navithanveli South 60
gn.navithanvelisouth735b,Navithanveli South 735/B
gn.navithanvelisouth763,Navithanveli South 763
gn.navithanvelisouth990a,Navithanveli South 990/A
gn.navithanveliwest,Navithanveli West
gn.nawaladeniya379b,Nawaladeniya 379/B
gn.nawaladeniya905b,Nawaladeniya 905/B
gn.nawaladeniyaeast,Nawaladeniya East
gn.nawaladeniyaihala180a,Nawaladeniya Ihala 180/A
gn.nawaladeniyaihala505,Nawaladeniya Ihala 505
gn.nawaladeniyapahala,Nawaladeniya Pahala
gn.nawaladeniyasouth,Nawaladeniya South
gn.nawaladeniyasouth624,Nawaladeniya South 624
gn.nawaladeniyawest,Nawaladeniya West
gn.nawalagala,Nawalagala
gn.nawalagala571b,Nawalagala 571/B
gn.nawalagala950c,Nawalagala 950/C
gn.nawalagalacentral,Nawalagala Central
gn.nawalagalaeast,Nawalagala East
gn.nawalagalanorth200a,Nawalagala North 200/A
gn.nawalagalapahala,Nawalagala Pahala
gn.nawalagalapahala189,Nawalagala Pahala 189
gn.nawalagalapahala385c,Nawalagala Pahala 385/C
gn.nawalagalapahala862b,Nawalagala Pahala 862/B
gn.nawalagalasouth536,Nawalagala South 536
gn.nawalagalawest,Nawalagala West
gn.nawalagalawest790c,Nawalagala West 790/C
gn.nawalagama,Nawalagama
gn.nawalagama467,Nawalagama 467
gn.nawalagamacentral534,Nawalagama Central 534
gn.nawalagamacentral864,Nawalagama Central 864
gn.nawalagamaeast,Nawalagama East
gn.nawalagamapahala514b,Nawalagama Pahala 514/B
gn.nawalagamapahala919c,Nawalagama Pahala 919/C
gn.nawalagamapahala967,Nawalagama Pahala 967
gn.nawalagamasouth,Nawalagama South
gn.nawalagamasouth100c,Nawalagama South 100/C
gn.nawalagamasouth737a,Nawalagama South 737/A
gn.nawalagamawest,Nawalagama West
gn.nawalagamawest476,Nawalagama West 476
gn.nawalagamawest489c,Nawalagama West 489/C
gn.nawalagamuwa,Nawalagamuwa
gn.nawalagamuwacentral,Nawalagamuwa Central
gn.nawalagamuwacentral509c,Nawalagamuwa Central 509/C
gn.nawalagamuwacentral83,Nawalagamuwa Central 83
gn.nawalagamuwaeast,Nawalagamuwa East
gn.nawalagamuwaeast342a,Nawalagamuwa East 342/A
gn.nawalagamuwanorth688b,Nawalagamuwa North 688/B
gn.nawalagamuwapahala12a,Nawalagamuwa Pahala 12/A
gn.nawalagamuwapahala383b,Nawalagamuwa Pahala 383/B
gn.nawalagamuwasouth,Nawalagamuwa South
gn.nawalagamuwawest145c,Nawalagamuwa West 145/C
gn.nawalagedara,Nawalagedara
gn.nawalagedara572b,Nawalagedara 572/B
gn.nawalagedaracentral,Nawalagedara Central
gn.nawalagedaracentral605c,Nawalagedara Central 605/C
gn.nawalagedaraeast861a,Nawalagedara East 861/A
gn.nawalagedaraihala831a,Nawalagedara Ihala 831/A
gn.nawalagedaranorth349,Nawalagedara North 349
gn.nawalagedarapahala113b,Nawalagedara Pahala 113/B
gn.nawalagedarapahala678,Nawalagedara Pahala 678
gn.nawalagedarasouth792a,Nawalagedara South 792/A
gn.nawalagedarawest,Nawalagedara West
gn.nawalagoda16,Nawalagoda 16
gn.nawalagoda672,Nawalagoda 672
gn.nawalagoda763c,Nawalagoda 763/C
gn.nawalagodacentral821a,Nawalagoda Central 821/A
gn.nawalagodaeast932b,Nawalagoda East 932/B
gn.nawalagodaeast950c,Nawalagoda East 950/C
gn.nawalagodaihala,Nawalagoda Ihala
gn.nawalagodaihala20,Nawalagoda Ihala 20
gn.nawalagodanorth237b,Nawalagoda North 237/B
gn.nawalagodapahala,Nawalagoda Pahala
gn.nawalagodapahala857b,Nawalagoda Pahala 857/B
gn.nawalagodawest,Nawalagoda West
gn.nawalagodawest333,Nawalagoda West 333
gn.nawalahena544a,Nawalahena 544/A
gn.nawalahenacentral,Nawalahena Central
gn.nawalahenaeast118a,Nawalahena East 118/A
gn.nawalahenaihala231b,Nawalahena Ihala 231/B
gn.nawalahenaihala600c,Nawalahena Ihala 600/C
gn.nawalahenasouth,Nawalahena South
gn.nawalahenasouth221a,Nawalahena South 221/A
gn.nawalahenasouth279,Nawalahena South 279
gn.nawalahenasouth577c,Nawalahena South 577/C
gn.nawalahenasouth777c,Nawalahena South 777/C
gn.nawalahenasouth951c,Nawalahena South 951/C
gn.nawalahenawest,Nawalahena West
gn.nawalakaduwacentral759b,Nawalakaduwa Central 759/B
gn.nawalakaduwaeast,Nawalakaduwa East
gn.nawalakaduwaeast387,Nawalakaduwa East 387
gn.nawalakaduwaeast428a,Nawalakaduwa East 428/A
gn.nawalakaduwaeast773b,Nawalakaduwa East 773/B
gn.nawalakaduwaeast935,Nawalakaduwa East 935
gn.nawalakaduwaihala327,Nawalakaduwa Ihala 327
gn.nawalakaduwaihala420c,Nawalakaduwa Ihala 420/C
gn.nawalakaduwanorth848a,Nawalakaduwa North 848/A
gn.nawalakaduwapahala424a,Nawalakaduwa Pahala 424/A
gn.nawalakaduwapahala62c,Nawalakaduwa Pahala 62/C
gn.nawalakaduwasouth266a,Nawalakaduwa South 266/A
gn.nawalakanda,Nawalakanda
gn.nawalakandacentral,Nawalakanda Central
gn.nawalakandacentral247,Nawalakanda Central 247
gn.nawalakandacentral363,Nawalakanda Central 363
gn.nawalakandaeast,Nawalakanda East
gn.nawalakandaeast397b,Nawalakanda East 397/B
gn.nawalakandaeast663a,Nawalakanda East 663/A
gn.nawalakandaeast819c,Nawalakanda East 819/C
gn.nawalakandaihala,Nawalakanda Ihala
gn.nawalakandanorth,Nawalakanda North
gn.nawalakandapahala,Nawalakanda Pahala
gn.nawalakandapahala789c,Nawalakanda Pahala 789/C
gn.nawalakandapahala834b,Nawalakanda Pahala 834/B
gn.nawalakandasouth172b,Nawalakanda South 172/B
gn.nawalakandawest121,Nawalakanda West 121
gn.nawalakandawest138,Nawalakanda West 138
gn.nawalakandawest73c,Nawalakanda West 73/C
gn.nawalakandawest787b,Nawalakanda West 787/B
gn.nawalakumbura514b,Nawalakumbura 514/B
gn.nawalakumburacentral,Nawalakumbura Central
gn.nawalakumburaeast140c,Nawalakumbura East 140/C
gn.nawalakumburaihala,Nawalakumbura Ihala
gn.nawalakumburaihala398,Nawalakumbura Ihala 398
gn.nawalakumburanorth,Nawalakumbura North
gn.nawalakumburapahala,Nawalakumbura Pahala
gn.nawalakumburapahala88,Nawalakumbura Pahala 88
gn.nawalakumburasouth,Nawalakumbura South
gn.nawalakumburasouth584,Nawalakumbura South 584
gn.nawalakumburasouth95,Nawalakumbura South 95
gn.nawalakumburawest767b,Nawalakumbura West 767/B
gn.nawalakumburawest931b,Nawalakumbura West 931/B
gn.nawalamullacentral159b,Nawalamulla Central 159/B
gn.nawalamullacentral730,Nawalamulla Central 730
gn.nawalamullaihala247a,Nawalamulla Ihala 247/A
gn.nawalamullaihala434,Nawalamulla Ihala 434
gn.nawalamullaihala647b,Nawalamulla Ihala 647/B
gn.nawalamullanorth37a,Nawalamulla North 37/A
gn.nawalamullanorth702b,Nawalamulla North 702/B
gn.nawalamullanorth743b,Nawalamulla North 743/B
gn.nawalamullanorth823c,Nawalamulla North 823/C
gn.nawalamullapahala,Nawalamulla Pahala
gn.nawalamullawest129,Nawalamulla West 129
gn.nawalamullawest540b,Nawalamulla West 540/B
gn.nawalaoya627b,Nawalaoya 627/B
gn.nawalaoya68b,Nawalaoya 68/B
gn.nawalaoya921,Nawalaoya 921
gn.nawalaoyacentral,Nawalaoya Central
gn.nawalaoyaeast262c,Nawalaoya East 262/C
gn.nawalaoyaihala,Nawalaoya Ihala
gn.nawalaoyaihala549a,Nawalaoya Ihala 549/A
gn.nawalaoyanorth179a,Nawalaoya North 179/A
gn.nawalaoyanorth859c,Nawalaoya North 859/C
gn.nawalaoyapahala253b,Nawalaoya Pahala 253/B
gn.nawalaoyapahala294,Nawalaoya Pahala 294
gn.nawalaoyapahala597b,Nawalaoya Pahala 597/B
gn.nawalaoyasouth935a,Nawalaoya South 935/A
gn.nawalaoyawest761a,Nawalaoya West 761/A
gn.nawalapitiya360,Nawalapitiya 360
gn.nawalapitiyacentral295,Nawalapitiya Central 295
gn.nawalapitiyacentral471a,Nawalapitiya Central 471/A
gn.nawalapitiyaeast31,Nawalapitiya East 31
gn.nawalapitiyaeast547,Nawalapitiya East 547
gn.nawalapitiyaihala,Nawalapitiya Ihala
gn.nawalapitiyaihala461a,Nawalapitiya Ihala 461/A
gn.nawalapitiyaihala896c,Nawalapitiya Ihala 896/C
gn.nawalapitiyaihala965,Nawalapitiya Ihala 965
gn.nawalapitiyanorth155,Nawalapitiya North 155
gn.nawalapitiyanorth826,Nawalapitiya North 826
gn.nawalapitiyanorth919c,Nawalapitiya North 919/C
gn.nawalapitiyapahala,Nawalapitiya Pahala
gn.nawalapitiyapahala223,Nawalapitiya Pahala 223
gn.nawalapitiyapahala568,Nawalapitiya Pahala 568
gn.nawalapitiyapahala571,Nawalapitiya Pahala 571
gn.nawalapitiyapahala645a,Nawalapitiya Pahala 645/A
gn.nawalapitiyapahala713a,Nawalapitiya Pahala 713/A
gn.nawalapitiyasouth,Nawalapitiya South
gn.nawalapitiyasouth319,Nawalapitiya South 319
gn.nawalapitiyasouth380,Nawalapitiya South 380
gn.nawalapitiyasouth461c,Nawalapitiya South 461/C
gn.nawalapitiyasouth622c,Nawalapitiya South 622/C
gn.nawalapitiyasouth649b,Nawalapitiya South 649/B
gn.nawalapitiyawest642c,Nawalapitiya West 642/C
gn.nawalapitiyawest721c,Nawalapitiya West 721/C
gn.nawalapitiyawest95b,Nawalapitiya West 95/B
gn.nawalapura35,Nawalapura 35
gn.nawalapura368a,Nawalapura 368/A
gn.nawalapuracentral446a,Nawalapura Central 446/A
gn.nawalapuraeast,Nawalapura East
gn.nawalapuraihala600,Nawalapura Ihala 600
gn.nawalapuranorth236c,Nawalapura North 236/C
gn.nawalapuranorth978c,Nawalapura North 978/C
gn.nawalapurapahala,Nawalapura Pahala
gn.nawalapurawest,Nawalapura West
gn.nawalapurawest286,Nawalapura West 286
gn.nawalapurawest31c,Nawalapura West 31/C
gn.nawalapurawest714b,Nawalapura West 714/B
gn.nawalatota422b,Nawalatota 422/B
gn.nawalatota566,Nawalatota 566
gn.nawalatota906b,Nawalatota 906/B
gn.nawalatotacentral169,Nawalatota Central 169
gn.nawalatotaeast69c,Nawalatota East 69/C
gn.nawalatotaeast723b,Nawalatota East 723/B
gn.nawalatotaihala,Nawalatota Ihala
gn.nawalatotaihala204,Nawalatota Ihala 204
gn.nawalatotanorth105,Nawalatota North 105
gn.nawalatotanorth523c,Nawalatota North 523/C
gn.nawalatotapahala,Nawalatota Pahala
gn.nawalatotapahala32a,Nawalatota Pahala 32/A
gn.nawalatotapahala788,Nawalatota Pahala 788
gn.nawalatotapahala825c,Nawalatota Pahala 825/C
gn.nawalatotasouth,Nawalatota South
gn.nawalatotasouth997a,Nawalatota South 997/A
gn.nawalatotawest,Nawalatota West
gn.nawalatotawest813b,Nawalatota West 813/B
gn.nawalatotawest98a,Nawalatota West 98/A
gn.nawalawatta,Nawalawatta
gn.nawalawatta340b,Nawalawatta 340/B
gn.nawalawatta59,Nawalawatta 59
gn.nawalawatta941c,Nawalawatta 941/C
gn.nawalawattacentral400b,Nawalawatta Central 400/B
gn.nawalawattacentral497a,Nawalawatta Central 497/A
gn.nawalawattaeast,Nawalawatta East
gn.nawalawattaihala,Nawalawatta Ihala
gn.nawalawattaihala317a,Nawalawatta Ihala 317/A
gn.nawalawattaihala743a,Nawalawatta Ihala 743/A
gn.nawalawattaihala914b,Nawalawatta Ihala 914/B
gn.nawalawattanorth,Nawalawatta North
gn.nawalawattasouth,Nawalawatta South
gn.nawalawattawest,Nawalawatta West
gn.nawalawattawest529c,Nawalawatta West 529/C
gn.nawalawela,Nawalawela
gn.nawalawela325c,Nawalawela 325/C
gn.nawalawela591c,Nawalawela 591/C
gn.nawalawela969,Nawalawela 969
gn.nawalawelacentral151b,Nawalawela Central 151/B
gn.nawalawelaeast,Nawalawela East
gn.nawalawelaeast902b,Nawalawela East 902/B
gn.nawalawelaeast956,Nawalawela East 956
gn.nawalawelaihala407c,Nawalawela Ihala 407/C
gn.nawalawelanorth72a,Nawalawela North 72/A
gn.nawalawelanorth864b,Nawalawela North 864/B
gn.nawalawelapahala,Nawalawela Pahala
gn.nawalawelapahala164a,Nawalawela Pahala 164/A
gn.nawalawelapahala63c,Nawalawela Pahala 63/C
gn.nawalawelawest210b,Nawalawela West 210/B
gn.nawalawelawest392a,Nawalawela West 392/A
gn.nawalawelawest580c,Nawalawela West 580/C
gn.negombo,Negombo
gn.negombo108c,Negombo 108/C
gn.negombo217a,Negombo 217/A
gn.negombo277a,Negombo 277/A
gn.negombo770,Negombo 770
gn.negombo850b,Negombo 850/B
gn.negombocentral153c,Negombo Central 153/C
gn.negombocentral7,Negombo Central 7
gn.negombocentral776c,Negombo Central 776/C
gn.negombocentral805c,Negombo Central 805/C
gn.negomboihala,Negombo Ihala
gn.negombonorth622,Negombo North 622
gn.negombonorth937b,Negombo North 937/B
gn.negombopahala,Negombo Pahala
gn.negombopahala401b,Negombo Pahala 401/B
gn.negombopahala969,Negombo Pahala 969
gn.negombowest,Negombo West
gn.neluwa598,Neluwa 598
gn.neluwa655,Neluwa 655
gn.neluwacentral,Neluwa Central
gn.neluwacentral586b,Neluwa Central 586/B
gn.neluwacentral8a,Neluwa Central 8/A
gn.neluwaeast166,Neluwa East 166
gn.neluwaeast216,Neluwa East 216
gn.neluwaeast437b,Neluwa East 437/B
gn.neluwaeast51c,Neluwa East 51/C
gn.neluwaeast730a,Neluwa East 730/A
gn.neluwaihala,Neluwa Ihala
gn.neluwaihala289c,Neluwa Ihala 289/C
gn.neluwanorth,Neluwa North
gn.neluwanorth142b,Neluwa North 142/B
gn.neluwanorth400,Neluwa North 400
gn.neluwapahala,Neluwa Pahala
gn.neluwapahala264a,Neluwa Pahala 264/A
gn.neluwapahala300b,Neluwa Pahala 300/B
gn.neluwapahala438,Neluwa Pahala 438
gn.neluwasouth,Neluwa South
gn.neluwasouth67c,Neluwa South 67/C
gn.neluwasouth792c,Neluwa South 792/C
gn.neluwawest,Neluwa West
gn.nikaweratiya392a,Nikaweratiya 392/A
gn.nikaweratiya585a,Nikaweratiya 585/A
gn.nikaweratiya622c,Nikaweratiya 622/C
gn.nikaweratiya962a,Nikaweratiya 962/A
gn.nikaweratiya97,Nikaweratiya 97
gn.nikaweratiyacentral250a,Nikaweratiya Central 250/A
gn.nikaweratiyacentral294c,Nikaweratiya Central 294/C
gn.nikaweratiyacentral329a,Nikaweratiya Central 329/A
gn.nikaweratiyaeast,Nikaweratiya East
gn.nikaweratiyaeast192b,Nikaweratiya East 192/B
gn.nikaweratiyaeast440a,Nikaweratiya East 440/A
gn.nikaweratiyaeast465,Nikaweratiya East 465
gn.nikaweratiyaeast647b,Nikaweratiya East 647/B
gn.nikaweratiyaihala,Nikaweratiya Ihala
gn.nikaweratiyaihala498,Nikaweratiya Ihala 498
gn.nikaweratiyaihala802b,Nikaweratiya Ihala 802/B
gn.nikaweratiyanorth359a,Nikaweratiya North 359/A
gn.nikaweratiyanorth515b,Nikaweratiya North 515/B
gn.nikaweratiyapahala,Nikaweratiya Pahala
gn.nikaweratiyapahala450c,Nikaweratiya Pahala 450/C
gn.nikaweratiyasouth,Nikaweratiya South
gn.nikaweratiyasouth38a,Nikaweratiya South 38/A
gn.nikaweratiyasouth53c,Nikaweratiya South 53/C
gn.nikaweratiyawest849c,Nikaweratiya West 849/C
gn.nikaweratiyawest897a,Nikaweratiya West 897/A
gn.nintavur,Nintavur
gn.nintavur333a,Nintavur 333/A
gn.nintavur68,Nintavur 68
gn.nintavur870c,Nintavur 870/C
gn.nintavurcentral255,Nintavur Central 255
gn.nintavurcentral907b,Nintavur Central 907/B
gn.nintavurcentral966a,Nintavur Central 966/A
gn.nintavureast,Nintavur East
gn.nintavureast642,Nintavur East 642
gn.nintavureast813c,Nintavur East 813/C
gn.nintavurihala395a,Nintavur Ihala 395/A
gn.nintavurnorth,Nintavur North
gn.nintavurnorth121a,Nintavur North 121/A
gn.nintavurnorth263c,Nintavur North 263/C
gn.nintavurnorth42b,Nintavur North 42/B
gn.nintavurnorth712a,Nintavur North 712/A
gn.nintavurnorth953,Nintavur North 953
gn.nintavurpahala,Nintavur Pahala
gn.nintavurpahala191c,Nintavur Pahala 191/C
gn.nintavurpahala625a,Nintavur Pahala 625/A
gn.nintavurpahala976a,Nintavur Pahala 976/A
gn.nintavursouth,Nintavur South
gn.nintavursouth7,Nintavur South 7
gn.nivithigala,Nivithigala
gn.nivithigala149a,Nivithigala 149/A
gn.nivithigala448c,Nivithigala 448/C
gn.nivithigala583,Nivithigala 583
gn.nivithigalacentral,Nivithigala Central
gn.nivithigalaeast351a,Nivithigala East 351/A
gn.nivithigalaeast782b,Nivithigala East 782/B
gn.nivithigalanorth390b,Nivithigala North 390/B
gn.nivithigalanorth66c,Nivithigala North 66/C
gn.nivithigalapahala,Nivithigala Pahala
gn.nivithigalapahala357b,Nivithigala Pahala 357/B
gn.nivithigalapahala670c,Nivithigala Pahala 670/C
gn.nivithigalapahala920b,Nivithigala Pahala 920/B
gn.nivithigalasouth106,Nivithigala South 106
gn.nivithigalasouth133,Nivithigala South 133
gn.nivithigalasouth341a,Nivithigala South 341/A
gn.nivithigalasouth573a,Nivithigala South 573/A
gn.nivithigalasouth678b,Nivithigala South 678/B
gn.nivithigalasouth839b,Nivithigala South 839/B
gn.nivithigalawest319a,Nivithigala West 319/A
gn.nivithigalawest802,Nivithigala West 802
gn.niyagamacentral,Niyagama Central
gn.niyagamacentral121a,Niyagama Central 121/A
gn.niyagamacentral486a,Niyagama Central 486/A
gn.niyagamacentral753b,Niyagama Central 753/B
gn.niyagamaeast,Niyagama East
gn.niyagamaeast41,Niyagama East 41
gn.niyagamaihala724,Niyagama Ihala 724
gn.niyagamaihala895,Niyagama Ihala 895
gn.niyagamanorth,Niyagama North
gn.niyagamanorth679a,Niyagama North 679/A
gn.niyagamanorth824a,Niyagama North 824/A
gn.niyagamanorth957,Niyagama North 957
gn.niyagamapahala,Niyagama Pahala
gn.niyagamapahala39,Niyagama Pahala 39
gn.nochchiyagama844,Nochchiyagama 844
gn.nochchiyagamacentral,Nochchiyagama Central
gn.nochchiyagamaeast370c,Nochchiyagama East 370/C
gn.nochchiyagamaihala,Nochchiyagama Ihala
gn.nochchiyagamaihala487,Nochchiyagama Ihala 487
gn.nochchiyagamaihala846b,Nochchiyagama Ihala 846/B
gn.nochchiyagamaihala951b,Nochchiyagama Ihala 951/B
gn.nochchiyagamanorth,Nochchiyagama North
gn.nochchiyagamanorth205,Nochchiyagama North 205
gn.nochchiyagamanorth232c,Nochchiyagama North 232/C
gn.nochchiyagamapahala,Nochchiyagama Pahala
gn.nochchiyagamapahala311,Nochchiyagama Pahala 311
gn.nochchiyagamapahala415c,Nochchiyagama Pahala 415/C
gn.nochchiyagamapahala969a,Nochchiyagama Pahala 969/A
gn.nochchiyagamasouth515a,Nochchiyagama South 515/A
gn.nochchiyagamawest,Nochchiyagama West
gn.nochchiyagamawest168c,Nochchiyagama West 168/C
gn.nochchiyagamawest612,Nochchiyagama West 612
gn.nuwaraeliya,Nuwara Eliya
gn.nuwaraeliyacentral370b,Nuwara Eliya Central 370/B
gn.nuwaraeliyaeast65c,Nuwara Eliya East 65/C
gn.nuwaraeliyaihala309,Nuwara Eliya Ihala 309
gn.nuwaraeliyaihala362a,Nuwara Eliya Ihala 362/A
gn.nuwaraeliyaihala375a,Nuwara Eliya Ihala 375/A
gn.nuwaraeliyaihala562a,Nuwara Eliya Ihala 562/A
gn.nuwaraeliyanorth,Nuwara Eliya North
gn.nuwaraeliyanorth197,Nuwara Eliya North 197
gn.nuwaraeliyanorth225a,Nuwara Eliya North 225/A
gn.nuwaraeliyanorth277c,Nuwara Eliya North 277/C
gn.nuwaraeliyapahala193b,Nuwara Eliya Pahala 193/B
gn.nuwaraeliyapahala661b,Nuwara Eliya Pahala 661/B
gn.nuwaraeliyapahala720c,Nuwara Eliya Pahala 720/C
gn.nuwaraeliyasouth,Nuwara Eliya South
gn.nuwaraeliyawest655c,Nuwara Eliya West 655/C
gn.oddusuddan44c,Oddusuddan 44/C
gn.oddusuddan505,Oddusuddan 505
gn.oddusuddan716a,Oddusuddan 716/A
gn.oddusuddancentral,Oddusuddan Central
gn.oddusuddaneast581a,Oddusuddan East 581/A
gn.oddusuddanihala,Oddusuddan Ihala
gn.oddusuddanihala844c,Oddusuddan Ihala 844/C
gn.oddusuddanihala9b,Oddusuddan Ihala 9/B
gn.oddusuddannorth27a,Oddusuddan North 27/A
gn.oddusuddanpahala,Oddusuddan Pahala
gn.oddusuddanpahala176,Oddusuddan Pahala 176
gn.oddusuddanpahala86c,Oddusuddan Pahala 86/C
gn.oddusuddanwest,Oddusuddan West
gn.oddusuddanwest357b,Oddusuddan West 357/B
gn.okewela744b,Okewela 744/B
gn.okewelacentral,Okewela Central
gn.okewelacentral308b,Okewela Central 308/B
gn.okewelacentral575c,Okewela Central 575/C
gn.okewelaeast372,Okewela East 372
gn.okewelaeast430b,Okewela East 430/B
gn.okewelaeast437a,Okewela East 437/A
gn.okewelaihala673,Okewela Ihala 673
gn.okewelanorth202a,Okewela North 202/A
gn.okewelanorth72b,Okewela North 72/B
gn.okewelapahala303a,Okewela Pahala 303/A
gn.okewelasouth,Okewela South
gn.okewelasouth826,Okewela South 826
gn.okewelawest,Okewela West
gn.okewelawest142c,Okewela West 142/C
gn.opanayaka,Opanayaka
gn.opanayakacentral73b,Opanayaka Central 73/B
gn.opanayakacentral756b,Opanayaka Central 756/B
gn.opanayakaeast,Opanayaka East
gn.opanayakaeast455,Opanayaka East 455
gn.opanayakaeast571c,Opanayaka East 571/C
gn.opanayakaihala451c,Opanayaka Ihala 451/C
gn.opanayakaihala829a,Opanayaka Ihala 829/A
gn.opanayakanorth,Opanayaka North
gn.opanayakapahala,Opanayaka Pahala
gn.opanayakapahala854c,Opanayaka Pahala 854/C
gn.opanayakasouth,Opanayaka South
gn.opanayakasouth221a,Opanayaka South 221/A
gn.opanayakawest,Opanayaka West
gn.opanayakawest273,Opanayaka West 273
gn.pachchilaipalli275b,Pachchilaipalli 275/B
gn.pachchilaipalli499b,Pachchilaipalli 499/B
gn.pachchilaipallicentral405b,Pachchilaipalli Central 405/B
gn.pachchilaipallicentral415c,Pachchilaipalli Central 415/C
gn.pachchilaipallicentral651a,Pachchilaipalli Central 651/A
gn.pachchilaipallieast147c,Pachchilaipalli East 147/C
gn.pachchilaipallieast372a,Pachchilaipalli East 372/A
gn.pachchilaipallieast68a,Pachchilaipalli East 68/A
gn.pachchilaipallieast748c,Pachchilaipalli East 748/C
gn.pachchilaipalliihala,Pachchilaipalli Ihala
gn.pachchilaipalliihala42a,Pachchilaipalli Ihala 42/A
gn.pachchilaipalliihala645c,Pachchilaipalli Ihala 645/C
gn.pachchilaipallinorth262a,Pachchilaipalli North 262/A
gn.pachchilaipallinorth452c,Pachchilaipalli North 452/C
gn.pachchilaipallinorth594c,Pachchilaipalli North 594/C
gn.pachchilaipallinorth970,Pachchilaipalli North 970
gn.pachchilaipallipahala449a,Pachchilaipalli Pahala 449/A
gn.pachchilaipallisouth,Pachchilaipalli South
gn.pachchilaipallisouth331a,Pachchilaipalli South 331/A
gn.pachchilaipallisouth697a,Pachchilaipalli South 697/A
gn.pachchilaipalliwest240,Pachchilaipalli West 240
gn.pachchilaipalliwest620b,Pachchilaipalli West 620/B
gn.pachchilaipalliwest775,Pachchilaipalli West 775
gn.padaviya,Padaviya
gn.padaviya973b,Padaviya 973/B
gn.padaviyacentral190a,Padaviya Central 190/A
gn.padaviyacentral961b,Padaviya Central 961/B
gn.padaviyaeast,Padaviya East
gn.padaviyaeast379c,Padaviya East 379/C
gn.padaviyaihala,Padaviya Ihala
gn.padaviyaihala415b,Padaviya Ihala 415/B
gn.padaviyaihala45b,Padaviya Ihala 45/B
gn.padaviyaihala470b,Padaviya Ihala 470/B
gn.padaviyaihala847,Padaviya Ihala 847
gn.padaviyaihala973a,Padaviya Ihala 973/A
gn.padaviyanorth,Padaviya North
gn.padaviyanorth111,Padaviya North 111
gn.padaviyapahala503c,Padaviya Pahala 503/C
gn.padaviyapahala643a,Padaviya Pahala 643/A
gn.padaviyasouth64,Padaviya South 64
gn.padaviyasouth727c,Padaviya South 727/C
gn.padaviyawest,Padaviya West
gn.padaviyawest24,Padaviya West 24
gn.padaviyawest330a,Padaviya West 330/A
gn.padaviyawest694b,Padaviya West 694/B
gn.padiyathalawa673c,Padiyathalawa 673/C
gn.padiyathalawacentral,Padiyathalawa Central
gn.padiyathalawacentral703b,Padiyathalawa Central 703/B
gn.padiyathalawaeast,Padiyathalawa East
gn.padiyathalawaeast193a,Padiyathalawa East 193/A
gn.padiyathalawaeast525a,Padiyathalawa East 525/A
gn.padiyathalawaihala,Padiyathalawa Ihala
gn.padiyathalawaihala154a,Padiyathalawa Ihala 154/A
gn.padiyathalawaihala375,Padiyathalawa Ihala 375
gn.padiyathalawaihala52c,Padiyathalawa Ihala 52/C
gn.padiyathalawapahala410,Padiyathalawa Pahala 410
gn.padiyathalawapahala413b,Padiyathalawa Pahala 413/B
gn.padiyathalawapahala755a,Padiyathalawa Pahala 755/A
gn.padiyathalawapahala985b,Padiyathalawa Pahala 985/B
gn.padiyathalawasouth381c,Padiyathalawa South 381/C
gn.padiyathalawasouth472c,Padiyathalawa South 472/C
gn.padiyathalawawest410c,Padiyathalawa West 410/C
gn.padiyathalawawest71c,Padiyathalawa West 71/C
gn.padiyathalawawest93,Padiyathalawa West 93
gn.padukka,Padukka
gn.padukka5,Padukka 5
gn.padukkacentral,Padukka Central
gn.padukkacentral187c,Padukka Central 187/C
gn.padukkacentral850b,Padukka Central 850/B
gn.padukkacentral973b,Padukka Central 973/B
gn.padukkaeast248c,Padukka East 248/C
gn.padukkaihala,Padukka Ihala
gn.padukkaihala409,Padukka Ihala 409
gn.padukkaihala47,Padukka Ihala 47
gn.padukkanorth,Padukka North
gn.padukkanorth928b,Padukka North 928/B
gn.padukkasouth,Padukka South
gn.padukkasouth123c,Padukka South 123/C
gn.padukkasouth153a,Padukka South 153/A
gn.padukkasouth407a,Padukka South 407/A
gn.padukkawest880a,Padukka West 880/A
gn.pahaladeniya,Pahaladeniya
gn.pahaladeniyacentral,Pahaladeniya Central
gn.pahaladeniyacentral299,Pahaladeniya Central 299
gn.pahaladeniyacentral45b,Pahaladeniya Central 45/B
gn.pahaladeniyaeast303c,Pahaladeniya East 303/C
gn.pahaladeniyaeast849c,Pahaladeniya East 849/C
gn.pahaladeniyaihala803b,Pahaladeniya Ihala 803/B
gn.pahaladeniyapahala180,Pahaladeniya Pahala 180
gn.pahaladeniyapahala626b,Pahaladeniya Pahala 626/B
gn.pahaladeniyasouth801b,Pahaladeniya South 801/B
gn.pahaladeniyawest,Pahaladeniya West
gn.pahaladeniyawest416,Pahaladeniya West 416
gn.pahaladeniyawest81a,Pahaladeniya West 81/A
gn.pahalagalacentral130,Pahalagala Central 130
gn.pahalagalacentral165a,Pahalagala Central 165/A
gn.pahalagalaihala554c,Pahalagala Ihala 554/C
gn.pahalagalanorth,Pahalagala North
gn.pahalagalanorth235b,Pahalagala North 235/B
gn.pahalagalasouth753b,Pahalagala South 753/B
gn.pahalagalawest615,Pahalagala West 615
gn.pahalagalawest838b,Pahalagala West 838/B
gn.pahalagamacentral,Pahalagama Central
gn.pahalagamaeast,Pahalagama East
gn.pahalagamaihala112a,Pahalagama Ihala 112/A
gn.pahalagamanorth,Pahalagama North
gn.pahalagamanorth326c,Pahalagama North 326/C
gn.pahalagamapahala288,Pahalagama Pahala 288
gn.pahalagamasouth689,Pahalagama South 689
gn.pahalagamuwacentral,Pahalagamuwa Central
gn.pahalagamuwacentral622b,Pahalagamuwa Central 622/B
gn.pahalagamuwacentral823,Pahalagamuwa Central 823
gn.pahalagamuwaihala,Pahalagamuwa Ihala
gn.pahalagamuwanorth,Pahalagamuwa North
gn.pahalagamuwanorth655c,Pahalagamuwa North 655/C
gn.pahalagamuwapahala,Pahalagamuwa Pahala
gn.pahalagamuwapahala590a,Pahalagamuwa Pahala 590/A
gn.pahalagamuwasouth,Pahalagamuwa South
gn.pahalagamuwasouth281b,Pahalagamuwa South 281/B
gn.pahalagamuwawest241b,Pahalagamuwa West 241/B
gn.pahalagamuwawest599b,Pahalagamuwa West 599/B
gn.pahalagedaracentral965b,Pahalagedara Central 965/B
gn.pahalagedaraeast424b,Pahalagedara East 424/B
gn.pahalagedaranorth40b,Pahalagedara North 40/B
gn.pahalagedaranorth70a,Pahalagedara North 70/A
gn.pahalagedarapahala,Pahalagedara Pahala
gn.pahalagedarapahala173,Pahalagedara Pahala 173
gn.pahalagedarasouth602a,Pahalagedara South 602/A
gn.pahalagedarawest569,Pahalagedara West 569
gn.pahalagedarawest847b,Pahalagedara West 847/B
gn.pahalagoda,Pahalagoda
gn.pahalagoda455b,Pahalagoda 455/B
gn.pahalagoda68a,Pahalagoda 68/A
gn.pahalagodacentral827,Pahalagoda Central 827
gn.pahalagodaeast,Pahalagoda East
gn.pahalagodaeast793a,Pahalagoda East 793/A
gn.pahalagodaihala,Pahalagoda Ihala
gn.pahalagodaihala136b,Pahalagoda Ihala 136/B
gn.pahalagodaihala257c,Pahalagoda Ihala 257/C
gn.pahalagodaihala369c,Pahalagoda Ihala 369/C
gn.pahalagodaihala842a,Pahalagoda Ihala 842/A
gn.pahalagodanorth471c,Pahalagoda North 471/C
gn.pahalagodanorth602,Pahalagoda North 602
gn.pahalagodanorth627,Pahalagoda North 627
gn.pahalagodanorth666a,Pahalagoda North 666/A
gn.pahalagodapahala117,Pahalagoda Pahala 117
gn.pahalagodapahala625c,Pahalagoda Pahala 625/C
gn.pahalagodasouth,Pahalagoda South
gn.pahalagodasouth740,Pahalagoda South 740
gn.pahalagodawest,Pahalagoda West
gn.pahalahena,Pahalahena
gn.pahalahena461c,Pahalahena 461/C
gn.pahalahenaeast128,Pahalahena East 128
gn.pahalahenaeast656a,Pahalahena East 656/A
gn.pahalahenaihala,Pahalahena Ihala
gn.pahalahenanorth,Pahalahena North
gn.pahalahenanorth306,Pahalahena North 306
gn.pahalahenanorth536,Pahalahena North 536
gn.pahalahenapahala682a,Pahalahena Pahala 682/A
gn.pahalahenawest,Pahalahena West
gn.pahalahenawest708a,Pahalahena West 708/A
gn.pahalakaduwa874a,Pahalakaduwa 874/A
gn.pahalakaduwacentral625,Pahalakaduwa Central 625
gn.pahalakaduwaeast85,Pahalakaduwa East 85
gn.pahalakaduwaihala925,Pahalakaduwa Ihala 925
gn.pahalakaduwanorth,Pahalakaduwa North
gn.pahalakaduwanorth495b,Pahalakaduwa North 495/B
gn.pahalakaduwanorth566b,Pahalakaduwa North 566/B
gn.pahalakaduwanorth660,Pahalakaduwa North 660
gn.pahalakaduwapahala,Pahalakaduwa Pahala
gn.pahalakaduwapahala329,Pahalakaduwa Pahala 329
gn.pahalakaduwapahala804,Pahalakaduwa Pahala 804
gn.pahalakaduwapahala955,Pahalakaduwa Pahala 955
gn.pahalakaduwasouth,Pahalakaduwa South
gn.pahalakaduwasouth666b,Pahalakaduwa South 666/B
gn.pahalakaduwawest,Pahalakaduwa West
gn.pahalakandacentral,Pahalakanda Central
gn.pahalakandacentral613c,Pahalakanda Central 613/C
gn.pahalakandacentral726b,Pahalakanda Central 726/B
gn.pahalakandaeast263,Pahalakanda East 263
gn.pahalakandaihala,Pahalakanda Ihala
gn.pahalakandaihala399a,Pahalakanda Ihala 399/A
gn.pahalakandaihala830a,Pahalakanda Ihala 830/A
gn.pahalakandanorth858,Pahalakanda North 858
gn.pahalakandapahala690c,Pahalakanda Pahala 690/C
gn.pahalakandasouth258b,Pahalakanda South 258/B
gn.pahalakandasouth366,Pahalakanda South 366
gn.pahalakandasouth456b,Pahalakanda South 456/B
gn.pahalakandasouth84b,Pahalakanda South 84/B
gn.pahalakandawest199c,Pahalakanda West 199/C
gn.pahalakandawest404a,Pahalakanda West 404/A
gn.pahalakandawest625b,Pahalakanda West 625/B
gn.pahalakandawest8b,Pahalakanda West 8/B
gn.pahalakumburaeast234b,Pahalakumbura East 234/B
gn.pahalakumburaeast294a,Pahalakumbura East 294/A
gn.pahalakumburaeast772c,Pahalakumbura East 772/C
gn.pahalakumburanorth112,Pahalakumbura North 112
gn.pahalakumburapahala652c,Pahalakumbura Pahala 652/C
gn.pahalakumburasouth543c,Pahalakumbura South 543/C
gn.pahalakumburasouth624a,Pahalakumbura South 624/A
gn.pahalakumburasouth638,Pahalakumbura South 638
gn.pahalamulla179c,Pahalamulla 179/C
gn.pahalamulla379c,Pahalamulla 379/C
gn.pahalamulla805,Pahalamulla 805
gn.pahalamullacentral,Pahalamulla Central
gn.pahalamullacentral425,Pahalamulla Central 425
gn.pahalamullaeast713b,Pahalamulla East 713/B
gn.pahalamullaeast816,Pahalamulla East 816
gn.pahalamullanorth,Pahalamulla North
gn.pahalamullapahala496a,Pahalamulla Pahala 496/A
gn.pahalamullawest873b,Pahalamulla West 873/B
gn.pahalaoya647c,Pahalaoya 647/C
gn.pahalaoyaihala,Pahalaoya Ihala
gn.pahalaoyaihala418a,Pahalaoya Ihala 418/A
gn.pahalaoyanorth850b,Pahalaoya North 850/B
gn.pahalaoyapahala,Pahalaoya Pahala
gn.pahalaoyasouth,Pahalaoya South
gn.pahalaoyasouth751a,Pahalaoya South 751/A
gn.pahalaoyasouth852a,Pahalaoya South 852/A
gn.pahalaoyawest,Pahalaoya West
gn.pahalaoyawest408b,Pahalaoya West 408/B
gn.pahalapitiya125b,Pahalapitiya 125/B
gn.pahalapitiya979b,Pahalapitiya 979/B
gn.pahalapitiyacentral,Pahalapitiya Central
gn.pahalapitiyaihala140a,Pahalapitiya Ihala 140/A
gn.pahalapitiyaihala250a,Pahalapitiya Ihala 250/A
gn.pahalapitiyaihala602c,Pahalapitiya Ihala 602/C
gn.pahalapitiyanorth135a,Pahalapitiya North 135/A
gn.pahalapitiyapahala,Pahalapitiya Pahala
gn.pahalapitiyapahala403a,Pahalapitiya Pahala 403/A
gn.pahalapitiyapahala889c,Pahalapitiya Pahala 889/C
gn.pahalapura,Pahalapura
gn.pahalapura112,Pahalapura 112
gn.pahalapura431,Pahalapura 431
gn.pahalapura837c,Pahalapura 837/C
gn.pahalapura878a,Pahalapura 878/A
gn.pahalapuracentral405a,Pahalapura Central 405/A
gn.pahalapuracentral735,Pahalapura Central 735
gn.pahalapuraeast264c,Pahalapura East 264/C
gn.pahalapuraeast593c,Pahalapura East 593/C
gn.pahalapuraeast889,Pahalapura East 889
gn.pahalapuraihala722a,Pahalapura Ihala 722/A
gn.pahalapuraihala956a,Pahalapura Ihala 956/A
gn.pahalapuranorth,Pahalapura North
gn.pahalapuranorth334,Pahalapura North 334
gn.pahalatota363,Pahalatota 363
gn.pahalatotacentral360,Pahalatota Central 360
gn.pahalatotacentral559b,Pahalatota Central 559/B
gn.pahalatotacentral892b,Pahalatota Central 892/B
gn.pahalatotaeast,Pahalatota East
gn.pahalatotaeast402a,Pahalatota East 402/A
gn.pahalatotaeast685c,Pahalatota East 685/C
gn.pahalatotaihala217,Pahalatota Ihala 217
gn.pahalatotaihala355a,Pahalatota Ihala 355/A
gn.pahalatotaihala468,Pahalatota Ihala 468
gn.pahalatotaihala532b,Pahalatota Ihala 532/B
gn.pahalatotanorth,Pahalatota North
gn.pahalatotanorth358c,Pahalatota North 358/C
gn.pahalatotasouth569c,Pahalatota South 569/C
gn.pahalatotawest721b,Pahalatota West 721/B
gn.pahalatotawest930c,Pahalatota West 930/C
gn.pahalawatta,Pahalawatta
gn.pahalawatta13,Pahalawatta 13
gn.pahalawatta573a,Pahalawatta 573/A
gn.pahalawattacentral359a,Pahalawatta Central 359/A
gn.pahalawattacentral49,Pahalawatta Central 49
gn.pahalawattacentral563,Pahalawatta Central 563
gn.pahalawattaeast,Pahalawatta East
gn.pahalawattaihala,Pahalawatta Ihala
gn.pahalawattaihala425c,Pahalawatta Ihala 425/C
gn.pahalawattanorth40a,Pahalawatta North 40/A
gn.pahalawattapahala,Pahalawatta Pahala
gn.pahalawattapahala271c,Pahalawatta Pahala 271/C
gn.pahalawattasouth,Pahalawatta South
gn.pahalawattasouth698b,Pahalawatta South 698/B
gn.pahalawattasouth853c,Pahalawatta South 853/C
gn.pahalawattawest,Pahalawatta West
gn.pahalawattawest890c,Pahalawatta West 890/C
gn.pahalawela,Pahalawela
gn.pahalawela547,Pahalawela 547
gn.pahalawelacentral396a,Pahalawela Central 396/A
gn.pahalawelaeast,Pahalawela East
gn.pahalawelaeast71c,Pahalawela East 71/C
gn.pahalawelanorth,Pahalawela North
gn.pahalawelasouth150b,Pahalawela South 150/B
gn.pahalawelasouth455c,Pahalawela South 455/C
gn.pahalawelawest,Pahalawela West
gn.pahalawelawest53a,Pahalawela West 53/A
gn.pahalawelawest944b,Pahalawela West 944/B
gn.pahalawelawest989,Pahalawela West 989
gn.palindanuwara,Palindanuwara
gn.palindanuwara497c,Palindanuwara 497/C
gn.palindanuwara725,Palindanuwara 725
gn.palindanuwara749a,Palindanuwara 749/A
gn.palindanuwara807,Palindanuwara 807
gn.palindanuwara864b,Palindanuwara 864/B
gn.palindanuwaraeast,Palindanuwara East
gn.palindanuwaraeast12,Palindanuwara East 12
gn.palindanuwaraeast381,Palindanuwara East 381
gn.palindanuwaraeast470b,Palindanuwara East 470/B
gn.palindanuwaraihala,Palindanuwara Ihala
gn.palindanuwaraihala508c,Palindanuwara Ihala 508/C
gn.palindanuwaraihala91a,Palindanuwara Ihala 91/A
gn.palindanuwaranorth103,Palindanuwara North 103
gn.palindanuwaranorth413,Palindanuwara North 413
gn.palindanuwaranorth712a,Palindanuwara North 712/A
gn.palindanuwaranorth823b,Palindanuwara North 823/B
gn.palindanuwarapahala,Palindanuwara Pahala
gn.palindanuwarasouth,Palindanuwara South
gn.palindanuwarawest,Palindanuwara West
gn.palindanuwarawest272c,Palindanuwara West 272/C
gn.palindanuwarawest881b,Palindanuwara West 881/B
gn.pallama,Pallama
gn.pallamacentral719b,Pallama Central 719/B
gn.pallamaeast478,Pallama East 478
gn.pallamaeast530a,Pallama East 530/A
gn.pallamaihala,Pallama Ihala
gn.pallamaihala203c,Pallama Ihala 203/C
gn.pallamaihala575b,Pallama Ihala 575/B
gn.pallamanorth,Pallama North
gn.pallamanorth1a,Pallama North 1/A
gn.pallamanorth502c,Pallama North 502/C
gn.pallamanorth562c,Pallama North 562/C
gn.pallamanorth701c,Pallama North 701/C
gn.pallamapahala126b,Pallama Pahala 126/B
gn.pallamapahala446,Pallama Pahala 446
gn.pallamapahala57b,Pallama Pahala 57/B
gn.pallamasouth357b,Pallama South 357/B
gn.pallamasouth500c,Pallama South 500/C
gn.pallamawest,Pallama West
gn.pallamawest510c,Pallama West 510/C
gn.palledeniya,Palledeniya
gn.palledeniya112,Palledeniya 112
gn.palledeniyacentral,Palledeniya Central
gn.palledeniyacentral117c,Palledeniya Central 117/C
gn.palledeniyacentral651c,Palledeniya Central 651/C
gn.palledeniyacentral787c,Palledeniya Central 787/C
gn.palledeniyaeast51b,Palledeniya East 51/B
gn.palledeniyaeast94b,Palledeniya East 94/B
gn.palledeniyaihala66,Palledeniya Ihala 66
gn.palledeniyanorth129c,Palledeniya North 129/C
gn.palledeniyanorth52,Palledeniya North 52
gn.palledeniyanorth909a,Palledeniya North 909/A
gn.palledeniyapahala,Palledeniya Pahala
gn.palledeniyasouth,Palledeniya South
gn.palledeniyasouth319c,Palledeniya South 319/C
gn.palledeniyawest,Palledeniya West
gn.palledeniyawest681,Palledeniya West 681
gn.pallegala,Pallegala
gn.pallegala736a,Pallegala 736/A
gn.pallegalaeast351,Pallegala East 351
gn.pallegalaeast524b,Pallegala East 524/B
gn.pallegalaeast664,Pallegala East 664
gn.pallegalaeast873b,Pallegala East 873/B
gn.pallegalaihala418,Pallegala Ihala 418
gn.pallegalapahala,Pallegala Pahala
gn.pallegalapahala200a,Pallegala Pahala 200/A
gn.pallegalapahala310,Pallegala Pahala 310
gn.pallegalapahala46b,Pallegala Pahala 46/B
gn.pallegalasouth,Pallegala South
gn.pallegalasouth794c,Pallegala South 794/C
gn.pallegama,Pallegama
gn.pallegama155b,Pallegama 155/B
gn.pallegama499,Pallegama 499
gn.pallegama72a,Pallegama 72/A
gn.pallegama874c,Pallegama 874/C
gn.pallegamacentral,Pallegama Central
gn.pallegamacentral169a,Pallegama Central 169/A
gn.pallegamacentral656c,Pallegama Central 656/C
gn.pallegamacentral827,Pallegama Central 827
gn.pallegamaihala,Pallegama Ihala
gn.pallegamaihala177b,Pallegama Ihala 177/B
gn.pallegamaihala541a,Pallegama Ihala 541/A
gn.pallegamanorth,Pallegama North
gn.pallegamanorth829b,Pallegama North 829/B
gn.pallegamapahala,Pallegama Pahala
gn.pallegamasouth889,Pallegama South 889
gn.pallegamasouth930,Pallegama South 930
gn.pallegamawest84c,Pallegama West 84/C
gn.pallegamuwa25a,Pallegamuwa 25/A
gn.pallegamuwacentral,Pallegamuwa Central
gn.pallegamuwaeast788c,Pallegamuwa East 788/C
gn.pallegamuwaihala,Pallegamuwa Ihala
gn.pallegamuwaihala894c,Pallegamuwa Ihala 894/C
gn.pallegamuwanorth,Pallegamuwa North
gn.pallegamuwanorth487,Pallegamuwa North 487
gn.pallegamuwanorth82c,Pallegamuwa North 82/C
gn.pallegamuwapahala228,Pallegamuwa Pahala 228
gn.pallegamuwasouth570b,Pallegamuwa South 570/B
gn.pallegamuwawest441,Pallegamuwa West 441
gn.pallegamuwawest608c,Pallegamuwa West 608/C
gn.pallegedara177,Pallegedara 177
gn.pallegedara679,Pallegedara 679
gn.pallegedara787a,Pallegedara 787/A
gn.pallegedaracentral,Pallegedara Central
gn.pallegedaraeast12a,Pallegedara East 12/A
gn.pallegedaraeast337,Pallegedara East 337
gn.pallegedaraeast37,Pallegedara East 37
gn.pallegedaraeast585c,Pallegedara East 585/C
gn.pallegedaraeast690a,Pallegedara East 690/A
gn.pallegedaraeast961a,Pallegedara East 961/A
gn.pallegedaraihala,Pallegedara Ihala
gn.pallegedaranorth45c,Pallegedara North 45/C
gn.pallegedarapahala,Pallegedara Pahala
gn.pallegedarapahala421a,Pallegedara Pahala 421/A
gn.pallegedarapahala847a,Pallegedara Pahala 847/A
gn.pallegedarasouth931,Pallegedara South 931
gn.pallegedarawest,Pallegedara West
gn.pallegedarawest25a,Pallegedara West 25/A
gn.pallegoda598b,Pallegoda 598/B
gn.pallegoda870,Pallegoda 870
gn.pallegodacentral,Pallegoda Central
gn.pallegodacentral796a,Pallegoda Central 796/A
gn.pallegodaeast,Pallegoda East
gn.pallegodaeast145c,Pallegoda East 145/C
gn.pallegodaeast739,Pallegoda East 739
gn.pallegodaeast909a,Pallegoda East 909/A
gn.pallegodaihala330c,Pallegoda Ihala 330/C
gn.pallegodanorth260b,Pallegoda North 260/B
gn.pallegodanorth456b,Pallegoda North 456/B
gn.pallegodasouth,Pallegoda South
gn.pallegodasouth799b,Pallegoda South 799/B
gn.pallegodawest579,Pallegoda West 579
gn.pallehena780a,Pallehena 780/A
gn.pallehenacentral555b,Pallehena Central 555/B
gn.pallehenacentral966b,Pallehena Central 966/B
gn.pallehenaihala,Pallehena Ihala
gn.pallehenaihala520a,Pallehena Ihala 520/A
gn.pallehenanorth31c,Pallehena North 31/C
gn.pallehenapahala,Pallehena Pahala
gn.pallehenapahala371a,Pallehena Pahala 371/A
gn.pallehenasouth36b,Pallehena South 36/B
gn.pallehenasouth976c,Pallehena South 976/C
gn.pallehenawest553a,Pallehena West 553/A
gn.pallekaduwaeast,Pallekaduwa East
gn.pallekaduwaihala32b,Pallekaduwa Ihala 32/B
gn.pallekaduwanorth,Pallekaduwa North
gn.pallekaduwapahala,Pallekaduwa Pahala
gn.pallekaduwasouth838,Pallekaduwa South 838
gn.pallekaduwawest,Pallekaduwa West
gn.pallekaduwawest398c,Pallekaduwa West 398/C
gn.pallekaduwawest635b,Pallekaduwa West 635/B
gn.pallekanda,Pallekanda
gn.pallekanda351,Pallekanda 351
gn.pallekanda505,Pallekanda 505
gn.pallekanda905a,Pallekanda 905/A
gn.pallekanda942b,Pallekanda 942/B
gn.pallekandacentral,Pallekanda Central
gn.pallekandacentral825,Pallekanda Central 825
gn.pallekandacentral962c,Pallekanda Central 962/C
gn.pallekandaeast271b,Pallekanda East 271/B
gn.pallekandaeast282a,Pallekanda East 282/A
gn.pallekandaeast405b,Pallekanda East 405/B
gn.pallekandaeast464a,Pallekanda East 464/A
gn.pallekandaeast78c,Pallekanda East 78/C
gn.pallekandaihala,Pallekanda Ihala
gn.pallekandaihala64c,Pallekanda Ihala 64/C
gn.pallekandanorth,Pallekanda North
gn.pallekandanorth4,Pallekanda North 4
gn.pallekandanorth95c,Pallekanda North 95/C
gn.pallekandapahala,Pallekanda Pahala
gn.pallekandawest384b,Pallekanda West 384/B
gn.pallekandawest901,Pallekanda West 901
gn.pallekumbura754,Pallekumbura 754
gn.pallekumburacentral,Pallekumbura Central
gn.pallekumburacentral137c,Pallekumbura Central 137/C
gn.pallekumburacentral830,Pallekumbura Central 830
gn.pallekumburaeast,Pallekumbura East
gn.pallekumburaeast307a,Pallekumbura East 307/A
gn.pallekumburaeast927,Pallekumbura East 927
gn.pallekumburaihala,Pallekumbura Ihala
gn.pallekumburanorth,Pallekumbura North
gn.pallekumburanorth43b,Pallekumbura North 43/B
gn.pallekumburanorth967,Pallekumbura North 967
gn.pallekumburapahala,Pallekumbura Pahala
gn.pallekumburapahala203,Pallekumbura Pahala 203
gn.pallekumburapahala467b,Pallekumbura Pahala 467/B
gn.pallekumburapahala622b,Pallekumbura Pahala 622/B
gn.pallekumburasouth,Pallekumbura South
gn.pallekumburasouth292c,Pallekumbura South 292/C
gn.pallekumburasouth385a,Pallekumbura South 385/A
gn.pallekumburasouth410,Pallekumbura South 410
gn.pallekumburasouth447,Pallekumbura South 447
gn.pallekumburawest899a,Pallekumbura West 899/A
gn.pallemulla,Pallemulla
gn.pallemulla351,Pallemulla 351
gn.pallemullacentral343a,Pallemulla Central 343/A
gn.pallemullacentral916,Pallemulla Central 916
gn.pallemullaeast,Pallemulla East
gn.pallemullaihala729c,Pallemulla Ihala 729/C
gn.pallemullanorth718b,Pallemulla North 718/B
gn.pallemullapahala519b,Pallemulla Pahala 519/B
gn.pallemullapahala779a,Pallemulla Pahala 779/A
gn.pallemullasouth287,Pallemulla South 287
gn.pallemullawest,Pallemulla West
gn.pallemullawest454c,Pallemulla West 454/C
gn.palleoya,Palleoya
gn.palleoyacentral490a,Palleoya Central 490/A
gn.palleoyacentral740,Palleoya Central 740
gn.palleoyacentral829a,Palleoya Central 829/A
gn.palleoyaeast,Palleoya East
gn.palleoyaeast202a,Palleoya East 202/A
gn.palleoyaihala,Palleoya Ihala
gn.palleoyanorth254c,Palleoya North 254/C
gn.palleoyapahala415b,Palleoya Pahala 415/B
gn.palleoyasouth117b,Palleoya South 117/B
gn.palleoyasouth715a,Palleoya South 715/A
gn.palleoyawest177,Palleoya West 177
gn.palleoyawest63a,Palleoya West 63/A
gn.palleoyawest835,Palleoya West 835
gn.palleoyawest996a,Palleoya West 996/A
gn.pallepitiyacentral,Pallepitiya Central
gn.pallepitiyacentral191a,Pallepitiya Central 191/A
gn.pallepitiyacentral194b,Pallepitiya Central 194/B
gn.pallepitiyacentral330,Pallepitiya Central 330
gn.pallepitiyacentral332b,Pallepitiya Central 332/B
gn.pallepitiyaeast838,Pallepitiya East 838
gn.pallepitiyanorth478,Pallepitiya North 478
gn.pallepitiyanorth505a,Pallepitiya North 505/A
gn.pallepitiyanorth750a,Pallepitiya North 750/A
gn.pallepitiyanorth88c,Pallepitiya North 88/C
gn.pallepitiyapahala,Pallepitiya Pahala
gn.pallepitiyapahala449c,Pallepitiya Pahala 449/C
gn.pallepitiyapahala532,Pallepitiya Pahala 532
gn.pallepitiyapahala746b,Pallepitiya Pahala 746/B
gn.pallepitiyasouth,Pallepitiya South
gn.pallepitiyawest235c,Pallepitiya West 235/C
gn.pallepura591c,Pallepura 591/C
gn.pallepura636,Pallepura 636
gn.pallepura728,Pallepura 728
gn.pallepura983,Pallepura 983
gn.pallepuracentral,Pallepura Central
gn.pallepuracentral1a,Pallepura Central 1/A
gn.pallepuracentral220b,Pallepura Central 220/B
gn.pallepuracentral900a,Pallepura Central 900/A
gn.pallepuraeast,Pallepura East
gn.pallepuraeast38b,Pallepura East 38/B
gn.pallepuraeast432,Pallepura East 432
gn.pallepuraeast755b,Pallepura East 755/B
gn.pallepuraihala288b,Pallepura Ihala 288/B
gn.pallepuraihala815a,Pallepura Ihala 815/A
gn.pallepuranorth28b,Pallepura North 28/B
gn.pallepuranorth497b,Pallepura North 497/B
gn.pallepurapahala612a,Pallepura Pahala 612/A
gn.pallepurasouth,Pallepura South
gn.pallepurawest,Pallepura West
gn.palletota,Palletota
gn.palletota249,Palletota 249
gn.palletotacentral629b,Palletota Central 629/B
gn.palletotaeast,Palletota East
gn.palletotaeast104c,Palletota East 104/C
gn.palletotanorth209a,Palletota North 209/A
gn.palletotanorth504a,Palletota North 504/A
gn.palletotanorth881c,Palletota North 881/C
gn.palletotapahala228c,Palletota Pahala 228/C
gn.palletotasouth,Palletota South
gn.palletotasouth319b,Palletota South 319/B
gn.palletotawest,Palletota West
gn.palletotawest119a,Palletota West 119/A
gn.palletotawest121a,Palletota West 121/A
gn.pallewatta,Pallewatta
gn.pallewatta206,Pallewatta 206
gn.pallewatta611,Pallewatta 611
gn.pallewattacentral490,Pallewatta Central 490
gn.pallewattacentral518b,Pallewatta Central 518/B
gn.pallewattacentral706,Pallewatta Central 706
gn.pallewattaeast55,Pallewatta East 55
gn.pallewattaihala,Pallewatta Ihala
gn.pallewattaihala143b,Pallewatta Ihala 143/B
gn.pallewattanorth,Pallewatta North
gn.pallewattapahala128b,Pallewatta Pahala 128/B
gn.pallewattapahala442c,Pallewatta Pahala 442/C
gn.pallewattapahala445a,Pallewatta Pahala 445/A
gn.pallewattasouth,Pallewatta South
gn.pallewattasouth109,Pallewatta South 109
gn.pallewattasouth443b,Pallewatta South 443/B
gn.pallewattasouth586b,Pallewatta South 586/B
gn.pallewattawest,Pallewatta West
gn.pallewela21a,Pallewela 21/A
gn.pallewela242b,Pallewela 242/B
gn.pallewela662,Pallewela 662
gn.pallewelacentral,Pallewela Central
gn.pallewelacentral547,Pallewela Central 547
gn.pallewelaeast,Pallewela East
gn.pallewelasouth849,Pallewela South 849
gn.pallewelasouth911a,Pallewela South 911/A
gn.pallewelawest852b,Pallewela West 852/B
gn.panadura582a,Panadura 582/A
gn.panaduracentral771a,Panadura Central 771/A
gn.panaduracentral780c,Panadura Central 780/C
gn.panaduraeast356b,Panadura East 356/B
gn.panaduranorth,Panadura North
gn.panaduranorth444c,Panadura North 444/C
gn.panadurapahala426b,Panadura Pahala 426/B
gn.panadurasouth,Panadura South
gn.panadurasouth265b,Panadura South 265/B
gn.pannala,Pannala
gn.pannala397c,Pannala 397/C
gn.pannalacentral,Pannala Central
gn.pannalacentral599c,Pannala Central 599/C
gn.pannalaeast922a,Pannala East 922/A
gn.pannalaihala698b,Pannala Ihala 698/B
gn.pannalaihala792c,Pannala Ihala 792/C
gn.pannalanorth,Pannala North
gn.pannalanorth465a,Pannala North 465/A
gn.pannalanorth497a,Pannala North 497/A
gn.pannalapahala,Pannala Pahala
gn.pannalasouth,Pannala South
gn.pannalasouth311c,Pannala South 311/C
gn.pannalasouth61,Pannala South 61
gn.pannalasouth760b,Pannala South 760/B
gn.pannalasouth78,Pannala South 78
gn.pannalawest,Pannala West
gn.pannalawest466,Pannala West 466
gn.pannalawest511b,Pannala West 511/B
gn.pannalawest739a,Pannala West 739/A
gn.paranadeniya,Paranadeniya
gn.paranadeniyacentral,Paranadeniya Central
gn.paranadeniyaeast,Paranadeniya East
gn.paranadeniyaeast238a,Paranadeniya East 238/A
gn.paranadeniyaihala,Paranadeniya Ihala
gn.paranadeniyanorth,Paranadeniya North
gn.paranadeniyanorth149c,Paranadeniya North 149/C
gn.paranadeniyasouth,Paranadeniya South
gn.paranadeniyasouth755b,Paranadeniya South 755/B
gn.paranadeniyawest808c,Paranadeniya West 808/C
gn.paranagala,Paranagala
gn.paranagala271c,Paranagala 271/C
gn.paranagala69,Paranagala 69
gn.paranagalacentral770c,Paranagala Central 770/C
gn.paranagalaeast788,Paranagala East 788
gn.paranagalaihala,Paranagala Ihala
gn.paranagalanorth,Paranagala North
gn.paranagalasouth,Paranagala South
gn.paranagalasouth771,Paranagala South 771
gn.paranagalawest121c,Paranagala West 121/C
gn.paranagalawest335c,Paranagala West 335/C
gn.paranagalawest587b,Paranagala West 587/B
gn.paranagama,Paranagama
gn.paranagama676b,Paranagama 676/B
gn.paranagama705a,Paranagama 705/A
gn.paranagamacentral,Paranagama Central
gn.paranagamaeast219a,Paranagama East 219/A
gn.paranagamaihala,Paranagama Ihala
gn.paranagamapahala720a,Paranagama Pahala 720/A
gn.paranagamasouth208c,Paranagama South 208/C
gn.paranagamasouth478,Paranagama South 478
gn.paranagamawest,Paranagama West
gn.paranagamawest282b,Paranagama West 282/B
gn.paranagamawest663b,Paranagama West 663/B
gn.paranagamawest732a,Paranagama West 732/A
gn.paranagamawest824a,Paranagama West 824/A
gn.paranagamuwa,Paranagamuwa
gn.paranagamuwa40c,Paranagamuwa 40/C
gn.paranagamuwacentral782,Paranagamuwa Central 782
gn.paranagamuwacentral955a,Paranagamuwa Central 955/A
gn.paranagamuwaeast494b,Paranagamuwa East 494/B
gn.paranagamuwaihala,Paranagamuwa Ihala
gn.paranagamuwanorth,Paranagamuwa North
gn.paranagamuwanorth338b,Paranagamuwa North 338/B
gn.paranagamuwapahala,Paranagamuwa Pahala
gn.paranagamuwapahala916,Paranagamuwa Pahala 916
gn.paranagamuwawest774a,Paranagamuwa West 774/A
gn.paranagamuwawest878,Paranagamuwa West 878
gn.paranagedara,Paranagedara
gn.paranagedara477b,Paranagedara 477/B
gn.paranagedara969c,Paranagedara 969/C
gn.paranagedaracentral357,Paranagedara Central 357
gn.paranagedaracentral789a,Paranagedara Central 789/A
gn.paranagedaraihala396c,Paranagedara Ihala 396/C
gn.paranagedaranorth893b,Paranagedara North 893/B
gn.paranagedarapahala42,Paranagedara Pahala 42
gn.paranagedarasouth,Paranagedara South
gn.paranagedarasouth743a,Paranagedara South 743/A
gn.paranagedarasouth812b,Paranagedara South 812/B
gn.paranagedarawest,Paranagedara West
gn.paranagedarawest391c,Paranagedara West 391/C
gn.paranagoda,Paranagoda
gn.paranagoda191c,Paranagoda 191/C
gn.paranagoda627b,Paranagoda 627/B
gn.paranagoda894c,Paranagoda 894/C
gn.paranagodacentral215b,Paranagoda Central 215/B
gn.paranagodacentral781c,Paranagoda Central 781/C
gn.paranagodaihala164b,Paranagoda Ihala 164/B
gn.paranagodanorth698b,Paranagoda North 698/B
gn.paranagodapahala,Paranagoda Pahala
gn.paranagodapahala13b,Paranagoda Pahala 13/B
gn.paranagodapahala433b,Paranagoda Pahala 433/B
gn.paranahena,Paranahena
gn.paranahena255a,Paranahena 255/A
gn.paranahenacentral644b,Paranahena Central 644/B
gn.paranahenaeast,Paranahena East
gn.paranahenaeast188b,Paranahena East 188/B
gn.paranahenaeast798,Paranahena East 798
gn.paranahenaeast921b,Paranahena East 921/B
gn.paranahenaihala296b,Paranahena Ihala 296/B
gn.paranahenaihala625,Paranahena Ihala 625
gn.paranahenanorth777c,Paranahena North 777/C
gn.paranahenapahala664c,Paranahena Pahala 664/C
gn.paranahenawest540c,Paranahena West 540/C
gn.paranakaduwa374c,Paranakaduwa 374/C
gn.paranakaduwa45,Paranakaduwa 45
gn.paranakaduwacentral406b,Paranakaduwa Central 406/B
gn.paranakaduwacentral592c,Paranakaduwa Central 592/C
gn.paranakaduwacentral737b,Paranakaduwa Central 737/B
gn.paranakaduwaeast,Paranakaduwa East
gn.paranakaduwaeast452a,Paranakaduwa East 452/A
gn.paranakaduwaeast501b,Paranakaduwa East 501/B
gn.paranakaduwaihala,Paranakaduwa Ihala
gn.paranakaduwaihala571c,Paranakaduwa Ihala 571/C
gn.paranakaduwanorth29,Paranakaduwa North 29
gn.paranakaduwapahala358b,Paranakaduwa Pahala 358/B
gn.paranakaduwasouth684b,Paranakaduwa South 684/B
gn.paranakaduwasouth862,Paranakaduwa South 862
gn.paranakaduwawest662,Paranakaduwa West 662
gn.paranakaduwawest770b,Paranakaduwa West 770/B
gn.paranakanda226a,Paranakanda 226/A
gn.paranakandacentral19b,Paranakanda Central 19/B
gn.paranakandaeast15b,Paranakanda East 15/B
gn.paranakandaeast373a,Paranakanda East 373/A
gn.paranakandaeast918c,Paranakanda East 918/C
gn.paranakandaeast924,Paranakanda East 924
gn.paranakandanorth,Paranakanda North
gn.paranakandanorth927,Paranakanda North 927
gn.paranakandasouth854c,Paranakanda South 854/C
gn.paranakandawest,Paranakanda West
gn.paranakandawest238b,Paranakanda West 238/B
gn.paranakandawest792c,Paranakanda West 792/C
gn.paranakumburacentral281b,Paranakumbura Central 281/B
gn.paranakumburacentral615c,Paranakumbura Central 615/C
gn.paranakumburaeast367b,Paranakumbura East 367/B
gn.paranakumburaeast641c,Paranakumbura East 641/C
gn.paranakumburanorth,Paranakumbura North
gn.paranakumburanorth398a,Paranakumbura North 398/A
gn.paranakumburanorth724b,Paranakumbura North 724/B
gn.paranakumburasouth,Paranakumbura South
gn.paranakumburawest176,Paranakumbura West 176
gn.paranakumburawest757b,Paranakumbura West 757/B
gn.paranakumburawest911,Paranakumbura West 911
gn.paranamulla398c,Paranamulla 398/C
gn.paranamullaeast,Paranamulla East
gn.paranamullanorth,Paranamulla North
gn.paranamullanorth228b,Paranamulla North 228/B
gn.paranamullasouth,Paranamulla South
gn.paranamullasouth41a,Paranamulla South 41/A
gn.paranamullawest981c,Paranamulla West 981/C
gn.paranaoyacentral,Paranaoya Central
gn.paranaoyacentral434b,Paranaoya Central 434/B
gn.paranaoyacentral842a,Paranaoya Central 842/A
gn.paranaoyaihala,Paranaoya Ihala
gn.paranaoyaihala956c,Paranaoya Ihala 956/C
gn.paranaoyanorth670a,Paranaoya North 670/A
gn.paranaoyapahala,Paranaoya Pahala
gn.paranaoyapahala51c,Paranaoya Pahala 51/C
gn.paranaoyawest242a,Paranaoya West 242/A
gn.paranaoyawest315c,Paranaoya West 315/C
gn.paranaoyawest923a,Paranaoya West 923/A
gn.paranapitiya245,Paranapitiya 245
gn.paranapitiya630,Paranapitiya 630
gn.paranapitiyacentral761a,Paranapitiya Central 761/A
gn.paranapitiyacentral782a,Paranapitiya Central 782/A
gn.paranapitiyacentral975a,Paranapitiya Central 975/A
gn.paranapitiyaeast208,Paranapitiya East 208
gn.paranapitiyaeast339c,Paranapitiya East 339/C
gn.paranapitiyaihala,Paranapitiya Ihala
gn.paranapitiyaihala939,Paranapitiya Ihala 939
gn.paranapitiyaihala988b,Paranapitiya Ihala 988/B
gn.paranapitiyanorth579c,Paranapitiya North 579/C
gn.paranapitiyanorth701c,Paranapitiya North 701/C
gn.paranapitiyapahala,Paranapitiya Pahala
gn.paranapitiyapahala940,Paranapitiya Pahala 940
gn.paranapitiyapahala987,Paranapitiya Pahala 987
gn.paranapitiyasouth293c,Paranapitiya South 293/C
gn.paranapitiyasouth739,Paranapitiya South 739
gn.paranapitiyawest947,Paranapitiya West 947
gn.paranapuracentral419,Paranapura Central 419
gn.paranapuraeast,Paranapura East
gn.paranapuraeast392,Paranapura East 392
gn.paranapuraeast406c,Paranapura East 406/C
gn.paranapuraeast53c,Paranapura East 53/C
gn.paranapuraeast85b,Paranapura East 85/B
gn.paranapuraihala132c,Paranapura Ihala 132/C
gn.paranapuraihala215a,Paranapura Ihala 215/A
gn.paranapurapahala522c,Paranapura Pahala 522/C
gn.paranapurapahala577a,Paranapura Pahala 577/A
gn.paranapurapahala605c,Paranapura Pahala 605/C
gn.paranapurasouth81,Paranapura South 81
gn.paranapurawest,Paranapura West
gn.paranapurawest154c,Paranapura West 154/C
gn.paranapurawest733,Paranapura West 733
gn.paranapurawest99a,Paranapura West 99/A
gn.paranatota,Paranatota
gn.paranatotacentral403b,Paranatota Central 403/B
gn.paranatotacentral73b,Paranatota Central 73/B
gn.paranatotaeast165b,Paranatota East 165/B
gn.paranatotaeast713a,Paranatota East 713/A
gn.paranatotanorth,Paranatota North
gn.paranatotawest,Paranatota West
gn.paranawattacentral443c,Paranawatta Central 443/C
gn.paranawattacentral547,Paranawatta Central 547
gn.paranawattacentral80c,Paranawatta Central 80/C
gn.paranawattaeast,Paranawatta East
gn.paranawattaihala,Paranawatta Ihala
gn.paranawattapahala334b,Paranawatta Pahala 334/B
gn.paranawattapahala695c,Paranawatta Pahala 695/C
gn.paranawattapahala711b,Paranawatta Pahala 711/B
gn.paranawattapahala900b,Paranawatta Pahala 900/B
gn.paranawattasouth259a,Paranawatta South 259/A
gn.paranawattasouth581b,Paranawatta South 581/B
gn.paranawattasouth645,Paranawatta South 645
gn.paranawattawest901,Paranawatta West 901
gn.paranawela128,Paranawela 128
gn.paranawela405a,Paranawela 405/A
gn.paranawela794b,Paranawela 794/B
gn.paranawelacentral984c,Paranawela Central 984/C
gn.paranawelaeast707a,Paranawela East 707/A
gn.paranawelaeast792c,Paranawela East 792/C
gn.paranawelaeast897c,Paranawela East 897/C
gn.paranawelaihala225a,Paranawela Ihala 225/A
gn.paranawelaihala397c,Paranawela Ihala 397/C
gn.paranawelaihala560,Paranawela Ihala 560
gn.paranawelapahala443a,Paranawela Pahala 443/A
gn.paranawelapahala856c,Paranawela Pahala 856/C
gn.paranawelasouth,Paranawela South
gn.paranawelasouth340,Paranawela South 340
gn.paranawelasouth728c,Paranawela South 728/C
gn.paranawelasouth758a,Paranawela South 758/A
gn.paranawelawest709c,Paranawela West 709/C
gn.paranawelawest764c,Paranawela West 764/C
gn.pasgoda,Pasgoda
gn.pasgoda793,Pasgoda 793
gn.pasgodacentral,Pasgoda Central
gn.pasgodaeast965b,Pasgoda East 965/B
gn.pasgodaihala682,Pasgoda Ihala 682
gn.pasgodaihala705,Pasgoda Ihala 705
gn.pasgodanorth,Pasgoda North
gn.pasgodanorth248c,Pasgoda North 248/C
gn.pasgodanorth814b,Pasgoda North 814/B
gn.pasgodapahala866,Pasgoda Pahala 866
gn.pasgodasouth,Pasgoda South
gn.pasgodasouth381b,Pasgoda South 381/B
gn.pasgodasouth7b,Pasgoda South 7/B
gn.pasgodasouth78c,Pasgoda South 78/C
gn.pasgodawest265a,Pasgoda West 265/A
gn.passara,Passara
gn.passara165,Passara 165
gn.passara679,Passara 679
gn.passaracentral,Passara Central
gn.passaraeast,Passara East
gn.passaraeast382c,Passara East 382/C
gn.passaraeast595b,Passara East 595/B
gn.passaraeast732b,Passara East 732/B
gn.passaraihala300,Passara Ihala 300
gn.passaraihala711b,Passara Ihala 711/B
gn.passaraihala904,Passara Ihala 904
gn.passaraihala921,Passara Ihala 921
gn.passaraihala97b,Passara Ihala 97/B
gn.passaranorth35c,Passara North 35/C
gn.passaranorth351c,Passara North 351/C
gn.passarasouth,Passara South
gn.passarawest,Passara West
gn.passarawest215,Passara West 215
gn.pathadumbaracentral,Pathadumbara Central
gn.pathadumbaracentral137,Pathadumbara Central 137
gn.pathadumbaracentral301b,Pathadumbara Central 301/B
gn.pathadumbaracentral729a,Pathadumbara Central 729/A
gn.pathadumbaraeast,Pathadumbara East
gn.pathadumbaraeast217,Pathadumbara East 217
gn.pathadumbaraeast479c,Pathadumbara East 479/C
gn.pathadumbaraeast839b,Pathadumbara East 839/B
gn.pathadumbaraihala450c,Pathadumbara Ihala 450/C
gn.pathadumbaraihala813,Pathadumbara Ihala 813
gn.pathadumbaranorth395a,Pathadumbara North 395/A
gn.pathadumbarapahala487a,Pathadumbara Pahala 487/A
gn.pathadumbarapahala737b,Pathadumbara Pahala 737/B
gn.pathadumbarasouth204c,Pathadumbara South 204/C
gn.pathadumbarawest,Pathadumbara West
gn.pathahewaheta,Pathahewaheta
gn.pathahewaheta587b,Pathahewaheta 587/B
gn.pathahewahetacentral655b,Pathahewaheta Central 655/B
gn.pathahewahetaeast743b,Pathahewaheta East 743/B
gn.pathahewahetanorth527,Pathahewaheta North 527
gn.pathahewahetanorth956c,Pathahewaheta North 956/C
gn.pathahewahetanorth976c,Pathahewaheta North 976/C
gn.pathahewahetapahala295b,Pathahewaheta Pahala 295/B
gn.pathahewahetapahala575c,Pathahewaheta Pahala 575/C
gn.pathahewahetapahala768b,Pathahewaheta Pahala 768/B
gn.pathahewahetasouth,Pathahewaheta South
gn.pathahewahetasouth161c,Pathahewaheta South 161/C
gn.pathahewahetawest,Pathahewaheta West
gn.pathahewahetawest111c,Pathahewaheta West 111/C
gn.pathahewahetawest645b,Pathahewaheta West 645/B
gn.pelmadulla361b,Pelmadulla 361/B
gn.pelmadulla495a,Pelmadulla 495/A
gn.pelmadulla729b,Pelmadulla 729/B
gn.pelmadulla851,Pelmadulla 851
gn.pelmadulla966b,Pelmadulla 966/B
gn.pelmadullacentral,Pelmadulla Central
gn.pelmadullaeast,Pelmadulla East
gn.pelmadullaeast37b,Pelmadulla East 37/B
gn.pelmadullaeast72c,Pelmadulla East 72/C
gn.pelmadullaihala,Pelmadulla Ihala
gn.pelmadullaihala230b,Pelmadulla Ihala 230/B
gn.pelmadullaihala318,Pelmadulla Ihala 318
gn.pelmadullaihala928a,Pelmadulla Ihala 928/A
gn.pelmadullanorth,Pelmadulla North
gn.pelmadullanorth4b,Pelmadulla North 4/B
gn.pelmadullanorth65a,Pelmadulla North 65/A
gn.pelmadullanorth757b,Pelmadulla North 757/B
gn.pelmadullapahala,Pelmadulla Pahala
gn.pelmadullapahala624b,Pelmadulla Pahala 624/B
gn.pelmadullasouth381,Pelmadulla South 381
gn.pelmadullasouth608,Pelmadulla South 608
gn.pelmadullasouth701c,Pelmadulla South 701/C
gn.pelmadullawest149a,Pelmadulla West 149/A
gn.pelmadullawest241a,Pelmadulla West 241/A
gn.pitabeddara430,Pitabeddara 430
gn.pitabeddara96a,Pitabeddara 96/A
gn.pitabeddaracentral,Pitabeddara Central
gn.pitabeddaracentral712a,Pitabeddara Central 712/A
gn.pitabeddaraeast381b,Pitabeddara East 381/B
gn.pitabeddaraeast414,Pitabeddara East 414
gn.pitabeddaranorth45c,Pitabeddara North 45/C
gn.pitabeddarapahala137,Pitabeddara Pahala 137
gn.pitabeddarapahala192,Pitabeddara Pahala 192
gn.pitabeddarapahala367b,Pitabeddara Pahala 367/B
gn.pitabeddarapahala873b,Pitabeddara Pahala 873/B
gn.pitabeddarasouth505a,Pitabeddara South 505/A
gn.pitabeddarasouth685,Pitabeddara South 685
gn.pitabeddarawest,Pitabeddara West
gn.pitabeddarawest572c,Pitabeddara West 572/C
gn.pointpedro,Point Pedro
gn.pointpedro132b,Point Pedro 132/B
gn.pointpedro297b,Point Pedro 297/B
gn.pointpedrocentral,Point Pedro Central
gn.pointpedrocentral444b,Point Pedro Central 444/B
gn.pointpedrocentral68,Point Pedro Central 68
gn.pointpedroeast,Point Pedro East
gn.pointpedroeast186c,Point Pedro East 186/C
gn.pointpedroihala148a,Point Pedro Ihala 148/A
gn.pointpedroihala15b,Point Pedro Ihala 15/B
gn.pointpedroihala873,Point Pedro Ihala 873
gn.pointpedronorth,Point Pedro North
gn.pointpedronorth335b,Point Pedro North 335/B
gn.pointpedronorth779,Point Pedro North 779
gn.pointpedronorth816a,Point Pedro North 816/A
gn.pointpedropahala110c,Point Pedro Pahala 110/C
gn.pointpedropahala882a,Point Pedro Pahala 882/A
gn.pointpedrosouth,Point Pedro South
gn.pointpedrosouth141b,Point Pedro South 141/B
gn.pointpedrosouth325b,Point Pedro South 325/B
gn.pointpedrowest,Point Pedro West
gn.pointpedrowest300,Point Pedro West 300
gn.polgahawela190c,Polgahawela 190/C
gn.polgahawela212,Polgahawela 212
gn.polgahawelaeast609c,Polgahawela East 609/C
gn.polgahawelaeast785,Polgahawela East 785
gn.polgahawelaeast797,Polgahawela East 797
gn.polgahawelaeast895,Polgahawela East 895
gn.polgahawelaihala376b,Polgahawela Ihala 376/B
gn.polgahawelaihala857b,Polgahawela Ihala 857/B
gn.polgahawelanorth,Polgahawela North
gn.polgahawelanorth255,Polgahawela North 255
gn.polgahawelapahala771b,Polgahawela Pahala 771/B
gn.polgahawelapahala802b,Polgahawela Pahala 802/B
gn.polgahawelasouth,Polgahawela South
gn.polgahawelasouth720a,Polgahawela South 720/A
gn.polgahawelawest582a,Polgahawela West 582/A
gn.polgahawelawest900a,Polgahawela West 900/A
gn.polonnaruwa,Polonnaruwa
gn.polonnaruwa344a,Polonnaruwa 344/A
gn.polonnaruwa684,Polonnaruwa 684
gn.polonnaruwa990c,Polonnaruwa 990/C
gn.polonnaruwaeast,Polonnaruwa East
gn.polonnaruwaeast34,Polonnaruwa East 34
gn.polonnaruwaihala,Polonnaruwa Ihala
gn.polonnaruwaihala214c,Polonnaruwa Ihala 214/C
gn.polonnaruwaihala472a,Polonnaruwa Ihala 472/A
gn.polonnaruwaihala826c,Polonnaruwa Ihala 826/C
gn.polonnaruwanorth,Polonnaruwa North
gn.polonnaruwanorth245a,Polonnaruwa North 245/A
gn.polonnaruwanorth252a,Polonnaruwa North 252/A
gn.polonnaruwanorth817c,Polonnaruwa North 817/C
gn.polonnaruwapahala65c,Polonnaruwa Pahala 65/C
gn.polonnaruwapahala846b,Polonnaruwa Pahala 846/B
gn.polonnaruwasouth296c,Polonnaruwa South 296/C
gn.polonnaruwasouth381,Polonnaruwa South 381
gn.polonnaruwasouth413c,Polonnaruwa South 413/C
gn.polonnaruwasouth51c,Polonnaruwa South 51/C
gn.polonnaruwasouth520c,Polonnaruwa South 520/C
gn.polonnaruwasouth878a,Polonnaruwa South 878/A
gn.polonnaruwawest,Polonnaruwa West
gn.polonnaruwawest446b,Polonnaruwa West 446/B
gn.poonakary,Poonakary
gn.poonakary637b,Poonakary 637/B
gn.poonakary759b,Poonakary 759/B
gn.poonakarycentral,Poonakary Central
gn.poonakarycentral770,Poonakary Central 770
gn.poonakarycentral930b,Poonakary Central 930/B
gn.poonakaryeast708,Poonakary East 708
gn.poonakaryeast727a,Poonakary East 727/A
gn.poonakarynorth279b,Poonakary North 279/B
gn.poonakarypahala,Poonakary Pahala
gn.poonakarypahala204,Poonakary Pahala 204
gn.poonakarysouth486a,Poonakary South 486/A
gn.porativu481a,Porativu 481/A
gn.porativu674b,Porativu 674/B
gn.porativucentral264a,Porativu Central 264/A
gn.porativucentral415c,Porativu Central 415/C
gn.porativucentral452c,Porativu Central 452/C
gn.porativucentral549a,Porativu Central 549/A
gn.porativucentral729a,Porativu Central 729/A
gn.porativucentral793,Porativu Central 793
gn.porativucentral94b,Porativu Central 94/B
gn.porativueast191b,Porativu East 191/B
gn.porativueast195a,Porativu East 195/A
gn.porativueast534,Porativu East 534
gn.porativuihala,Porativu Ihala
gn.porativuihala263c,Porativu Ihala 263/C
gn.porativuihala434,Porativu Ihala 434
gn.porativunorth,Porativu North
gn.porativunorth279b,Porativu North 279/B
gn.porativunorth711a,Porativu North 711/A
gn.porativupahala,Porativu Pahala
gn.porativupahala345b,Porativu Pahala 345/B
gn.porativupahala352b,Porativu Pahala 352/B
gn.porativupahala60a,Porativu Pahala 60/A
gn.porativupahala711,Porativu Pahala 711
gn.porativusouth309a,Porativu South 309/A
gn.porativusouth937,Porativu South 937
gn.porativuwest,Porativu West
gn.porativuwest219a,Porativu West 219/A
gn.porativuwest336a,Porativu West 336/A
gn.pottuvil,Pottuvil
gn.pottuvil655b,Pottuvil 655/B
gn.pottuvil727a,Pottuvil 727/A
gn.pottuvil779a,Pottuvil 779/A
gn.pottuvilcentral,Pottuvil Central
gn.pottuvileast370a,Pottuvil East 370/A
gn.pottuvileast498,Pottuvil East 498
gn.pottuvileast742,Pottuvil East 742
gn.pottuvileast93a,Pottuvil East 93/A
gn.pottuvilihala,Pottuvil Ihala
gn.pottuvilihala452b,Pottuvil Ihala 452/B
gn.pottuvilihala765,Pottuvil Ihala 765
gn.pottuvilihala826,Pottuvil Ihala 826
gn.pottuvilnorth,Pottuvil North
gn.pottuvilnorth830b,Pottuvil North 830/B
gn.pottuvilpahala217b,Pottuvil Pahala 217/B
gn.pottuvilpahala484b,Pottuvil Pahala 484/B
gn.pottuvilpahala784c,Pottuvil Pahala 784/C
gn.pottuvilsouth321c,Pottuvil South 321/C
gn.pottuvilsouth414b,Pottuvil South 414/B
gn.pottuvilsouth420c,Pottuvil South 420/C
gn.pottuvilsouth559c,Pottuvil South 559/C
gn.pottuvilsouth660c,Pottuvil South 660/C
gn.pottuvilsouth857b,Pottuvil South 857/B
gn.pottuvilwest,Pottuvil West
gn.pottuvilwest3,Pottuvil West 3
gn.puthukkudiyiruppu,Puthukkudiyiruppu
gn.puthukkudiyiruppu317b,Puthukkudiyiruppu 317/B
gn.puthukkudiyiruppu580a,Puthukkudiyiruppu 580/A
gn.puthukkudiyiruppu702,Puthukkudiyiruppu 702
gn.puthukkudiyiruppu881b,Puthukkudiyiruppu 881/B
gn.puthukkudiyiruppucentral421a,Puthukkudiyiruppu Central 421/A
gn.puthukkudiyiruppucentral716,Puthukkudiyiruppu Central 716
gn.puthukkudiyiruppueast403b,Puthukkudiyiruppu East 403/B
gn.puthukkudiyiruppueast566,Puthukkudiyiruppu East 566
gn.puthukkudiyiruppuihala,Puthukkudiyiruppu Ihala
gn.puthukkudiyiruppuihala941a,Puthukkudiyiruppu Ihala 941/A
gn.puthukkudiyiruppunorth,Puthukkudiyiruppu North
gn.puthukkudiyiruppunorth303b,Puthukkudiyiruppu North 303/B
gn.puthukkudiyiruppupahala477,Puthukkudiyiruppu Pahala 477
gn.puthukkudiyiruppusouth,Puthukkudiyiruppu South
gn.puthukkudiyiruppusouth592,Puthukkudiyiruppu South 592
gn.puthukkudiyiruppuwest,Puthukkudiyiruppu West
gn.puthukkudiyiruppuwest100b,Puthukkudiyiruppu West 100/B
gn.puthukkudiyiruppuwest518,Puthukkudiyiruppu West 518
gn.puthukkudiyiruppuwest9,Puthukkudiyiruppu West 9
gn.puttalam103,Puttalam 103
gn.puttalamcentral,Puttalam Central
gn.puttalamcentral576,Puttalam Central 576
gn.puttalamcentral649a,Puttalam Central 649/A
gn.puttalameast,Puttalam East
gn.puttalameast426,Puttalam East 426
gn.puttalamihala144a,Puttalam Ihala 144/A
gn.puttalamnorth,Puttalam North
gn.puttalamnorth568c,Puttalam North 568/C
gn.puttalamnorth735,Puttalam North 735
gn.puttalampahala,Puttalam Pahala
gn.puttalampahala682b,Puttalam Pahala 682/B
gn.puttalampahala863a,Puttalam Pahala 863/A
gn.puttalamsouth,Puttalam South
gn.puttalamsouth491c,Puttalam South 491/C
gn.puttalamsouth524a,Puttalam South 524/A
gn.puttalamsouth674,Puttalam South 674
gn.puttalamsouth872b,Puttalam South 872/B
gn.puttalamwest,Puttalam West
gn.puttalamwest63a,Puttalam West 63/A
gn.rajanganaya400a,Rajanganaya 400/A
gn.rajanganaya569c,Rajanganaya 569/C
gn.rajanganayacentral407a,Rajanganaya Central 407/A
gn.rajanganayaeast136c,Rajanganaya East 136/C
gn.rajanganayaeast52b,Rajanganaya East 52/B
gn.rajanganayanorth124c,Rajanganaya North 124/C
gn.rajanganayanorth404a,Rajanganaya North 404/A
gn.rajanganayanorth466c,Rajanganaya North 466/C
gn.rajanganayanorth504c,Rajanganaya North 504/C
gn.rajanganayanorth987b,Rajanganaya North 987/B
gn.rajanganayapahala,Rajanganaya Pahala
gn.rajanganayapahala919a,Rajanganaya Pahala 919/A
gn.rajanganayasouth688b,Rajanganaya South 688/B
gn.rajanganayawest,Rajanganaya West
gn.rambukkana110c,Rambukkana 110/C
gn.rambukkana202c,Rambukkana 202/C
gn.rambukkana502a,Rambukkana 502/A
gn.rambukkana566b,Rambukkana 566/B
gn.rambukkana953b,Rambukkana 953/B
gn.rambukkanaeast776b,Rambukkana East 776/B
gn.rambukkanaihala,Rambukkana Ihala
gn.rambukkananorth624a,Rambukkana North 624/A
gn.rambukkanapahala,Rambukkana Pahala
gn.rambukkanapahala195a,Rambukkana Pahala 195/A
gn.rambukkanapahala443b,Rambukkana Pahala 443/B
gn.rambukkanasouth,Rambukkana South
gn.rambukkanasouth755b,Rambukkana South 755/B
gn.rambukkanasouth779b,Rambukkana South 779/B
gn.rambukkanawest291c,Rambukkana West 291/C
gn.rambukkanawest768a,Rambukkana West 768/A
gn.ratmalana102c,Ratmalana 102/C
gn.ratmalana982c,Ratmalana 982/C
gn.ratmalanacentral560a,Ratmalana Central 560/A
gn.ratmalanacentral892b,Ratmalana Central 892/B
gn.ratmalanacentral935,Ratmalana Central 935
gn.ratmalanaeast423c,Ratmalana East 423/C
gn.ratmalanaeast536b,Ratmalana East 536/B
gn.ratmalanaihala271,Ratmalana Ihala 271
gn.ratmalananorth233c,Ratmalana North 233/C
gn.ratmalananorth791c,Ratmalana North 791/C
gn.ratmalanapahala,Ratmalana Pahala
gn.ratmalanapahala286b,Ratmalana Pahala 286/B
gn.ratmalanasouth,Ratmalana South
gn.ratmalanasouth147,Ratmalana South 147
gn.ratmalanasouth62b,Ratmalana South 62/B
gn.ratmalanawest,Ratmalana West
gn.ratnapura,Ratnapura
gn.ratnapura343,Ratnapura 343
gn.ratnapura748b,Ratnapura 748/B
gn.ratnapuracentral,Ratnapura Central
gn.ratnapuracentral246,Ratnapura Central 246
gn.ratnapuracentral280,Ratnapura Central 280
gn.ratnapuraeast309b,Ratnapura East 309/B
gn.ratnapuraihala,Ratnapura Ihala
gn.ratnapuraihala209c,Ratnapura Ihala 209/C
gn.ratnapuranorth578a,Ratnapura North 578/A
gn.ratnapuranorth606c,Ratnapura North 606/C
gn.ratnapuranorth945,Ratnapura North 945
gn.ratnapurapahala278a,Ratnapura Pahala 278/A
gn.ratnapurapahala748c,Ratnapura Pahala 748/C
gn.ratnapurapahala921,Ratnapura Pahala 921
gn.ratnapurasouth,Ratnapura South
gn.ratnapurasouth909c,Ratnapura South 909/C
gn.ratnapurawest562b,Ratnapura West 562/B
gn.ratnapurawest583a,Ratnapura West 583/A
gn.ratnapurawest883c,Ratnapura West 883/C
gn.rattota,Rattota
gn.rattota609,Rattota 609
gn.rattota841b,Rattota 841/B
gn.rattotacentral336a,Rattota Central 336/A
gn.rattotacentral461b,Rattota Central 461/B
gn.rattotacentral717,Rattota Central 717
gn.rattotacentral720b,Rattota Central 720/B
gn.rattotaeast496,Rattota East 496
gn.rattotaihala,Rattota Ihala
gn.rattotaihala317c,Rattota Ihala 317/C
gn.rattotaihala527,Rattota Ihala 527
gn.rattotaihala533,Rattota Ihala 533
gn.rattotaihala579c,Rattota Ihala 579/C
gn.rattotaihala710a,Rattota Ihala 710/A
gn.rattotanorth53,Rattota North 53
gn.rattotanorth877b,Rattota North 877/B
gn.rattotapahala,Rattota Pahala
gn.rattotapahala21,Rattota Pahala 21
gn.rattotapahala309a,Rattota Pahala 309/A
gn.rattotapahala368,Rattota Pahala 368
gn.rattotapahala784,Rattota Pahala 784
gn.rattotasouth,Rattota South
gn.rattotasouth57,Rattota South 57
gn.rattotawest959b,Rattota West 959/B
gn.ratudeniya,Ratudeniya
gn.ratudeniyacentral,Ratudeniya Central
gn.ratudeniyanorth722c,Ratudeniya North 722/C
gn.ratudeniyapahala167b,Ratudeniya Pahala 167/B
gn.ratudeniyasouth,Ratudeniya South
gn.ratudeniyasouth30a,Ratudeniya South 30/A
gn.ratudeniyasouth600,Ratudeniya South 600
gn.ratudeniyawest32c,Ratudeniya West 32/C
gn.ratudeniyawest705a,Ratudeniya West 705/A
gn.ratugala355,Ratugala 355
gn.ratugalaeast,Ratugala East
gn.ratugalaeast542c,Ratugala East 542/C
gn.ratugalaeast879b,Ratugala East 879/B
gn.ratugalaihala,Ratugala Ihala
gn.ratugalanorth,Ratugala North
gn.ratugalanorth280c,Ratugala North 280/C
gn.ratugalanorth753a,Ratugala North 753/A
gn.ratugalasouth,Ratugala South
gn.ratugalasouth319b,Ratugala South 319/B
gn.ratugalasouth464a,Ratugala South 464/A
gn.ratugalawest,Ratugala West
gn.ratugama,Ratugama
gn.ratugamacentral,Ratugama Central
gn.ratugamacentral639b,Ratugama Central 639/B
gn.ratugamacentral691,Ratugama Central 691
gn.ratugamacentral758b,Ratugama Central 758/B
gn.ratugamacentral96c,Ratugama Central 96/C
gn.ratugamacentral981b,Ratugama Central 981/B
gn.ratugamaeast,Ratugama East
gn.ratugamaihala832c,Ratugama Ihala 832/C
gn.ratugamanorth,Ratugama North
gn.ratugamanorth158c,Ratugama North 158/C
gn.ratugamanorth239,Ratugama North 239
gn.ratugamanorth473a,Ratugama North 473/A
gn.ratugamanorth615c,Ratugama North 615/C
gn.ratugamapahala,Ratugama Pahala
gn.ratugamapahala2c,Ratugama Pahala 2/C
gn.ratugamapahala650c,Ratugama Pahala 650/C
gn.ratugamasouth508,Ratugama South 508
gn.ratugamasouth669,Ratugama South 669
gn.ratugamasouth815c,Ratugama South 815/C
gn.ratugamawest,Ratugama West
gn.ratugamawest383c,Ratugama West 383/C
gn.ratugamawest688b,Ratugama West 688/B
gn.ratugamawest750a,Ratugama West 750/A
gn.ratugamuwa170b,Ratugamuwa 170/B
gn.ratugamuwa511b,Ratugamuwa 511/B
gn.ratugamuwa851c,Ratugamuwa 851/C
gn.ratugamuwacentral614b,Ratugamuwa Central 614/B
gn.ratugamuwaihala209b,Ratugamuwa Ihala 209/B
gn.ratugamuwanorth,Ratugamuwa North
gn.ratugamuwanorth125c,Ratugamuwa North 125/C
gn.ratugamuwanorth182a,Ratugamuwa North 182/A
gn.ratugamuwapahala379c,Ratugamuwa Pahala 379/C
gn.ratugamuwasouth,Ratugamuwa South
gn.ratugamuwasouth396a,Ratugamuwa South 396/A
gn.ratugamuwawest898,Ratugamuwa West 898
gn.ratugedara286,Ratugedara 286
gn.ratugedaracentral81c,Ratugedara Central 81/C
gn.ratugedaracentral811c,Ratugedara Central 811/C
gn.ratugedaraeast401,Ratugedara East 401
gn.ratugedaraeast896,Ratugedara East 896
gn.ratugedaraihala139c,Ratugedara Ihala 139/C
gn.ratugedaranorth603,Ratugedara North 603
gn.ratugedarapahala204c,Ratugedara Pahala 204/C
gn.ratugedarapahala598c,Ratugedara Pahala 598/C
gn.ratugedarapahala973b,Ratugedara Pahala 973/B
gn.ratugedarasouth542,Ratugedara South 542
gn.ratugedarawest199a,Ratugedara West 199/A
gn.ratugedarawest689b,Ratugedara West 689/B
gn.ratugedarawest749,Ratugedara West 749
gn.ratugodaeast,Ratugoda East
gn.ratugodaeast240c,Ratugoda East 240/C
gn.ratugodaeast811,Ratugoda East 811
gn.ratugodaihala291a,Ratugoda Ihala 291/A
gn.ratugodanorth74,Ratugoda North 74
gn.ratugodapahala809,Ratugoda Pahala 809
gn.ratugodasouth,Ratugoda South
gn.ratugodasouth707c,Ratugoda South 707/C
gn.ratugodasouth769,Ratugoda South 769
gn.ratuhena,Ratuhena
gn.ratuhena454,Ratuhena 454
gn.ratuhena511,Ratuhena 511
gn.ratuhenaeast603a,Ratuhena East 603/A
gn.ratuhenanorth,Ratuhena North
gn.ratuhenapahala314,Ratuhena Pahala 314
gn.ratuhenasouth,Ratuhena South
gn.ratuhenasouth36a,Ratuhena South 36/A
gn.ratuhenawest427b,Ratuhena West 427/B
gn.ratuhenawest802c,Ratuhena West 802/C
gn.ratukaduwa572,Ratukaduwa 572
gn.ratukaduwa772a,Ratukaduwa 772/A
gn.ratukaduwacentral307a,Ratukaduwa Central 307/A
gn.ratukaduwacentral454,Ratukaduwa Central 454
gn.ratukaduwaeast225c,Ratukaduwa East 225/C
gn.ratukaduwaeast483,Ratukaduwa East 483
gn.ratukaduwaeast634c,Ratukaduwa East 634/C
gn.ratukaduwaeast701,Ratukaduwa East 701
gn.ratukaduwaihala,Ratukaduwa Ihala
gn.ratukaduwaihala272a,Ratukaduwa Ihala 272/A
gn.ratukaduwanorth409a,Ratukaduwa North 409/A
gn.ratukaduwapahala155b,Ratukaduwa Pahala 155/B
gn.ratukaduwapahala793c,Ratukaduwa Pahala 793/C
gn.ratukaduwasouth553b,Ratukaduwa South 553/B
gn.ratukaduwasouth736b,Ratukaduwa South 736/B
gn.ratukaduwasouth856b,Ratukaduwa South 856/B
gn.ratukaduwawest,Ratukaduwa West
gn.ratukanda396c,Ratukanda 396/C
gn.ratukandacentral100b,Ratukanda Central 100/B
gn.ratukandacentral248c,Ratukanda Central 248/C
gn.ratukandacentral526b,Ratukanda Central 526/B
gn.ratukandacentral792b,Ratukanda Central 792/B
gn.ratukandaeast,Ratukanda East
gn.ratukandaihala,Ratukanda Ihala
gn.ratukandanorth,Ratukanda North
gn.ratukandasouth148b,Ratukanda South 148/B
gn.ratukumbura9a,Ratukumbura 9/A
gn.ratukumburacentral,Ratukumbura Central
gn.ratukumburacentral123,Ratukumbura Central 123
gn.ratukumburacentral502b,Ratukumbura Central 502/B
gn.ratukumburacentral836a,Ratukumbura Central 836/A
gn.ratukumburaihala,Ratukumbura Ihala
gn.ratukumburaihala873c,Ratukumbura Ihala 873/C
gn.ratukumburaihala94,Ratukumbura Ihala 94
gn.ratukumburanorth431b,Ratukumbura North 431/B
gn.ratukumburapahala172b,Ratukumbura Pahala 172/B
gn.ratukumburapahala377,Ratukumbura Pahala 377
gn.ratukumburawest612a,Ratukumbura West 612/A
gn.ratumulla,Ratumulla
gn.ratumulla545c,Ratumulla 545/C
gn.ratumullacentral751,Ratumulla Central 751
gn.ratumullacentral77,Ratumulla Central 77
gn.ratumullaeast801a,Ratumulla East 801/A
gn.ratumullanorth,Ratumulla North
gn.ratumullanorth580a,Ratumulla North 580/A
gn.ratumullapahala107c,Ratumulla Pahala 107/C
gn.ratumullapahala659c,Ratumulla Pahala 659/C
gn.ratumullasouth937b,Ratumulla South 937/B
gn.ratumullawest178c,Ratumulla West 178/C
gn.ratumullawest742,Ratumulla West 742
gn.ratuoya,Ratuoya
gn.ratuoyacentral,Ratuoya Central
gn.ratuoyacentral993a,Ratuoya Central 993/A
gn.ratuoyaeast,Ratuoya East
gn.ratuoyaihala11b,Ratuoya Ihala 11/B
gn.ratuoyanorth166,Ratuoya North 166
gn.ratuoyanorth270a,Ratuoya North 270/A
gn.ratuoyanorth796c,Ratuoya North 796/C
gn.ratuoyanorth900,Ratuoya North 900
gn.ratuoyapahala,Ratuoya Pahala
gn.ratuoyapahala128a,Ratuoya Pahala 128/A
gn.ratuoyapahala747b,Ratuoya Pahala 747/B
gn.ratuoyasouth,Ratuoya South
gn.ratuoyawest,Ratuoya West
gn.ratupitiya524a,Ratupitiya 524/A
gn.ratupitiya887b,Ratupitiya 887/B
gn.ratupitiyacentral,Ratupitiya Central
gn.ratupitiyacentral35,Ratupitiya Central 35
gn.ratupitiyaeast438b,Ratupitiya East 438/B
gn.ratupitiyaihala,Ratupitiya Ihala
gn.ratupitiyanorth,Ratupitiya North
gn.ratupitiyapahala411c,Ratupitiya Pahala 411/C
gn.ratupitiyapahala450a,Ratupitiya Pahala 450/A
gn.ratupitiyapahala548,Ratupitiya Pahala 548
gn.ratupitiyawest,Ratupitiya West
gn.ratupitiyawest479c,Ratupitiya West 479/C
gn.ratupitiyawest511c,Ratupitiya West 511/C
gn.ratupitiyawest664,Ratupitiya West 664
gn.ratupura,Ratupura
gn.ratupuraihala883,Ratupura Ihala 883
gn.ratupuranorth,Ratupura North
gn.ratupuranorth413,Ratupura North 413
gn.ratupurapahala,Ratupura Pahala
gn.ratupurapahala268a,Ratupura Pahala 268/A
gn.ratupurasouth707b,Ratupura South 707/B
gn.ratupurawest,Ratupura West
gn.ratupurawest319,Ratupura West 319
gn.ratupurawest352,Ratupura West 352
gn.ratupurawest658c,Ratupura West 658/C
gn.ratupurawest868,Ratupura West 868
gn.ratutota938a,Ratutota 938/A
gn.ratutotacentral,Ratutota Central
gn.ratutotaihala,Ratutota Ihala
gn.ratutotaihala734,Ratutota Ihala 734
gn.ratutotanorth295,Ratutota North 295
gn.ratutotapahala119b,Ratutota Pahala 119/B
gn.ratutotasouth,Ratutota South
gn.ratutotasouth39c,Ratutota South 39/C
gn.ratutotasouth567c,Ratutota South 567/C
gn.ratutotawest,Ratutota West
gn.ratutotawest850c,Ratutota West 850/C
gn.ratuwattacentral472,Ratuwatta Central 472
gn.ratuwattacentral536b,Ratuwatta Central 536/B
gn.ratuwattapahala22c,Ratuwatta Pahala 22/C
gn.ratuwattapahala259,Ratuwatta Pahala 259
gn.ratuwattasouth,Ratuwatta South
gn.ratuwattawest,Ratuwatta West
gn.ratuwattawest353b,Ratuwatta West 353/B
gn.ratuwattawest698,Ratuwatta West 698
gn.ratuwattawest844a,Ratuwatta West 844/A
gn.ratuwattawest849c,Ratuwatta West 849/C
gn.ratuwattawest958a,Ratuwatta West 958/A
gn.ratuwela111,Ratuwela 111
gn.ratuwela47c,Ratuwela 47/C
gn.ratuwelacentral499c,Ratuwela Central 499/C
gn.ratuwelaeast605b,Ratuwela East 605/B
gn.ratuwelaeast627b,Ratuwela East 627/B
gn.ratuwelaihala,Ratuwela Ihala
gn.ratuwelanorth,Ratuwela North
gn.ratuwelanorth623b,Ratuwela North 623/B
gn.ratuwelanorth835,Ratuwela North 835
gn.ratuwelanorth915a,Ratuwela North 915/A
gn.ratuwelanorth998,Ratuwela North 998
gn.ratuwelapahala848,Ratuwela Pahala 848
gn.ratuwelasouth96b,Ratuwela South 96/B
gn.ratuwelawest147c,Ratuwela West 147/C
gn.ridigama198,Ridigama 198
gn.ridigamacentral,Ridigama Central
gn.ridigamacentral87,Ridigama Central 87
gn.ridigamaeast,Ridigama East
gn.ridigamaeast5b,Ridigama East 5/B
gn.ridigamaihala597a,Ridigama Ihala 597/A
gn.ridigamaihala733a,Ridigama Ihala 733/A
gn.ridigamanorth,Ridigama North
gn.ridigamanorth565b,Ridigama North 565/B
gn.ridigamapahala,Ridigama Pahala
gn.ridigamapahala869,Ridigama Pahala 869
gn.ridigamasouth633c,Ridigama South 633/C
gn.ridigamawest847c,Ridigama West 847/C
gn.ridimaliyadda863c,Ridimaliyadda 863/C
gn.ridimaliyaddacentral998c,Ridimaliyadda Central 998/C
gn.ridimaliyaddaeast139b,Ridimaliyadda East 139/B
gn.ridimaliyaddaeast144c,Ridimaliyadda East 144/C
gn.ridimaliyaddaeast307,Ridimaliyadda East 307
gn.ridimaliyaddaeast831,Ridimaliyadda East 831
gn.ridimaliyaddaeast859c,Ridimaliyadda East 859/C
gn.ridimaliyaddaihala,Ridimaliyadda Ihala
gn.ridimaliyaddaihala344a,Ridimaliyadda Ihala 344/A
gn.ridimaliyaddaihala739,Ridimaliyadda Ihala 739
gn.ridimaliyaddanorth765,Ridimaliyadda North 765
gn.ridimaliyaddapahala,Ridimaliyadda Pahala
gn.ridimaliyaddapahala409,Ridimaliyadda Pahala 409
gn.ridimaliyaddapahala989c,Ridimaliyadda Pahala 989/C
gn.ridimaliyaddasouth,Ridimaliyadda South
gn.ridimaliyaddawest,Ridimaliyadda West
gn.ridimaliyaddawest225b,Ridimaliyadda West 225/B
gn.ridimaliyaddawest370c,Ridimaliyadda West 370/C
gn.rukdeniya414,Rukdeniya 414
gn.rukdeniyaeast219c,Rukdeniya East 219/C
gn.rukdeniyanorth871b,Rukdeniya North 871/B
gn.rukdeniyapahala,Rukdeniya Pahala
gn.rukdeniyapahala472b,Rukdeniya Pahala 472/B
gn.rukdeniyapahala494a,Rukdeniya Pahala 494/A
gn.rukdeniyapahala613a,Rukdeniya Pahala 613/A
gn.rukdeniyapahala910a,Rukdeniya Pahala 910/A
gn.rukdeniyasouth,Rukdeniya South
gn.rukdeniyasouth395a,Rukdeniya South 395/A
gn.rukdeniyasouth733b,Rukdeniya South 733/B
gn.rukgala755b,Rukgala 755/B
gn.rukgala827c,Rukgala 827/C
gn.rukgalacentral224b,Rukgala Central 224/B
gn.rukgalacentral287,Rukgala Central 287
gn.rukgalaeast,Rukgala East
gn.rukgalaeast857c,Rukgala East 857/C
gn.rukgalaihala330,Rukgala Ihala 330
gn.rukgalanorth142c,Rukgala North 142/C
gn.rukgalapahala625a,Rukgala Pahala 625/A
gn.rukgalasouth,Rukgala South
gn.rukgalasouth610b,Rukgala South 610/B
gn.rukgalasouth675a,Rukgala South 675/A
gn.rukgalawest,Rukgala West
gn.rukgalawest397c,Rukgala West 397/C
gn.rukgamacentral,Rukgama Central
gn.rukgamacentral188,Rukgama Central 188
gn.rukgamacentral501a,Rukgama Central 501/A
gn.rukgamacentral535b,Rukgama Central 535/B
gn.rukgamaeast,Rukgama East
gn.rukgamaeast929,Rukgama East 929
gn.rukgamanorth467,Rukgama North 467
gn.rukgamapahala,Rukgama Pahala
gn.rukgamawest178b,Rukgama West 178/B
gn.rukgamawest272c,Rukgama West 272/C
gn.rukgamawest491a,Rukgama West 491/A
gn.rukgamuwa,Rukgamuwa
gn.rukgamuwa517a,Rukgamuwa 517/A
gn.rukgamuwacentral781,Rukgamuwa Central 781
gn.rukgamuwacentral888b,Rukgamuwa Central 888/B
gn.rukgamuwaeast451c,Rukgamuwa East 451/C
gn.rukgamuwaeast606b,Rukgamuwa East 606/B
gn.rukgamuwaeast67b,Rukgamuwa East 67/B
gn.rukgamuwaihala,Rukgamuwa Ihala
gn.rukgamuwaihala210a,Rukgamuwa Ihala 210/A
gn.rukgamuwaihala526a,Rukgamuwa Ihala 526/A
gn.rukgamuwaihala544c,Rukgamuwa Ihala 544/C
gn.rukgamuwaihala686,Rukgamuwa Ihala 686
gn.rukgamuwapahala221,Rukgamuwa Pahala 221
gn.rukgamuwapahala515,Rukgamuwa Pahala 515
gn.rukgamuwapahala910c,Rukgamuwa Pahala 910/C
gn.rukgamuwasouth,Rukgamuwa South
gn.rukgamuwasouth205,Rukgamuwa South 205
gn.rukgamuwasouth46a,Rukgamuwa South 46/A
gn.rukgamuwasouth924,Rukgamuwa South 924
gn.rukgamuwawest120,Rukgamuwa West 120
gn.rukgamuwawest134b,Rukgamuwa West 134/B
gn.rukgamuwawest322c,Rukgamuwa West 322/C
gn.rukgamuwawest413c,Rukgamuwa West 413/C
gn.rukgedaracentral,Rukgedara Central
gn.rukgedaraeast536b,Rukgedara East 536/B
gn.rukgedaraihala,Rukgedara Ihala
gn.rukgedaranorth,Rukgedara North
gn.rukgedaranorth209b,Rukgedara North 209/B
gn.rukgedarapahala,Rukgedara Pahala
gn.rukgedarasouth681b,Rukgedara South 681/B
gn.rukgedarasouth738c,Rukgedara South 738/C
gn.rukgedarasouth854a,Rukgedara South 854/A
gn.rukgedarawest,Rukgedara West
gn.rukgedarawest176c,Rukgedara West 176/C
gn.rukgedarawest581,Rukgedara West 581
gn.rukgoda,Rukgoda
gn.rukgoda460a,Rukgoda 460/A
gn.rukgodacentral,Rukgoda Central
gn.rukgodaihala,Rukgoda Ihala
gn.rukgodaihala825a,Rukgoda Ihala 825/A
gn.rukgodanorth254c,Rukgoda North 254/C
gn.rukgodanorth882c,Rukgoda North 882/C
gn.rukgodanorth924c,Rukgoda North 924/C
gn.rukgodapahala,Rukgoda Pahala
gn.rukgodapahala941c,Rukgoda Pahala 941/C
gn.rukgodasouth142c,Rukgoda South 142/C
gn.rukgodasouth663,Rukgoda South 663
gn.rukgodawest678a,Rukgoda West 678/A
gn.rukgodawest974b,Rukgoda West 974/B
gn.rukgodawest982b,Rukgoda West 982/B
gn.rukhena279a,Rukhena 279/A
gn.rukhena60b,Rukhena 60/B
gn.rukhenacentral826,Rukhena Central 826
gn.rukhenacentral835b,Rukhena Central 835/B
gn.rukhenaeast103c,Rukhena East 103/C
gn.rukhenaihala930,Rukhena Ihala 930
gn.rukhenanorth169,Rukhena North 169
gn.rukhenanorth9,Rukhena North 9
gn.rukhenapahala,Rukhena Pahala
gn.rukhenapahala248b,Rukhena Pahala 248/B
gn.rukhenawest425b,Rukhena West 425/B
gn.rukhenawest897c,Rukhena West 897/C
gn.rukkaduwa,Rukkaduwa
gn.rukkaduwa265,Rukkaduwa 265
gn.rukkaduwacentral,Rukkaduwa Central
gn.rukkaduwacentral987,Rukkaduwa Central 987
gn.rukkaduwaeast744a,Rukkaduwa East 744/A
gn.rukkaduwaeast923b,Rukkaduwa East 923/B
gn.rukkaduwaihala,Rukkaduwa Ihala
gn.rukkaduwaihala185c,Rukkaduwa Ihala 185/C
gn.rukkaduwaihala28b,Rukkaduwa Ihala 28/B
gn.rukkaduwanorth,Rukkaduwa North
gn.rukkaduwanorth647a,Rukkaduwa North 647/A
gn.rukkaduwanorth652c,Rukkaduwa North 652/C
gn.rukkaduwapahala,Rukkaduwa Pahala
gn.rukkaduwapahala590,Rukkaduwa Pahala 590
gn.rukkaduwapahala944a,Rukkaduwa Pahala 944/A
gn.rukkandacentral,Rukkanda Central
gn.rukkandacentral186a,Rukkanda Central 186/A
gn.rukkandacentral249,Rukkanda Central 249
gn.rukkandacentral769a,Rukkanda Central 769/A
gn.rukkandaeast,Rukkanda East
gn.rukkandaeast83a,Rukkanda East 83/A
gn.rukkandaeast989a,Rukkanda East 989/A
gn.rukkandaihala862a,Rukkanda Ihala 862/A
gn.rukkandapahala,Rukkanda Pahala
gn.rukkandapahala386a,Rukkanda Pahala 386/A
gn.rukkandapahala592c,Rukkanda Pahala 592/C
gn.rukkandapahala880a,Rukkanda Pahala 880/A
gn.rukkandapahala989b,Rukkanda Pahala 989/B
gn.rukkandasouth331,Rukkanda South 331
gn.rukkandasouth747b,Rukkanda South 747/B
gn.rukkandawest,Rukkanda West
gn.rukkandawest311c,Rukkanda West 311/C
gn.rukkandawest486c,Rukkanda West 486/C
gn.rukkumbura12c,Rukkumbura 12/C
gn.rukkumbura131,Rukkumbura 131
gn.rukkumbura366c,Rukkumbura 366/C
gn.rukkumburaeast48a,Rukkumbura East 48/A
gn.rukkumburaeast528a,Rukkumbura East 528/A
gn.rukkumburaeast936b,Rukkumbura East 936/B
gn.rukkumburaihala118,Rukkumbura Ihala 118
gn.rukkumburaihala708,Rukkumbura Ihala 708
gn.rukkumburanorth,Rukkumbura North
gn.rukkumburanorth119,Rukkumbura North 119
gn.rukkumburanorth245b,Rukkumbura North 245/B
gn.rukkumburapahala,Rukkumbura Pahala
gn.rukkumburasouth,Rukkumbura South
gn.rukkumburasouth249c,Rukkumbura South 249/C
gn.rukkumburasouth720,Rukkumbura South 720
gn.rukkumburasouth727,Rukkumbura South 727
gn.rukkumburawest996c,Rukkumbura West 996/C
gn.rukmulla,Rukmulla
gn.rukmullacentral,Rukmulla Central
gn.rukmullaihala,Rukmulla Ihala
gn.rukmullaihala79b,Rukmulla Ihala 79/B
gn.rukmullanorth116a,Rukmulla North 116/A
gn.rukmullanorth540c,Rukmulla North 540/C
gn.rukmullanorth980,Rukmulla North 980
gn.rukmullapahala,Rukmulla Pahala
gn.rukmullasouth,Rukmulla South
gn.rukmullasouth519,Rukmulla South 519
gn.rukmullawest301c,Rukmulla West 301/C
gn.rukmullawest335c,Rukmulla West 335/C
gn.rukmullawest623c,Rukmulla West 623/C
gn.rukoya47b,Rukoya 47/B
gn.rukoya929c,Rukoya 929/C
gn.rukoyacentral290b,Rukoya Central 290/B
gn.rukoyaeast891c,Rukoya East 891/C
gn.rukoyaihala,Rukoya Ihala
gn.rukoyanorth11,Rukoya North 11
gn.rukoyasouth447a,Rukoya South 447/A
gn.rukoyasouth967b,Rukoya South 967/B
gn.rukoyawest,Rukoya West
gn.rukpitiya728a,Rukpitiya 728/A
gn.rukpitiyacentral949,Rukpitiya Central 949
gn.rukpitiyaeast185a,Rukpitiya East 185/A
gn.rukpitiyaeast280a,Rukpitiya East 280/A
gn.rukpitiyaeast309b,Rukpitiya East 309/B
gn.rukpitiyaeast31c,Rukpitiya East 31/C
gn.rukpitiyaihala,Rukpitiya Ihala
gn.rukpitiyanorth,Rukpitiya North
gn.rukpitiyanorth429b,Rukpitiya North 429/B
gn.rukpitiyanorth630,Rukpitiya North 630
gn.rukpitiyanorth635a,Rukpitiya North 635/A
gn.rukpitiyapahala,Rukpitiya Pahala
gn.rukpitiyapahala266a,Rukpitiya Pahala 266/A
gn.rukpitiyapahala948c,Rukpitiya Pahala 948/C
gn.rukpitiyasouth303a,Rukpitiya South 303/A
gn.rukpitiyasouth329,Rukpitiya South 329
gn.rukpitiyasouth385b,Rukpitiya South 385/B
gn.rukpitiyawest,Rukpitiya West
gn.rukpitiyawest182,Rukpitiya West 182
gn.rukpitiyawest344,Rukpitiya West 344
gn.rukpitiyawest638b,Rukpitiya West 638/B
gn.rukpura138b,Rukpura 138/B
gn.rukpura238,Rukpura 238
gn.rukpura520b,Rukpura 520/B
gn.rukpuracentral,Rukpura Central
gn.rukpuraeast,Rukpura East
gn.rukpuraeast517c,Rukpura East 517/C
gn.rukpuraihala,Rukpura Ihala
gn.rukpuraihala389c,Rukpura Ihala 389/C
gn.rukpuraihala663b,Rukpura Ihala 663/B
gn.rukpurapahala,Rukpura Pahala
gn.rukpurasouth116,Rukpura South 116
gn.rukpurasouth223a,Rukpura South 223/A
gn.rukpurasouth382a,Rukpura South 382/A
gn.rukpurasouth567b,Rukpura South 567/B
gn.rukpurawest707a,Rukpura West 707/A
gn.ruktota557c,Ruktota 557/C
gn.ruktota750a,Ruktota 750/A
gn.ruktotacentral274b,Ruktota Central 274/B
gn.ruktotacentral514b,Ruktota Central 514/B
gn.ruktotacentral892,Ruktota Central 892
gn.ruktotaeast408,Ruktota East 408
gn.ruktotaihala,Ruktota Ihala
gn.ruktotanorth,Ruktota North
gn.ruktotanorth259,Ruktota North 259
gn.ruktotanorth508a,Ruktota North 508/A
gn.ruktotanorth725b,Ruktota North 725/B
gn.ruktotanorth870c,Ruktota North 870/C
gn.ruktotapahala,Ruktota Pahala
gn.ruktotapahala114,Ruktota Pahala 114
gn.ruktotapahala842,Ruktota Pahala 842
gn.ruktotasouth,Ruktota South
gn.ruktotasouth416,Ruktota South 416
gn.ruktotasouth595a,Ruktota South 595/A
gn.ruktotawest19,Ruktota West 19
gn.rukwatta841,Rukwatta 841
gn.rukwattacentral,Rukwatta Central
gn.rukwattacentral523c,Rukwatta Central 523/C
gn.rukwattacentral949,Rukwatta Central 949
gn.rukwattacentral958c,Rukwatta Central 958/C
gn.rukwattanorth,Rukwatta North
gn.rukwattanorth426,Rukwatta North 426
gn.rukwattapahala373c,Rukwatta Pahala 373/C
gn.rukwattapahala59c,Rukwatta Pahala 59/C
gn.rukwattasouth,Rukwatta South
gn.rukwela214c,Rukwela 214/C
gn.rukwela22b,Rukwela 22/B
gn.rukwela532c,Rukwela 532/C
gn.rukwelacentral,Rukwela Central
gn.rukwelacentral767,Rukwela Central 767
gn.rukwelaeast616b,Rukwela East 616/B
gn.rukwelaeast673,Rukwela East 673
gn.rukwelaeast877a,Rukwela East 877/A
gn.rukwelaihala174a,Rukwela Ihala 174/A
gn.rukwelaihala436a,Rukwela Ihala 436/A
gn.rukwelanorth388b,Rukwela North 388/B
gn.rukwelapahala,Rukwela Pahala
gn.rukwelasouth,Rukwela South
gn.rukwelawest,Rukwela West
gn.rukwelawest127,Rukwela West 127
gn.ruwanwella,Ruwanwella
gn.ruwanwellacentral,Ruwanwella Central
gn.ruwanwellacentral329,Ruwanwella Central 329
gn.ruwanwellacentral85,Ruwanwella Central 85
gn.ruwanwellaeast,Ruwanwella East
gn.ruwanwellaeast555a,Ruwanwella East 555/A
gn.ruwanwellaeast560a,Ruwanwella East 560/A
gn.ruwanwellaeast732c,Ruwanwella East 732/C
gn.ruwanwellaeast769c,Ruwanwella East 769/C
gn.ruwanwellaeast843,Ruwanwella East 843
gn.ruwanwellaihala300c,Ruwanwella Ihala 300/C
gn.ruwanwellanorth,Ruwanwella North
gn.ruwanwellanorth605c,Ruwanwella North 605/C
gn.ruwanwellapahala,Ruwanwella Pahala
gn.ruwanwellapahala384a,Ruwanwella Pahala 384/A
gn.ruwanwellasouth,Ruwanwella South
gn.ruwanwellawest,Ruwanwella West
gn.ruwanwellawest17c,Ruwanwella West 17/C
gn.ruwanwellawest896b,Ruwanwella West 896/B
gn.sainthamaruthu575c,Sainthamaruthu 575/C
gn.sainthamaruthu578,Sainthamaruthu 578
gn.sainthamaruthucentral815a,Sainthamaruthu Central 815/A
gn.sainthamaruthueast306b,Sainthamaruthu East 306/B
gn.sainthamaruthuihala140b,Sainthamaruthu Ihala 140/B
gn.sainthamaruthunorth,Sainthamaruthu North
gn.sainthamaruthunorth447,Sainthamaruthu North 447
gn.sainthamaruthupahala503c,Sainthamaruthu Pahala 503/C
gn.sainthamaruthupahala696a,Sainthamaruthu Pahala 696/A
gn.sainthamaruthusouth,Sainthamaruthu South
gn.sainthamaruthusouth536c,Sainthamaruthu South 536/C
gn.sainthamaruthuwest,Sainthamaruthu West
gn.sainthamaruthuwest251c,Sainthamaruthu West 251/C
gn.sainthamaruthuwest54a,Sainthamaruthu West 54/A
gn.sainthamaruthuwest851c,Sainthamaruthu West 851/C
gn.sainthamaruthuwest907a,Sainthamaruthu West 907/A
gn.samanthurai,Samanthurai
gn.samanthurai760b,Samanthurai 760/B
gn.samanthuraicentral,Samanthurai Central
gn.samanthuraicentral207,Samanthurai Central 207
gn.samanthuraieast,Samanthurai East
gn.samanthuraieast458c,Samanthurai East 458/C
gn.samanthuraiihala,Samanthurai Ihala
gn.samanthurainorth446,Samanthurai North 446
gn.samanthuraisouth145c,Samanthurai South 145/C
gn.samanthuraisouth434a,Samanthurai South 434/A
gn.samanthuraiwest,Samanthurai West
gn.samanthuraiwest214c,Samanthurai West 214/C
gn.sandilipay627c,Sandilipay 627/C
gn.sandilipaycentral,Sandilipay Central
gn.sandilipaycentral161a,Sandilipay Central 161/A
gn.sandilipaycentral329a,Sandilipay Central 329/A
gn.sandilipayeast948,Sandilipay East 948
gn.sandilipayihala,Sandilipay Ihala
gn.sandilipayihala267b,Sandilipay Ihala 267/B
gn.sandilipayihala378a,Sandilipay Ihala 378/A
gn.sandilipaynorth223a,Sandilipay North 223/A
gn.sandilipaynorth520a,Sandilipay North 520/A
gn.sandilipaynorth529a,Sandilipay North 529/A
gn.sandilipaynorth923,Sandilipay North 923
gn.sandilipaypahala,Sandilipay Pahala
gn.sandilipaysouth,Sandilipay South
gn.sandilipaysouth948c,Sandilipay South 948/C
gn.sandilipaywest,Sandilipay West
gn.sandilipaywest530c,Sandilipay West 530/C
gn.sandilipaywest699b,Sandilipay West 699/B
gn.seethawaka,Seethawaka
gn.seethawaka114a,Seethawaka 114/A
gn.seethawaka826a,Seethawaka 826/A
gn.seethawakacentral,Seethawaka Central
gn.seethawakacentral122a,Seethawaka Central 122/A
gn.seethawakaeast520a,Seethawaka East 520/A
gn.seethawakaeast954b,Seethawaka East 954/B
gn.seethawakaihala705a,Seethawaka Ihala 705/A
gn.seethawakanorth252a,Seethawaka North 252/A
gn.seethawakapahala,Seethawaka Pahala
gn.seethawakapahala410b,Seethawaka Pahala 410/B
gn.seethawakapahala433b,Seethawaka Pahala 433/B
gn.seruvila,Seruvila
gn.seruvila103b,Seruvila 103/B
gn.seruvila345,Seruvila 345
gn.seruvilacentral,Seruvila Central
gn.seruvilacentral557,Seruvila Central 557
gn.seruvilaeast,Seruvila East
gn.seruvilaeast205b,Seruvila East 205/B
gn.seruvilaeast432a,Seruvila East 432/A
gn.seruvilaeast517,Seruvila East 517
gn.seruvilaeast532a,Seruvila East 532/A
gn.seruvilaihala,Seruvila Ihala
gn.seruvilaihala116a,Seruvila Ihala 116/A
gn.seruvilaihala193b,Seruvila Ihala 193/B
gn.seruvilaihala581a,Seruvila Ihala 581/A
gn.seruvilaihala703b,Seruvila Ihala 703/B
gn.seruvilanorth,Seruvila North
gn.seruvilanorth299a,Seruvila North 299/A
gn.seruvilapahala,Seruvila Pahala
gn.seruvilapahala796b,Seruvila Pahala 796/B
gn.seruvilasouth210b,Seruvila South 210/B
gn.seruvilawest102b,Seruvila West 102/B
gn.seruvilawest772,Seruvila West 772
gn.sewanagala152b,Sewanagala 152/B
gn.sewanagala200c,Sewanagala 200/C
gn.sewanagala773,Sewanagala 773
gn.sewanagalacentral,Sewanagala Central
gn.sewanagalaeast,Sewanagala East
gn.sewanagalaeast34,Sewanagala East 34
gn.sewanagalaeast881c,Sewanagala East 881/C
gn.sewanagalaihala,Sewanagala Ihala
gn.sewanagalanorth154c,Sewanagala North 154/C
gn.sewanagalanorth182b,Sewanagala North 182/B
gn.sewanagalanorth193,Sewanagala North 193
gn.sewanagalanorth800a,Sewanagala North 800/A
gn.sewanagalapahala,Sewanagala Pahala
gn.sewanagalapahala757,Sewanagala Pahala 757
gn.sewanagalasouth,Sewanagala South
gn.sewanagalasouth312,Sewanagala South 312
gn.sewanagalasouth357c,Sewanagala South 357/C
gn.sewanagalasouth889a,Sewanagala South 889/A
gn.siyambalanduwa475,Siyambalanduwa 475
gn.siyambalanduwa710b,Siyambalanduwa 710/B
gn.siyambalanduwa841,Siyambalanduwa 841
gn.siyambalanduwaeast711c,Siyambalanduwa East 711/C
gn.siyambalanduwaihala,Siyambalanduwa Ihala
gn.siyambalanduwaihala177,Siyambalanduwa Ihala 177
gn.siyambalanduwaihala578b,Siyambalanduwa Ihala 578/B
gn.siyambalanduwaihala663a,Siyambalanduwa Ihala 663/A
gn.siyambalanduwaihala967c,Siyambalanduwa Ihala 967/C
gn.siyambalanduwanorth,Siyambalanduwa North
gn.siyambalanduwanorth585a,Siyambalanduwa North 585/A
gn.siyambalanduwapahala113b,Siyambalanduwa Pahala 113/B
gn.siyambalanduwapahala633c,Siyambalanduwa Pahala 633/C
gn.siyambalanduwasouth,Siyambalanduwa South
gn.siyambalanduwawest336a,Siyambalanduwa West 336/A
gn.soranathota,Soranathota
gn.soranathota21,Soranathota 21
gn.soranathotacentral329,Soranathota Central 329
gn.soranathotacentral777a,Soranathota Central 777/A
gn.soranathotacentral830b,Soranathota Central 830/B
gn.soranathotaeast620,Soranathota East 620
gn.soranathotaeast765a,Soranathota East 765/A
gn.soranathotaihala202a,Soranathota Ihala 202/A
gn.soranathotaihala286,Soranathota Ihala 286
gn.soranathotaihala701,Soranathota Ihala 701
gn.soranathotaihala715c,Soranathota Ihala 715/C
gn.soranathotanorth,Soranathota North
gn.soranathotanorth13,Soranathota North 13
gn.soranathotanorth17,Soranathota North 17
gn.soranathotapahala,Soranathota Pahala
gn.soranathotapahala261a,Soranathota Pahala 261/A
gn.soranathotapahala684a,Soranathota Pahala 684/A
gn.soranathotapahala713a,Soranathota Pahala 713/A
gn.soranathotasouth,Soranathota South
gn.soranathotawest,Soranathota West
gn.soranathotawest505b,Soranathota West 505/B
gn.soranathotawest995,Soranathota West 995
gn.sududeniya68c,Sududeniya 68/C
gn.sududeniyacentral267b,Sududeniya Central 267/B
gn.sududeniyaeast,Sududeniya East
gn.sududeniyaeast63,Sududeniya East 63
gn.sududeniyaihala257,Sududeniya Ihala 257
gn.sududeniyaihala676,Sududeniya Ihala 676
gn.sududeniyaihala90b,Sududeniya Ihala 90/B
gn.sududeniyanorth,Sududeniya North
gn.sududeniyapahala,Sududeniya Pahala
gn.sududeniyapahala293c,Sududeniya Pahala 293/C
gn.sududeniyapahala445c,Sududeniya Pahala 445/C
gn.sududeniyapahala468a,Sududeniya Pahala 468/A
gn.sududeniyasouth,Sududeniya South
gn.sududeniyawest,Sududeniya West
gn.sudugala174b,Sudugala 174/B
gn.sudugala707c,Sudugala 707/C
gn.sudugala752,Sudugala 752
gn.sudugalacentral,Sudugala Central
gn.sudugalacentral380b,Sudugala Central 380/B
gn.sudugalacentral991,Sudugala Central 991
gn.sudugalaeast375c,Sudugala East 375/C
gn.sudugalaeast765a,Sudugala East 765/A
gn.sudugalaihala,Sudugala Ihala
gn.sudugalapahala,Sudugala Pahala
gn.sudugalapahala13a,Sudugala Pahala 13/A
gn.sudugalasouth358b,Sudugala South 358/B
gn.sudugalasouth462a,Sudugala South 462/A
gn.sudugalasouth734a,Sudugala South 734/A
gn.sudugalawest670b,Sudugala West 670/B
gn.sudugalawest763a,Sudugala West 763/A
gn.sudugalawest793c,Sudugala West 793/C
gn.sudugama,Sudugama
gn.sudugama360,Sudugama 360
gn.sudugama803c,Sudugama 803/C
gn.sudugamaeast474b,Sudugama East 474/B
gn.sudugamaihala,Sudugama Ihala
gn.sudugamaihala751a,Sudugama Ihala 751/A
gn.sudugamanorth,Sudugama North
gn.sudugamanorth573b,Sudugama North 573/B
gn.sudugamasouth541,Sudugama South 541
gn.sudugamasouth872a,Sudugama South 872/A
gn.sudugamasouth933a,Sudugama South 933/A
gn.sudugamawest889,Sudugama West 889
gn.sudugamuwa233c,Sudugamuwa 233/C
gn.sudugamuwacentral,Sudugamuwa Central
gn.sudugamuwacentral189,Sudugamuwa Central 189
gn.sudugamuwacentral467c,Sudugamuwa Central 467/C
gn.sudugamuwacentral661,Sudugamuwa Central 661
gn.sudugamuwaeast293a,Sudugamuwa East 293/A
gn.sudugamuwaeast964b,Sudugamuwa East 964/B
gn.sudugamuwaihala195c,Sudugamuwa Ihala 195/C
gn.sudugamuwaihala247a,Sudugamuwa Ihala 247/A
gn.sudugamuwaihala789a,Sudugamuwa Ihala 789/A
gn.sudugamuwanorth,Sudugamuwa North
gn.sudugamuwanorth823c,Sudugamuwa North 823/C
gn.sudugamuwapahala111a,Sudugamuwa Pahala 111/A
gn.sudugamuwapahala146,Sudugamuwa Pahala 146
gn.sudugamuwapahala194,Sudugamuwa Pahala 194
gn.sudugamuwapahala373b,Sudugamuwa Pahala 373/B
gn.sudugamuwasouth,Sudugamuwa South
gn.sudugamuwasouth168a,Sudugamuwa South 168/A
gn.sudugamuwasouth550b,Sudugamuwa South 550/B
gn.sudugamuwawest439b,Sudugamuwa West 439/B
gn.sudugedaracentral381c,Sudugedara Central 381/C
gn.sudugedaracentral499,Sudugedara Central 499
gn.sudugedaracentral600a,Sudugedara Central 600/A
gn.sudugedaracentral752,Sudugedara Central 752
gn.sudugedaraeast596c,Sudugedara East 596/C
gn.sudugedaraeast997b,Sudugedara East 997/B
gn.sudugedaraihala156b,Sudugedara Ihala 156/B
gn.sudugedaranorth,Sudugedara North
gn.sudugedaranorth49a,Sudugedara North 49/A
gn.sudugedaranorth892c,Sudugedara North 892/C
gn.sudugedarapahala199a,Sudugedara Pahala 199/A
gn.sudugedarapahala60c,Sudugedara Pahala 60/C
gn.sudugedarapahala629,Sudugedara Pahala 629
gn.sudugedarasouth49b,Sudugedara South 49/B
gn.sudugedarawest,Sudugedara West
gn.sudugoda741c,Sudugoda 741/C
gn.sudugodacentral,Sudugoda Central
gn.sudugodacentral500c,Sudugoda Central 500/C
gn.sudugodacentral740,Sudugoda Central 740
gn.sudugodaeast,Sudugoda East
gn.sudugodaeast301a,Sudugoda East 301/A
gn.sudugodaeast507,Sudugoda East 507
gn.sudugodanorth773,Sudugoda North 773
gn.sudugodapahala916,Sudugoda Pahala 916
gn.sudugodasouth215c,Sudugoda South 215/C
gn.sudugodasouth443a,Sudugoda South 443/A
gn.sudugodasouth795c,Sudugoda South 795/C
gn.sudugodasouth912c,Sudugoda South 912/C
gn.sudugodawest,Sudugoda West
gn.sudugodawest514b,Sudugoda West 514/B
gn.sudugodawest616c,Sudugoda West 616/C
gn.suduhena420,Suduhena 420
gn.suduhenacentral,Suduhena Central
gn.suduhenacentral142c,Suduhena Central 142/C
gn.suduhenacentral200b,Suduhena Central 200/B
gn.suduhenacentral761,Suduhena Central 761
gn.suduhenaeast574c,Suduhena East 574/C
gn.suduhenaeast750a,Suduhena East 750/A
gn.suduhenaihala,Suduhena Ihala
gn.suduhenaihala677,Suduhena Ihala 677
gn.suduhenanorth,Suduhena North
gn.suduhenanorth493a,Suduhena North 493/A
gn.suduhenapahala57b,Suduhena Pahala 57/B
gn.suduhenapahala995a,Suduhena Pahala 995/A
gn.suduhenasouth275b,Suduhena South 275/B
gn.suduhenasouth736a,Suduhena South 736/A
gn.suduhenawest,Suduhena West
gn.suduhenawest63b,Suduhena West 63/B
gn.suduhenawest750c,Suduhena West 750/C
gn.suduhenawest914b,Suduhena West 914/B
gn.sudukaduwa,Sudukaduwa
gn.sudukaduwa175c,Sudukaduwa 175/C
gn.sudukaduwaihala,Sudukaduwa Ihala
gn.sudukaduwaihala33c,Sudukaduwa Ihala 33/C
gn.sudukaduwanorth,Sudukaduwa North
gn.sudukaduwanorth430,Sudukaduwa North 430
gn.sudukaduwanorth577,Sudukaduwa North 577
gn.sudukaduwanorth653c,Sudukaduwa North 653/C
gn.sudukaduwapahala,Sudukaduwa Pahala
gn.sudukaduwapahala219b,Sudukaduwa Pahala 219/B
gn.sudukaduwapahala4b,Sudukaduwa Pahala 4/B
gn.sudukaduwapahala751,Sudukaduwa Pahala 751
gn.sudukaduwasouth,Sudukaduwa South
gn.sudukaduwawest,Sudukaduwa West
gn.sudukaduwawest708b,Sudukaduwa West 708/B
gn.sudukaduwawest807a,Sudukaduwa West 807/A
gn.sudukanda64c,Sudukanda 64/C
gn.sudukandacentral,Sudukanda Central
gn.sudukandacentral19c,Sudukanda Central 19/C
gn.sudukandacentral27c,Sudukanda Central 27/C
gn.sudukandacentral368b,Sudukanda Central 368/B
gn.sudukandaihala287a,Sudukanda Ihala 287/A
gn.sudukandaihala374b,Sudukanda Ihala 374/B
gn.sudukandaihala593b,Sudukanda Ihala 593/B
gn.sudukandanorth801c,Sudukanda North 801/C
gn.sudukandasouth,Sudukanda South
gn.sudukandasouth515,Sudukanda South 515
gn.sudukumbura590,Sudukumbura 590
gn.sudukumbura592b,Sudukumbura 592/B
gn.sudukumburacentral,Sudukumbura Central
gn.sudukumburaeast386b,Sudukumbura East 386/B
gn.sudukumburaihala675,Sudukumbura Ihala 675
gn.sudukumburaihala996b,Sudukumbura Ihala 996/B
gn.sudukumburanorth,Sudukumbura North
gn.sudukumburanorth891c,Sudukumbura North 891/C
gn.sudukumburapahala165b,Sudukumbura Pahala 165/B
gn.sudukumburapahala504c,Sudukumbura Pahala 504/C
gn.sudukumburapahala781,Sudukumbura Pahala 781
gn.sudukumburasouth,Sudukumbura South
gn.sudukumburawest339,Sudukumbura West 339
gn.sudumullacentral231c,Sudumulla Central 231/C
gn.sudumullaeast709,Sudumulla East 709
gn.sudumullapahala,Sudumulla Pahala
gn.sudumullasouth210b,Sudumulla South 210/B
gn.sudumullawest326,Sudumulla West 326
gn.sudumullawest597b,Sudumulla West 597/B
gn.suduoya,Suduoya
gn.suduoyacentral,Suduoya Central
gn.suduoyaeast946c,Suduoya East 946/C
gn.suduoyanorth758a,Suduoya North 758/A
gn.suduoyapahala211a,Suduoya Pahala 211/A
gn.suduoyasouth,Suduoya South
gn.suduoyawest,Suduoya West
gn.suduoyawest291b,Suduoya West 291/B
gn.suduoyawest892,Suduoya West 892
gn.sudupitiya,Sudupitiya
gn.sudupitiya953a,Sudupitiya 953/A
gn.sudupitiyaeast,Sudupitiya East
gn.sudupitiyaeast173b,Sudupitiya East 173/B
gn.sudupitiyaeast426c,Sudupitiya East 426/C
gn.sudupitiyaeast815,Sudupitiya East 815
gn.sudupitiyaihala80b,Sudupitiya Ihala 80/B
gn.sudupitiyanorth,Sudupitiya North
gn.sudupitiyanorth364a,Sudupitiya North 364/A
gn.sudupitiyanorth660b,Sudupitiya North 660/B
gn.sudupitiyapahala,Sudupitiya Pahala
gn.sudupitiyawest209,Sudupitiya West 209
gn.sudupura,Sudupura
gn.sudupuracentral,Sudupura Central
gn.sudupuracentral20b,Sudupura Central 20/B
gn.sudupuraeast,Sudupura East
gn.sudupuraeast173c,Sudupura East 173/C
gn.sudupuraeast228,Sudupura East 228
gn.sudupuraeast878b,Sudupura East 878/B
gn.sudupuraihala66a,Sudupura Ihala 66/A
gn.sudupuraihala9c,Sudupura Ihala 9/C
gn.sudupuranorth,Sudupura North
gn.sudupurapahala,Sudupura Pahala
gn.sudupurapahala165b,Sudupura Pahala 165/B
gn.sudupurapahala491a,Sudupura Pahala 491/A
gn.sudupurapahala562a,Sudupura Pahala 562/A
gn.sudupurapahala704a,Sudupura Pahala 704/A
gn.sudupurasouth224,Sudupura South 224
gn.sudupurasouth79c,Sudupura South 79/C
gn.sudupurasouth808b,Sudupura South 808/B
gn.sudupurawest826a,Sudupura West 826/A
gn.sudutotacentral457,Sudutota Central 457
gn.sudutotacentral941b,Sudutota Central 941/B
gn.sudutotaeast,Sudutota East
gn.sudutotaihala,Sudutota Ihala
gn.sudutotaihala820b,Sudutota Ihala 820/B
gn.sudutotapahala885a,Sudutota Pahala 885/A
gn.sudutotasouth641c,Sudutota South 641/C
gn.suduwatta408,Suduwatta 408
gn.suduwatta562b,Suduwatta 562/B
gn.suduwattacentral784a,Suduwatta Central 784/A
gn.suduwattaeast271b,Suduwatta East 271/B
gn.suduwattaeast284b,Suduwatta East 284/B
gn.suduwattaeast542b,Suduwatta East 542/B
gn.suduwattaihala,Suduwatta Ihala
gn.suduwattaihala143c,Suduwatta Ihala 143/C
gn.suduwattaihala644,Suduwatta Ihala 644
gn.suduwattanorth,Suduwatta North
gn.suduwattanorth382b,Suduwatta North 382/B
gn.suduwattapahala,Suduwatta Pahala
gn.suduwattapahala761a,Suduwatta Pahala 761/A
gn.suduwattasouth52b,Suduwatta South 52/B
gn.suduwattasouth7c,Suduwatta South 7/C
gn.suduwattasouth780b,Suduwatta South 780/B
gn.suduwattasouth862c,Suduwatta South 862/C
gn.suduwattawest507a,Suduwatta West 507/A
gn.suduwela120b,Suduwela 120/B
gn.suduwela906a,Suduwela 906/A
gn.suduwela928b,Suduwela 928/B
gn.suduwelacentral,Suduwela Central
gn.suduwelacentral290c,Suduwela Central 290/C
gn.suduwelaeast,Suduwela East
gn.suduwelaihala,Suduwela Ihala
gn.suduwelaihala383c,Suduwela Ihala 383/C
gn.suduwelaihala45b,Suduwela Ihala 45/B
gn.suduwelaihala698b,Suduwela Ihala 698/B
gn.suduwelapahala33c,Suduwela Pahala 33/C
gn.suduwelapahala834a,Suduwela Pahala 834/A
gn.suduwelasouth,Suduwela South
gn.suduwelasouth525c,Suduwela South 525/C
gn.suduwelasouth776c,Suduwela South 776/C
gn.suduwelawest,Suduwela West
gn.suduwelawest288c,Suduwela West 288/C
gn.suduwelawest486b,Suduwela West 486/B
gn.tangalle894c,Tangalle 894/C
gn.tangalle910a,Tangalle 910/A
gn.tangalleeast,Tangalle East
gn.tangalleeast110c,Tangalle East 110/C
gn.tangalleeast257c,Tangalle East 257/C
gn.tangalleeast662a,Tangalle East 662/A
gn.tangalleeast875c,Tangalle East 875/C
gn.tangalleihala,Tangalle Ihala
gn.tangalleihala12b,Tangalle Ihala 12/B
gn.tangalleihala851,Tangalle Ihala 851
gn.tangallenorth,Tangalle North
gn.tangallenorth319a,Tangalle North 319/A
gn.tangallepahala206a,Tangalle Pahala 206/A
gn.tangallepahala323,Tangalle Pahala 323
gn.tangallepahala500b,Tangalle Pahala 500/B
gn.tangallepahala551,Tangalle Pahala 551
gn.tangallepahala593b,Tangalle Pahala 593/B
gn.tangallepahala668b,Tangalle Pahala 668/B
gn.tangallesouth429b,Tangalle South 429/B
gn.tangallesouth443b,Tangalle South 443/B
gn.tangallewest,Tangalle West
gn.tangallewest700c,Tangalle West 700/C
gn.tangallewest847c,Tangalle West 847/C
gn.tangallewest851,Tangalle West 851
gn.tellippalai,Tellippalai
gn.tellippalai589a,Tellippalai 589/A
gn.tellippalai668b,Tellippalai 668/B
gn.tellippalai81a,Tellippalai 81/A
gn.tellippalai914c,Tellippalai 914/C
gn.tellippalaicentral155,Tellippalai Central 155
gn.tellippalaicentral17a,Tellippalai Central 17/A
gn.tellippalaieast,Tellippalai East
gn.tellippalaieast649a,Tellippalai East 649/A
gn.tellippalaieast803b,Tellippalai East 803/B
gn.tellippalaieast86a,Tellippalai East 86/A
gn.tellippalaiihala,Tellippalai Ihala
gn.tellippalaiihala266b,Tellippalai Ihala 266/B
gn.tellippalaiihala75a,Tellippalai Ihala 75/A
gn.tellippalaiihala851c,Tellippalai Ihala 851/C
gn.tellippalainorth,Tellippalai North
gn.tellippalainorth948b,Tellippalai North 948/B
gn.tellippalaipahala,Tellippalai Pahala
gn.tellippalaipahala582b,Tellippalai Pahala 582/B
gn.tellippalaipahala777a,Tellippalai Pahala 777/A
gn.tellippalaisouth,Tellippalai South
gn.tellippalaisouth642,Tellippalai South 642
gn.tellippalaisouth645b,Tellippalai South 645/B
gn.tellippalaiwest413c,Tellippalai West 413/C
gn.tellippalaiwest882b,Tellippalai West 882/B
gn.tellippalaiwest948b,Tellippalai West 948/B
gn.thaladeniya257c,Thaladeniya 257/C
gn.thaladeniya342b,Thaladeniya 342/B
gn.thaladeniya575c,Thaladeniya 575/C
gn.thaladeniya902c,Thaladeniya 902/C
gn.thaladeniyacentral510a,Thaladeniya Central 510/A
gn.thaladeniyaeast535b,Thaladeniya East 535/B
gn.thaladeniyaeast979c,Thaladeniya East 979/C
gn.thaladeniyaihala,Thaladeniya Ihala
gn.thaladeniyaihala670,Thaladeniya Ihala 670
gn.thaladeniyanorth,Thaladeniya North
gn.thaladeniyanorth43,Thaladeniya North 43
gn.thaladeniyapahala,Thaladeniya Pahala
gn.thaladeniyapahala319,Thaladeniya Pahala 319
gn.thaladeniyapahala742a,Thaladeniya Pahala 742/A
gn.thaladeniyasouth,Thaladeniya South
gn.thaladeniyasouth636c,Thaladeniya South 636/C
gn.thalagalacentral599,Thalagala Central 599
gn.thalagalaeast332a,Thalagala East 332/A
gn.thalagalaeast751,Thalagala East 751
gn.thalagalaihala488,Thalagala Ihala 488
gn.thalagalaihala523c,Thalagala Ihala 523/C
gn.thalagalaihala971c,Thalagala Ihala 971/C
gn.thalagalanorth,Thalagala North
gn.thalagalanorth778a,Thalagala North 778/A
gn.thalagalapahala61b,Thalagala Pahala 61/B
gn.thalagalasouth,Thalagala South
gn.thalagalasouth167a,Thalagala South 167/A
gn.thalagalasouth835a,Thalagala South 835/A
gn.thalagalawest,Thalagala West
gn.thalagalawest615,Thalagala West 615
gn.thalagalawest668c,Thalagala West 668/C
gn.thalagalawest848c,Thalagala West 848/C
gn.thalagalawest877,Thalagala West 877
gn.thalagama129a,Thalagama 129/A
gn.thalagama430a,Thalagama 430/A
gn.thalagama473,Thalagama 473
gn.thalagama706,Thalagama 706
gn.thalagamacentral827c,Thalagama Central 827/C
gn.thalagamaeast,Thalagama East
gn.thalagamaeast354c,Thalagama East 354/C
gn.thalagamaeast644c,Thalagama East 644/C
gn.thalagamaihala,Thalagama Ihala
gn.thalagamaihala837,Thalagama Ihala 837
gn.thalagamaihala908c,Thalagama Ihala 908/C
gn.thalagamanorth,Thalagama North
gn.thalagamawest496b,Thalagama West 496/B
gn.thalagamawest731,Thalagama West 731
gn.thalagamawest879b,Thalagama West 879/B
gn.thalagamawest88a,Thalagama West 88/A
gn.thalagamuwa291a,Thalagamuwa 291/A
gn.thalagamuwa545a,Thalagamuwa 545/A
gn.thalagamuwacentral232,Thalagamuwa Central 232
gn.thalagamuwacentral514c,Thalagamuwa Central 514/C
gn.thalagamuwacentral572,Thalagamuwa Central 572
gn.thalagamuwacentral868a,Thalagamuwa Central 868/A
gn.thalagamuwaeast107,Thalagamuwa East 107
gn.thalagamuwaihala,Thalagamuwa Ihala
gn.thalagamuwaihala29,Thalagamuwa Ihala 29
gn.thalagamuwaihala370c,Thalagamuwa Ihala 370/C
gn.thalagamuwaihala92a,Thalagamuwa Ihala 92/A
gn.thalagamuwaihala997b,Thalagamuwa Ihala 997/B
gn.thalagamuwanorth53c,Thalagamuwa North 53/C
gn.thalagamuwapahala,Thalagamuwa Pahala
gn.thalagamuwapahala98b,Thalagamuwa Pahala 98/B
gn.thalagamuwasouth144b,Thalagamuwa South 144/B
gn.thalagamuwasouth175c,Thalagamuwa South 175/C
gn.thalagamuwasouth240a,Thalagamuwa South 240/A
gn.thalagedaracentral265a,Thalagedara Central 265/A
gn.thalagedaracentral449,Thalagedara Central 449
gn.thalagedaracentral465a,Thalagedara Central 465/A
gn.thalagedaracentral870a,Thalagedara Central 870/A
gn.thalagedaraihala,Thalagedara Ihala
gn.thalagedaraihala424c,Thalagedara Ihala 424/C
gn.thalagedaraihala711b,Thalagedara Ihala 711/B
gn.thalagedaranorth204,Thalagedara North 204
gn.thalagedaranorth211b,Thalagedara North 211/B
gn.thalagedaranorth242a,Thalagedara North 242/A
gn.thalagedarapahala210a,Thalagedara Pahala 210/A
gn.thalagedarapahala565a,Thalagedara Pahala 565/A
gn.thalagedarasouth300b,Thalagedara South 300/B
gn.thalagedarawest716b,Thalagedara West 716/B
gn.thalagoda,Thalagoda
gn.thalagoda544b,Thalagoda 544/B
gn.thalagoda64a,Thalagoda 64/A
gn.thalagodacentral,Thalagoda Central
gn.thalagodaihala,Thalagoda Ihala
gn.thalagodanorth21a,Thalagoda North 21/A
gn.thalagodapahala,Thalagoda Pahala
gn.thalagodasouth,Thalagoda South
gn.thalagodasouth742b,Thalagoda South 742/B
gn.thalahena,Thalahena
gn.thalahena49a,Thalahena 49/A
gn.thalahenacentral,Thalahena Central
gn.thalahenacentral101c,Thalahena Central 101/C
gn.thalahenacentral344c,Thalahena Central 344/C
gn.thalahenacentral585c,Thalahena Central 585/C
gn.thalahenacentral981,Thalahena Central 981
gn.thalahenaeast498,Thalahena East 498
gn.thalahenaeast82b,Thalahena East 82/B
gn.thalahenaihala,Thalahena Ihala
gn.thalahenaihala493b,Thalahena Ihala 493/B
gn.thalahenaihala550b,Thalahena Ihala 550/B
gn.thalahenaihala794a,Thalahena Ihala 794/A
gn.thalahenanorth,Thalahena North
gn.thalahenanorth133a,Thalahena North 133/A
gn.thalahenanorth238b,Thalahena North 238/B
gn.thalahenanorth933a,Thalahena North 933/A
gn.thalahenapahala874c,Thalahena Pahala 874/C
gn.thalahenasouth341c,Thalahena South 341/C
gn.thalahenasouth725,Thalahena South 725
gn.thalahenasouth972c,Thalahena South 972/C
gn.thalahenawest142,Thalahena West 142
gn.thalahenawest834,Thalahena West 834
gn.thalakaduwacentral,Thalakaduwa Central
gn.thalakaduwacentral125,Thalakaduwa Central 125
gn.thalakaduwacentral880b,Thalakaduwa Central 880/B
gn.thalakaduwaeast,Thalakaduwa East
gn.thalakaduwaeast245,Thalakaduwa East 245
gn.thalakaduwaeast914,Thalakaduwa East 914
gn.thalakaduwaihala,Thalakaduwa Ihala
gn.thalakaduwaihala628c,Thalakaduwa Ihala 628/C
gn.thalakaduwaihala932,Thalakaduwa Ihala 932
gn.thalakaduwanorth689,Thalakaduwa North 689
gn.thalakaduwapahala931c,Thalakaduwa Pahala 931/C
gn.thalakaduwasouth812,Thalakaduwa South 812
gn.thalakanda,Thalakanda
gn.thalakanda375b,Thalakanda 375/B
gn.thalakanda542b,Thalakanda 542/B
gn.thalakandaeast,Thalakanda East
gn.thalakandaeast709a,Thalakanda East 709/A
gn.thalakandaihala,Thalakanda Ihala
gn.thalakandanorth270,Thalakanda North 270
gn.thalakandanorth320,Thalakanda North 320
gn.thalakandapahala,Thalakanda Pahala
gn.thalakandasouth,Thalakanda South
gn.thalakandasouth387a,Thalakanda South 387/A
gn.thalakandasouth61b,Thalakanda South 61/B
gn.thalakandasouth911,Thalakanda South 911
gn.thalakandawest,Thalakanda West
gn.thalakandawest424,Thalakanda West 424
gn.thalakandawest692,Thalakanda West 692
gn.thalakumbura,Thalakumbura
gn.thalakumbura134c,Thalakumbura 134/C
gn.thalakumbura476,Thalakumbura 476
gn.thalakumburacentral261a,Thalakumbura Central 261/A
gn.thalakumburacentral417a,Thalakumbura Central 417/A
gn.thalakumburaihala464,Thalakumbura Ihala 464
gn.thalakumburaihala519c,Thalakumbura Ihala 519/C
gn.thalakumburanorth406c,Thalakumbura North 406/C
gn.thalakumburanorth979,Thalakumbura North 979
gn.thalakumburapahala,Thalakumbura Pahala
gn.thalakumburapahala728b,Thalakumbura Pahala 728/B
gn.thalakumburasouth290b,Thalakumbura South 290/B
gn.thalakumburawest,Thalakumbura West
gn.thalakumburawest688b,Thalakumbura West 688/B
gn.thalamulla,Thalamulla
gn.thalamullacentral131,Thalamulla Central 131
gn.thalamullaeast82b,Thalamulla East 82/B
gn.thalamullaeast859b,Thalamulla East 859/B
gn.thalamullaihala92,Thalamulla Ihala 92
gn.thalamullanorth526a,Thalamulla North 526/A
gn.thalamullanorth593,Thalamulla North 593
gn.thalamullasouth719b,Thalamulla South 719/B
gn.thalamullawest,Thalamulla West
gn.thalamullawest610,Thalamulla West 610
gn.thalaoyaeast,Thalaoya East
gn.thalaoyaeast589,Thalaoya East 589
gn.thalaoyaeast66,Thalaoya East 66
gn.thalaoyaihala411b,Thalaoya Ihala 411/B
gn.thalaoyanorth,Thalaoya North
gn.thalaoyanorth582b,Thalaoya North 582/B
gn.thalaoyapahala190,Thalaoya Pahala 190
gn.thalaoyapahala449a,Thalaoya Pahala 449/A
gn.thalaoyasouth846a,Thalaoya South 846/A
gn.thalaoyawest,Thalaoya West
gn.thalapitiya,Thalapitiya
gn.thalapitiya237,Thalapitiya 237
gn.thalapitiya501b,Thalapitiya 501/B
gn.thalapitiya914b,Thalapitiya 914/B
gn.thalapitiyacentral,Thalapitiya Central
gn.thalapitiyaeast,Thalapitiya East
gn.thalapitiyaeast471a,Thalapitiya East 471/A
gn.thalapitiyaihala,Thalapitiya Ihala
gn.thalapitiyaihala427a,Thalapitiya Ihala 427/A
gn.thalapitiyanorth,Thalapitiya North
gn.thalapitiyanorth169,Thalapitiya North 169
gn.thalapitiyanorth431,Thalapitiya North 431
gn.thalapitiyanorth487a,Thalapitiya North 487/A
gn.thalapitiyapahala,Thalapitiya Pahala
gn.thalapitiyasouth121c,Thalapitiya South 121/C
gn.thalapitiyasouth665a,Thalapitiya South 665/A
gn.thalapitiyasouth668a,Thalapitiya South 668/A
gn.thalapitiyawest444b,Thalapitiya West 444/B
gn.thalapitiyawest448c,Thalapitiya West 448/C
gn.thalapitiyawest548b,Thalapitiya West 548/B
gn.thalapitiyawest858a,Thalapitiya West 858/A
gn.thalapura95c,Thalapura 95/C
gn.thalapuracentral,Thalapura Central
gn.thalapuracentral11,Thalapura Central 11
gn.thalapuracentral409b,Thalapura Central 409/B
gn.thalapuraeast,Thalapura East
gn.thalapuraeast557c,Thalapura East 557/C
gn.thalapuraihala801,Thalapura Ihala 801
gn.thalapuraihala924c,Thalapura Ihala 924/C
gn.thalapuranorth886c,Thalapura North 886/C
gn.thalapurapahala925,Thalapura Pahala 925
gn.thalapurapahala932a,Thalapura Pahala 932/A
gn.thalapurasouth,Thalapura South
gn.thalapurasouth734c,Thalapura South 734/C
gn.thalapurasouth825c,Thalapura South 825/C
gn.thalapurasouth952,Thalapura South 952
gn.thalapurawest642,Thalapura West 642
gn.thalatota15a,Thalatota 15/A
gn.thalatotacentral,Thalatota Central
gn.thalatotacentral648,Thalatota Central 648
gn.thalatotaeast,Thalatota East
gn.thalatotanorth588,Thalatota North 588
gn.thalatotapahala266a,Thalatota Pahala 266/A
gn.thalatotasouth760b,Thalatota South 760/B
gn.thalawattacentral463,Thalawatta Central 463
gn.thalawattacentral956,Thalawatta Central 956
gn.thalawattaihala230,Thalawatta Ihala 230
gn.thalawattaihala299b,Thalawatta Ihala 299/B
gn.thalawattaihala63a,Thalawatta Ihala 63/A
gn.thalawattanorth217b,Thalawatta North 217/B
gn.thalawattapahala,Thalawatta Pahala
gn.thalawattasouth591c,Thalawatta South 591/C
gn.thalawela,Thalawela
gn.thalawela232a,Thalawela 232/A
gn.thalawelacentral,Thalawela Central
gn.thalawelacentral191b,Thalawela Central 191/B
gn.thalawelacentral246c,Thalawela Central 246/C
gn.thalawelacentral734b,Thalawela Central 734/B
gn.thalawelaeast727,Thalawela East 727
gn.thalawelaihala,Thalawela Ihala
gn.thalawelaihala219,Thalawela Ihala 219
gn.thalawelanorth381a,Thalawela North 381/A
gn.thalawelapahala,Thalawela Pahala
gn.thalawelasouth,Thalawela South
gn.thamankaduwa,Thamankaduwa
gn.thamankaduwa636c,Thamankaduwa 636/C
gn.thamankaduwacentral663c,Thamankaduwa Central 663/C
gn.thamankaduwaeast,Thamankaduwa East
gn.thamankaduwaeast162b,Thamankaduwa East 162/B
gn.thamankaduwaeast253,Thamankaduwa East 253
gn.thamankaduwaeast352,Thamankaduwa East 352
gn.thamankaduwaihala721a,Thamankaduwa Ihala 721/A
gn.thamankaduwaihala766b,Thamankaduwa Ihala 766/B
gn.thamankaduwaihala782,Thamankaduwa Ihala 782
gn.thamankaduwanorth,Thamankaduwa North
gn.thamankaduwanorth580,Thamankaduwa North 580
gn.thamankaduwapahala,Thamankaduwa Pahala
gn.thamankaduwapahala1b,Thamankaduwa Pahala 1/B
gn.thamankaduwapahala537c,Thamankaduwa Pahala 537/C
gn.thamankaduwasouth,Thamankaduwa South
gn.thamankaduwasouth30,Thamankaduwa South 30
gn.thamankaduwasouth336,Thamankaduwa South 336
gn.thamankaduwasouth712c,Thamankaduwa South 712/C
gn.thamankaduwasouth992,Thamankaduwa South 992
gn.thamankaduwawest,Thamankaduwa West
gn.thamankaduwawest198,Thamankaduwa West 198
gn.thamankaduwawest264b,Thamankaduwa West 264/B
gn.thamankaduwawest271a,Thamankaduwa West 271/A
gn.thamankaduwawest647a,Thamankaduwa West 647/A
gn.thambuttegama,Thambuttegama
gn.thambuttegama494c,Thambuttegama 494/C
gn.thambuttegama55,Thambuttegama 55
gn.thambuttegama625a,Thambuttegama 625/A
gn.thambuttegama864b,Thambuttegama 864/B
gn.thambuttegamacentral,Thambuttegama Central
gn.thambuttegamacentral542a,Thambuttegama Central 542/A
gn.thambuttegamacentral594a,Thambuttegama Central 594/A
gn.thambuttegamaeast,Thambuttegama East
gn.thambuttegamaeast279a,Thambuttegama East 279/A
gn.thambuttegamaihala25c,Thambuttegama Ihala 25/C
gn.thambuttegamaihala38,Thambuttegama Ihala 38
gn.thambuttegamanorth,Thambuttegama North
gn.thambuttegamanorth246c,Thambuttegama North 246/C
gn.thambuttegamanorth347,Thambuttegama North 347
gn.thambuttegamanorth673,Thambuttegama North 673
gn.thambuttegamanorth847b,Thambuttegama North 847/B
gn.thambuttegamapahala,Thambuttegama Pahala
gn.thambuttegamapahala345c,Thambuttegama Pahala 345/C
gn.thambuttegamapahala801c,Thambuttegama Pahala 801/C
gn.thambuttegamapahala862b,Thambuttegama Pahala 862/B
gn.thambuttegamasouth,Thambuttegama South
gn.thambuttegamasouth742c,Thambuttegama South 742/C
gn.thambuttegamasouth794a,Thambuttegama South 794/A
gn.thambuttegamasouth836,Thambuttegama South 836
gn.thambuttegamawest320b,Thambuttegama West 320/B
gn.thambuttegamawest920c,Thambuttegama West 920/C
gn.thampalakamam398a,Thampalakamam 398/A
gn.thampalakamam783a,Thampalakamam 783/A
gn.thampalakamamcentral796c,Thampalakamam Central 796/C
gn.thampalakamamcentral923a,Thampalakamam Central 923/A
gn.thampalakamamcentral967a,Thampalakamam Central 967/A
gn.thampalakamameast616b,Thampalakamam East 616/B
gn.thampalakamameast742b,Thampalakamam East 742/B
gn.thampalakamamihala,Thampalakamam Ihala
gn.thampalakamamihala365b,Thampalakamam Ihala 365/B
gn.thampalakamamihala914c,Thampalakamam Ihala 914/C
gn.thampalakamamnorth400c,Thampalakamam North 400/C
gn.thampalakamamnorth560c,Thampalakamam North 560/C
gn.thampalakamampahala18c,Thampalakamam Pahala 18/C
gn.thampalakamamsouth,Thampalakamam South
gn.thampalakamamsouth359b,Thampalakamam South 359/B
gn.thampalakamamwest589b,Thampalakamam West 589/B
gn.thanamalvila660c,Thanamalvila 660/C
gn.thanamalvilacentral,Thanamalvila Central
gn.thanamalvilaihala,Thanamalvila Ihala
gn.thanamalvilaihala286c,Thanamalvila Ihala 286/C
gn.thanamalvilaihala438c,Thanamalvila Ihala 438/C
gn.thanamalvilaihala560c,Thanamalvila Ihala 560/C
gn.thanamalvilapahala,Thanamalvila Pahala
gn.thanamalvilapahala167b,Thanamalvila Pahala 167/B
gn.thanamalvilapahala29,Thanamalvila Pahala 29
gn.thanamalvilasouth,Thanamalvila South
gn.thanamalvilasouth357,Thanamalvila South 357
gn.thanamalvilawest,Thanamalvila West
gn.thanamalvilawest458,Thanamalvila West 458
gn.thawalama,Thawalama
gn.thawalama214c,Thawalama 214/C
gn.thawalama683,Thawalama 683
gn.thawalama934b,Thawalama 934/B
gn.thawalamacentral319,Thawalama Central 319
gn.thawalamacentral913b,Thawalama Central 913/B
gn.thawalamaeast138a,Thawalama East 138/A
gn.thawalamaeast32,Thawalama East 32
gn.thawalamaeast475b,Thawalama East 475/B
gn.thawalamaihala,Thawalama Ihala
gn.thawalamaihala650b,Thawalama Ihala 650/B
gn.thawalamaihala745,Thawalama Ihala 745
gn.thawalamanorth453b,Thawalama North 453/B
gn.thawalamanorth761b,Thawalama North 761/B
gn.thawalamanorth818b,Thawalama North 818/B
gn.thawalamapahala,Thawalama Pahala
gn.thawalamapahala154c,Thawalama Pahala 154/C
gn.thawalamapahala658c,Thawalama Pahala 658/C
gn.thawalamasouth,Thawalama South
gn.thawalamasouth322c,Thawalama South 322/C
gn.thawalamasouth66b,Thawalama South 66/B
gn.thawalamawest,Thawalama West
gn.thawalamawest285b,Thawalama West 285/B
gn.thawalamawest39,Thawalama West 39
gn.thawalamawest414,Thawalama West 414
gn.thawalamawest838,Thawalama West 838
gn.thihagoda,Thihagoda
gn.thihagodacentral410,Thihagoda Central 410
gn.thihagodaeast,Thihagoda East
gn.thihagodaeast6c,Thihagoda East 6/C
gn.thihagodaihala,Thihagoda Ihala
gn.thihagodaihala152,Thihagoda Ihala 152
gn.thihagodaihala193,Thihagoda Ihala 193
gn.thihagodaihala80b,Thihagoda Ihala 80/B
gn.thihagodanorth798a,Thihagoda North 798/A
gn.thihagodapahala102c,Thihagoda Pahala 102/C
gn.thihagodapahala47a,Thihagoda Pahala 47/A
gn.thihagodapahala580a,Thihagoda Pahala 580/A
gn.thihagodasouth871a,Thihagoda South 871/A
gn.thihagodawest,Thihagoda West
gn.thihagodawest316c,Thihagoda West 316/C
gn.thihagodawest632,Thihagoda West 632
gn.thirukkovilcentral263b,Thirukkovil Central 263/B
gn.thirukkovilcentral525b,Thirukkovil Central 525/B
gn.thirukkovilcentral620b,Thirukkovil Central 620/B
gn.thirukkovilcentral982,Thirukkovil Central 982
gn.thirukkovileast,Thirukkovil East
gn.thirukkovileast222,Thirukkovil East 222
gn.thirukkovileast23b,Thirukkovil East 23/B
gn.thirukkovilihala,Thirukkovil Ihala
gn.thirukkovilnorth344a,Thirukkovil North 344/A
gn.thirukkovilnorth855a,Thirukkovil North 855/A
gn.thirukkovilpahala682a,Thirukkovil Pahala 682/A
gn.thirukkovilpahala710,Thirukkovil Pahala 710
gn.thirukkovilsouth,Thirukkovil South
gn.thirukkovilwest,Thirukkovil West
gn.thirukkovilwest125,Thirukkovil West 125
gn.thirukkovilwest550c,Thirukkovil West 550/C
gn.thunukkai,Thunukkai
gn.thunukkaicentral575a,Thunukkai Central 575/A
gn.thunukkaieast,Thunukkai East
gn.thunukkaieast791a,Thunukkai East 791/A
gn.thunukkaiihala,Thunukkai Ihala
gn.thunukkaiihala391,Thunukkai Ihala 391
gn.thunukkainorth,Thunukkai North
gn.thunukkainorth829a,Thunukkai North 829/A
gn.thunukkainorth922a,Thunukkai North 922/A
gn.thunukkaipahala,Thunukkai Pahala
gn.thunukkaipahala41,Thunukkai Pahala 41
gn.thunukkaisouth299,Thunukkai South 299
gn.thunukkaiwest,Thunukkai West
gn.thunukkaiwest406c,Thunukkai West 406/C
gn.thunukkaiwest424c,Thunukkai West 424/C
gn.thunukkaiwest675a,Thunukkai West 675/A
gn.thunukkaiwest77b,Thunukkai West 77/B
gn.tissamaharama81,Tissamaharama 81
gn.tissamaharamacentral,Tissamaharama Central
gn.tissamaharamacentral503c,Tissamaharama Central 503/C
gn.tissamaharamacentral662b,Tissamaharama Central 662/B
gn.tissamaharamaeast,Tissamaharama East
gn.tissamaharamaihala54b,Tissamaharama Ihala 54/B
gn.tissamaharamaihala550c,Tissamaharama Ihala 550/C
gn.tissamaharamaihala703b,Tissamaharama Ihala 703/B
gn.tissamaharamanorth420c,Tissamaharama North 420/C
gn.tissamaharamanorth567c,Tissamaharama North 567/C
gn.tissamaharamasouth325a,Tissamaharama South 325/A
gn.tissamaharamasouth657b,Tissamaharama South 657/B
gn.tissamaharamasouth81b,Tissamaharama South 81/B
gn.tissamaharamawest,Tissamaharama West
gn.tissamaharamawest793,Tissamaharama West 793
gn.tissamaharamawest831b,Tissamaharama West 831/B
gn.trincomalee163,Trincomalee 163
gn.trincomalee321,Trincomalee 321
gn.trincomaleecentral,Trincomalee Central
gn.trincomaleecentral481,Trincomalee Central 481
gn.trincomaleecentral872,Trincomalee Central 872
gn.trincomaleeeast,Trincomalee East
gn.trincomaleeeast385b,Trincomalee East 385/B
gn.trincomaleeeast386a,Trincomalee East 386/A
gn.trincomaleeeast57a,Trincomalee East 57/A
gn.trincomaleeeast634a,Trincomalee East 634/A
gn.trincomaleeihala557,Trincomalee Ihala 557
gn.trincomaleenorth892,Trincomalee North 892
gn.trincomaleepahala378b,Trincomalee Pahala 378/B
gn.trincomaleepahala714c,Trincomalee Pahala 714/C
gn.trincomaleepahala996a,Trincomalee Pahala 996/A
gn.trincomaleesouth,Trincomalee South
gn.trincomaleesouth142b,Trincomalee South 142/B
gn.trincomaleesouth257,Trincomalee South 257
gn.trincomaleesouth520c,Trincomalee South 520/C
gn.trincomaleewest733a,Trincomalee West 733/A
gn.trincomaleewest785a,Trincomalee West 785/A
gn.udadeniya187c,Udadeniya 187/C
gn.udadeniya678a,Udadeniya 678/A
gn.udadeniyacentral,Udadeniya Central
gn.udadeniyaeast150a,Udadeniya East 150/A
gn.udadeniyaeast549a,Udadeniya East 549/A
gn.udadeniyaeast881b,Udadeniya East 881/B
gn.udadeniyanorth,Udadeniya North
gn.udadeniyanorth413,Udadeniya North 413
gn.udadeniyapahala,Udadeniya Pahala
gn.udadeniyapahala39a,Udadeniya Pahala 39/A
gn.udadeniyapahala890b,Udadeniya Pahala 890/B
gn.udadeniyawest,Udadeniya West
gn.udadeniyawest755a,Udadeniya West 755/A
gn.udagala119c,Udagala 119/C
gn.udagala44c,Udagala 44/C
gn.udagala625a,Udagala 625/A
gn.udagalacentral188c,Udagala Central 188/C
gn.udagalacentral512,Udagala Central 512
gn.udagalaeast463c,Udagala East 463/C
gn.udagalaeast842a,Udagala East 842/A
gn.udagalaeast981b,Udagala East 981/B
gn.udagalaihala,Udagala Ihala
gn.udagalaihala879,Udagala Ihala 879
gn.udagalaihala897a,Udagala Ihala 897/A
gn.udagalapahala,Udagala Pahala
gn.udagalapahala112c,Udagala Pahala 112/C
gn.udagalawest285b,Udagala West 285/B
gn.udagama896b,Udagama 896/B
gn.udagama931,Udagama 931
gn.udagamaeast125b,Udagama East 125/B
gn.udagamaeast151a,Udagama East 151/A
gn.udagamaeast644a,Udagama East 644/A
gn.udagamaeast975c,Udagama East 975/C
gn.udagamaihala926,Udagama Ihala 926
gn.udagamanorth155c,Udagama North 155/C
gn.udagamanorth600c,Udagama North 600/C
gn.udagamanorth926b,Udagama North 926/B
gn.udagamapahala,Udagama Pahala
gn.udagamapahala818c,Udagama Pahala 818/C
gn.udagamasouth596a,Udagama South 596/A
gn.udagamasouth700,Udagama South 700
gn.udagamasouth724,Udagama South 724
gn.udagamasouth99,Udagama South 99
gn.udagamawest,Udagama West
gn.udagamuwa,Udagamuwa
gn.udagamuwa319,Udagamuwa 319
gn.udagamuwa983b,Udagamuwa 983/B
gn.udagamuwacentral,Udagamuwa Central
gn.udagamuwacentral406a,Udagamuwa Central 406/A
gn.udagamuwacentral496b,Udagamuwa Central 496/B
gn.udagamuwacentral520c,Udagamuwa Central 520/C
gn.udagamuwaeast186c,Udagamuwa East 186/C
gn.udagamuwaihala106c,Udagamuwa Ihala 106/C
gn.udagamuwaihala415b,Udagamuwa Ihala 415/B
gn.udagamuwanorth,Udagamuwa North
gn.udagamuwanorth133b,Udagamuwa North 133/B
gn.udagamuwanorth852c,Udagamuwa North 852/C
gn.udagamuwapahala,Udagamuwa Pahala
gn.udagamuwapahala34b,Udagamuwa Pahala 34/B
gn.udagamuwapahala761c,Udagamuwa Pahala 761/C
gn.udagamuwasouth327a,Udagamuwa South 327/A
gn.udagamuwasouth775,Udagamuwa South 775
gn.udagamuwawest733,Udagamuwa West 733
gn.udagedara,Udagedara
gn.udagedara289b,Udagedara 289/B
gn.udagedara360a,Udagedara 360/A
gn.udagedara640b,Udagedara 640/B
gn.udagedaracentral474c,Udagedara Central 474/C
gn.udagedaracentral926c,Udagedara Central 926/C
gn.udagedaraihala,Udagedara Ihala
gn.udagedaranorth670b,Udagedara North 670/B
gn.udagedarapahala399,Udagedara Pahala 399
gn.udagedarapahala821a,Udagedara Pahala 821/A
gn.udagedarasouth,Udagedara South
gn.udagedarasouth617,Udagedara South 617
gn.udagodacentral135b,Udagoda Central 135/B
gn.udagodaeast364c,Udagoda East 364/C
gn.udagodaeast684b,Udagoda East 684/B
gn.udagodaihala,Udagoda Ihala
gn.udagodaihala903b,Udagoda Ihala 903/B
gn.udagodanorth53c,Udagoda North 53/C
gn.udagodapahala335,Udagoda Pahala 335
gn.udagodapahala968b,Udagoda Pahala 968/B
gn.udagodasouth874c,Udagoda South 874/C
gn.udagodawest,Udagoda West
gn.udagodawest478,Udagoda West 478
gn.udahenacentral,Udahena Central
gn.udahenaeast,Udahena East
gn.udahenaeast616a,Udahena East 616/A
gn.udahenaihala,Udahena Ihala
gn.udahenaihala618a,Udahena Ihala 618/A
gn.udahenaihala663a,Udahena Ihala 663/A
gn.udahenaihala990,Udahena Ihala 990
gn.udahenanorth879,Udahena North 879
gn.udahenapahala,Udahena Pahala
gn.udahenapahala494a,Udahena Pahala 494/A
gn.udahenapahala698,Udahena Pahala 698
gn.udahenasouth,Udahena South
gn.udahenawest,Udahena West
gn.udahenawest393,Udahena West 393
gn.udahenawest56c,Udahena West 56/C
gn.udahenawest726c,Udahena West 726/C
gn.udahenawest789c,Udahena West 789/C
gn.udakaduwa,Udakaduwa
gn.udakaduwa327b,Udakaduwa 327/B
gn.udakaduwacentral,Udakaduwa Central
gn.udakaduwaeast675c,Udakaduwa East 675/C
gn.udakaduwaihala,Udakaduwa Ihala
gn.udakaduwasouth136b,Udakaduwa South 136/B
gn.udakaduwasouth234c,Udakaduwa South 234/C
gn.udakaduwasouth325a,Udakaduwa South 325/A
gn.udakaduwasouth407a,Udakaduwa South 407/A
gn.udakanda309c,Udakanda 309/C
gn.udakanda665c,Udakanda 665/C
gn.udakandacentral,Udakanda Central
gn.udakandaeast456b,Udakanda East 456/B
gn.udakandaihala741a,Udakanda Ihala 741/A
gn.udakandanorth121,Udakanda North 121
gn.udakandanorth542b,Udakanda North 542/B
gn.udakandanorth689a,Udakanda North 689/A
gn.udakandapahala,Udakanda Pahala
gn.udakandapahala824,Udakanda Pahala 824
gn.udakandasouth,Udakanda South
gn.udakandasouth69b,Udakanda South 69/B
gn.udakandawest383a,Udakanda West 383/A
gn.udakandawest44a,Udakanda West 44/A
gn.udakandawest5b,Udakanda West 5/B
gn.udakandawest88,Udakanda West 88
gn.udakumbura,Udakumbura
gn.udakumburacentral,Udakumbura Central
gn.udakumburacentral42c,Udakumbura Central 42/C
gn.udakumburaihala,Udakumbura Ihala
gn.udakumburanorth,Udakumbura North
gn.udakumburanorth828a,Udakumbura North 828/A
gn.udakumburapahala897c,Udakumbura Pahala 897/C
gn.udakumburasouth,Udakumbura South
gn.udakumburasouth170c,Udakumbura South 170/C
gn.udakumburawest,Udakumbura West
gn.udakumburawest532b,Udakumbura West 532/B
gn.udakumburawest638,Udakumbura West 638
gn.udamulla390,Udamulla 390
gn.udamullacentral,Udamulla Central
gn.udamullacentral166c,Udamulla Central 166/C
gn.udamullaeast,Udamulla East
gn.udamullaihala,Udamulla Ihala
gn.udamullaihala93b,Udamulla Ihala 93/B
gn.udamullanorth422,Udamulla North 422
gn.udamullapahala346b,Udamulla Pahala 346/B
gn.udamullapahala826a,Udamulla Pahala 826/A
gn.udamullawest128c,Udamulla West 128/C
gn.udaoya226,Udaoya 226
gn.udaoyacentral298b,Udaoya Central 298/B
gn.udaoyacentral338a,Udaoya Central 338/A
gn.udaoyacentral671,Udaoya Central 671
gn.udaoyacentral865a,Udaoya Central 865/A
gn.udaoyaeast,Udaoya East
gn.udaoyaeast257a,Udaoya East 257/A
gn.udaoyaeast724a,Udaoya East 724/A
gn.udaoyaihala957,Udaoya Ihala 957
gn.udaoyapahala837b,Udaoya Pahala 837/B
gn.udaoyasouth,Udaoya South
gn.udaoyasouth646,Udaoya South 646
gn.udaoyasouth939a,Udaoya South 939/A
gn.udaoyawest,Udaoya West
gn.udaoyawest377,Udaoya West 377
gn.udaoyawest859b,Udaoya West 859/B
gn.udapalatha11a,Udapalatha 11/A
gn.udapalathacentral,Udapalatha Central
gn.udapalathacentral182a,Udapalatha Central 182/A
gn.udapalathacentral924b,Udapalatha Central 924/B
gn.udapalathaeast463,Udapalatha East 463
gn.udapalathaihala,Udapalatha Ihala
gn.udapalathanorth29b,Udapalatha North 29/B
gn.udapalathanorth549,Udapalatha North 549
gn.udapalathapahala439b,Udapalatha Pahala 439/B
gn.udapalathasouth,Udapalatha South
gn.udapalathawest,Udapalatha West
gn.udapitiya,Udapitiya
gn.udapitiya403a,Udapitiya 403/A
gn.udapitiya857c,Udapitiya 857/C
gn.udapitiya970a,Udapitiya 970/A
gn.udapitiyacentral34b,Udapitiya Central 34/B
gn.udapitiyacentral838c,Udapitiya Central 838/C
gn.udapitiyaeast360b,Udapitiya East 360/B
gn.udapitiyaeast605,Udapitiya East 605
gn.udapitiyaihala315c,Udapitiya Ihala 315/C
gn.udapitiyaihala607,Udapitiya Ihala 607
gn.udapitiyanorth,Udapitiya North
gn.udapitiyanorth221c,Udapitiya North 221/C
gn.udapitiyanorth368,Udapitiya North 368
gn.udapitiyanorth430b,Udapitiya North 430/B
gn.udapitiyapahala,Udapitiya Pahala
gn.udapitiyasouth285c,Udapitiya South 285/C
gn.udapitiyasouth849a,Udapitiya South 849/A
gn.udapitiyawest604b,Udapitiya West 604/B
gn.udapuracentral,Udapura Central
gn.udapuraeast,Udapura East
gn.udapuraihala,Udapura Ihala
gn.udapuraihala163c,Udapura Ihala 163/C
gn.udapuraihala68,Udapura Ihala 68
gn.udapurapahala,Udapura Pahala
gn.udapurasouth109b,Udapura South 109/B
gn.udapurawest,Udapura West
gn.udatota181b,Udatota 181/B
gn.udatota906b,Udatota 906/B
gn.udatotacentral441a,Udatota Central 441/A
gn.udatotacentral554c,Udatota Central 554/C
gn.udatotaeast236,Udatota East 236
gn.udatotanorth,Udatota North
gn.udatotanorth202b,Udatota North 202/B
gn.udatotanorth460b,Udatota North 460/B
gn.udatotanorth815c,Udatota North 815/C
gn.udatotanorth827,Udatota North 827
gn.udatotapahala339,Udatota Pahala 339
gn.udatotapahala508b,Udatota Pahala 508/B
gn.udatotawest631b,Udatota West 631/B
gn.udawatta,Udawatta
gn.udawatta934c,Udawatta 934/C
gn.udawattaihala515c,Udawatta Ihala 515/C
gn.udawattanorth,Udawatta North
gn.udawattanorth294c,Udawatta North 294/C
gn.udawattapahala,Udawatta Pahala
gn.udawattasouth199b,Udawatta South 199/B
gn.udawattasouth681c,Udawatta South 681/C
gn.udawattawest342,Udawatta West 342
gn.udawela,Udawela
gn.udawelacentral,Udawela Central
gn.udawelaeast,Udawela East
gn.udawelaihala36,Udawela Ihala 36
gn.udawelaihala969,Udawela Ihala 969
gn.udawelanorth555a,Udawela North 555/A
gn.udawelanorth581a,Udawela North 581/A
gn.udawelapahala,Udawela Pahala
gn.udawelapahala886,Udawela Pahala 886
gn.udawelasouth300b,Udawela South 300/B
gn.udunuwara,Udunuwara
gn.udunuwara771c,Udunuwara 771/C
gn.udunuwaracentral,Udunuwara Central
gn.udunuwaracentral149c,Udunuwara Central 149/C
gn.udunuwaracentral346,Udunuwara Central 346
gn.udunuwaracentral65b,Udunuwara Central 65/B
gn.udunuwaraeast836a,Udunuwara East 836/A
gn.udunuwaraihala,Udunuwara Ihala
gn.udunuwaraihala934a,Udunuwara Ihala 934/A
gn.udunuwaranorth,Udunuwara North
gn.udunuwaranorth754b,Udunuwara North 754/B
gn.udunuwaranorth838,Udunuwara North 838
gn.udunuwaranorth946c,Udunuwara North 946/C
gn.udunuwarapahala,Udunuwara Pahala
gn.udunuwarapahala326a,Udunuwara Pahala 326/A
gn.udunuwarapahala38b,Udunuwara Pahala 38/B
gn.udunuwarapahala619c,Udunuwara Pahala 619/C
gn.udunuwarasouth24,Udunuwara South 24
gn.udunuwarasouth891a,Udunuwara South 891/A
gn.udunuwarawest578,Udunuwara West 578
gn.udunuwarawest952c,Udunuwara West 952/C
gn.uduvil591a,Uduvil 591/A
gn.uduvilcentral,Uduvil Central
gn.uduvilcentral737c,Uduvil Central 737/C
gn.uduvilcentral943,Uduvil Central 943
gn.uduvilcentral973b,Uduvil Central 973/B
gn.uduvileast313b,Uduvil East 313/B
gn.uduvileast693,Uduvil East 693
gn.uduvileast932,Uduvil East 932
gn.uduvilihala,Uduvil Ihala
gn.uduvilihala283,Uduvil Ihala 283
gn.uduvilihala296c,Uduvil Ihala 296/C
gn.uduvilnorth106,Uduvil North 106
gn.uduvilnorth36a,Uduvil North 36/A
gn.uduvilnorth705b,Uduvil North 705/B
gn.uduvilpahala,Uduvil Pahala
gn.uduvilpahala373b,Uduvil Pahala 373/B
gn.uduvilpahala552,Uduvil Pahala 552
gn.uduvilpahala845a,Uduvil Pahala 845/A
gn.uduvilsouth113c,Uduvil South 113/C
gn.uduvilsouth205a,Uduvil South 205/A
gn.uduvilwest162a,Uduvil West 162/A
gn.uduvilwest200,Uduvil West 200
gn.uduvilwest288,Uduvil West 288
gn.uhana935,Uhana 935
gn.uhanacentral,Uhana Central
gn.uhanacentral643a,Uhana Central 643/A
gn.uhanacentral747a,Uhana Central 747/A
gn.uhanacentral826,Uhana Central 826
gn.uhanaeast,Uhana East
gn.uhanaeast228a,Uhana East 228/A
gn.uhanaihala,Uhana Ihala
gn.uhanaihala370b,Uhana Ihala 370/B
gn.uhanaihala905a,Uhana Ihala 905/A
gn.uhanaihala974a,Uhana Ihala 974/A
gn.uhananorth,Uhana North
gn.uhananorth262,Uhana North 262
gn.uhanapahala244b,Uhana Pahala 244/B
gn.uhanapahala58c,Uhana Pahala 58/C
gn.uhanasouth934a,Uhana South 934/A
gn.uhanasouth946c,Uhana South 946/C
gn.uhanawest760,Uhana West 760
gn.ukuwela,Ukuwela
gn.ukuwelacentral269c,Ukuwela Central 269/C
gn.ukuwelacentral670b,Ukuwela Central 670/B
gn.ukuwelacentral905c,Ukuwela Central 905/C
gn.ukuwelacentral992b,Ukuwela Central 992/B
gn.ukuwelaeast,Ukuwela East
gn.ukuwelaeast126b,Ukuwela East 126/B
gn.ukuwelaeast361,Ukuwela East 361
gn.ukuwelaeast96,Ukuwela East 96
gn.ukuwelaeast99c,Ukuwela East 99/C
gn.ukuwelaihala,Ukuwela Ihala
gn.ukuwelaihala238b,Ukuwela Ihala 238/B
gn.ukuwelaihala36c,Ukuwela Ihala 36/C
gn.ukuwelaihala463,Ukuwela Ihala 463
gn.ukuwelanorth,Ukuwela North
gn.ukuwelanorth844c,Ukuwela North 844/C
gn.ukuwelapahala10b,Ukuwela Pahala 10/B
gn.ukuwelapahala138b,Ukuwela Pahala 138/B
gn.ukuwelapahala989,Ukuwela Pahala 989
gn.ukuwelasouth376c,Ukuwela South 376/C
gn.ukuwelasouth46a,Ukuwela South 46/A
gn.ukuwelasouth525c,Ukuwela South 525/C
gn.ukuwelasouth938b,Ukuwela South 938/B
gn.ukuwelawest745b,Ukuwela West 745/B
gn.uvaparanagama133b,Uva Paranagama 133/B
gn.uvaparanagama672c,Uva Paranagama 672/C
gn.uvaparanagama676c,Uva Paranagama 676/C
gn.uvaparanagama963,Uva Paranagama 963
gn.uvaparanagamacentral,Uva Paranagama Central
gn.uvaparanagamaeast501b,Uva Paranagama East 501/B
gn.uvaparanagamaeast758c,Uva Paranagama East 758/C
gn.uvaparanagamaihala,Uva Paranagama Ihala
gn.uvaparanagamaihala301c,Uva Paranagama Ihala 301/C
gn.uvaparanagamaihala639c,Uva Paranagama Ihala 639/C
gn.uvaparanagamaihala83,Uva Paranagama Ihala 83
gn.uvaparanagamanorth303a,Uva Paranagama North 303/A
gn.uvaparanagamanorth419c,Uva Paranagama North 419/C
gn.uvaparanagamanorth978b,Uva Paranagama North 978/B
gn.uvaparanagamapahala,Uva Paranagama Pahala
gn.uvaparanagamapahala735b,Uva Paranagama Pahala 735/B
gn.uvaparanagamasouth,Uva Paranagama South
gn.uvaparanagamasouth129c,Uva Paranagama South 129/C
gn.uvaparanagamawest,Uva Paranagama West
gn.vavuniya583,Vavuniya 583
gn.vavuniya930a,Vavuniya 930/A
gn.vavuniyacentral,Vavuniya Central
gn.vavuniyaeast363c,Vavuniya East 363/C
gn.vavuniyaeast649a,Vavuniya East 649/A
gn.vavuniyaeast692b,Vavuniya East 692/B
gn.vavuniyaihala,Vavuniya Ihala
gn.vavuniyaihala629c,Vavuniya Ihala 629/C
gn.vavuniyaihala855b,Vavuniya Ihala 855/B
gn.vavuniyanorth,Vavuniya North
gn.vavuniyanorth348a,Vavuniya North 348/A
gn.vavuniyanorth373,Vavuniya North 373
gn.vavuniyanorth923c,Vavuniya North 923/C
gn.vavuniyanorthcentral,Vavuniya North Central
gn.vavuniyanorthcentral811a,Vavuniya North Central 811/A
gn.vavuniyanorthihala313a,Vavuniya North Ihala 313/A
gn.vavuniyanorthnorth,Vavuniya North North
gn.vavuniyanorthnorth340c,Vavuniya North North 340/C
gn.vavuniyanorthnorth626,Vavuniya North North 626
gn.vavuniyanorthpahala528a,Vavuniya North Pahala 528/A
gn.vavuniyanorthpahala643c,Vavuniya North Pahala 643/C
gn.vavuniyanorthpahala681c,Vavuniya North Pahala 681/C
gn.vavuniyanorthsouth,Vavuniya North South
gn.vavuniyanorthsouth118a,Vavuniya North South 118/A
gn.vavuniyanorthsouth294a,Vavuniya North South 294/A
gn.vavuniyanorthwest130c,Vavuniya North West 130/C
gn.vavuniyanorthwest418a,Vavuniya North West 418/A
gn.vavuniyanorthwest472c,Vavuniya North West 472/C
gn.vavuniyanorthwest495a,Vavuniya North West 495/A
gn.vavuniyapahala,Vavuniya Pahala
gn.vavuniyapahala276c,Vavuniya Pahala 276/C
gn.vavuniyapahala582a,Vavuniya Pahala 582/A
gn.vavuniyapahala834c,Vavuniya Pahala 834/C
gn.vavuniyasouth,Vavuniya South
gn.vavuniyasouth292b,Vavuniya South 292/B
gn.vavuniyasouth299a,Vavuniya South 299/A
gn.vavuniyasouth390b,Vavuniya South 390/B
gn.vavuniyasouth575c,Vavuniya South 575/C
gn.vavuniyasouthcentral,Vavuniya South Central
gn.vavuniyasouthcentral863b,Vavuniya South Central 863/B
gn.vavuniyasoutheast,Vavuniya South East
gn.vavuniyasouthihala544a,Vavuniya South Ihala 544/A
gn.vavuniyasouthnorth,Vavuniya South North
gn.vavuniyasouthnorth872c,Vavuniya South North 872/C
gn.vavuniyasouthsouth,Vavuniya South South
gn.vavuniyasouthsouth297a,Vavuniya South South 297/A
gn.vavuniyasouthsouth576,Vavuniya South South 576
gn.vavuniyasouthsouth579,Vavuniya South South 579
gn.vavuniyasouthsouth698a,Vavuniya South South 698/A
gn.vavuniyasouthsouth715c,Vavuniya South South 715/C
gn.vavuniyasouthwest771c,Vavuniya South West 771/C
gn.vavuniyawest191,Vavuniya West 191
gn.vavuniyawest21,Vavuniya West 21
gn.velanai3b,Velanai 3/B
gn.velanai625b,Velanai 625/B
gn.velanai951c,Velanai 951/C
gn.velanaicentral,Velanai Central
gn.velanaicentral334c,Velanai Central 334/C
gn.velanaicentral369,Velanai Central 369
gn.velanaicentral370b,Velanai Central 370/B
gn.velanaicentral640a,Velanai Central 640/A
gn.velanaicentral861,Velanai Central 861
gn.velanaieast,Velanai East
gn.velanaieast184a,Velanai East 184/A
gn.velanaieast815,Velanai East 815
gn.velanaiihala633,Velanai Ihala 633
gn.velanainorth,Velanai North
gn.velanainorth370c,Velanai North 370/C
gn.velanainorth723b,Velanai North 723/B
gn.velanaipahala,Velanai Pahala
gn.velanaipahala265a,Velanai Pahala 265/A
gn.velanaipahala321c,Velanai Pahala 321/C
gn.velanaipahala393c,Velanai Pahala 393/C
gn.velanaipahala621c,Velanai Pahala 621/C
gn.velanaipahala632c,Velanai Pahala 632/C
gn.velanaisouth,Velanai South
gn.vengalacheddikulam,Vengalacheddikulam
gn.vengalacheddikulam352c,Vengalacheddikulam 352/C
gn.vengalacheddikulam423c,Vengalacheddikulam 423/C
gn.vengalacheddikulam668b,Vengalacheddikulam 668/B
gn.vengalacheddikulamcentral,Vengalacheddikulam Central
gn.vengalacheddikulamcentral251,Vengalacheddikulam Central 251
gn.vengalacheddikulamcentral56a,Vengalacheddikulam Central 56/A
gn.vengalacheddikulamcentral916c,Vengalacheddikulam Central 916/C
gn.vengalacheddikulamcentral954,Vengalacheddikulam Central 954
gn.vengalacheddikulameast,Vengalacheddikulam East
gn.vengalacheddikulameast544a,Vengalacheddikulam East 544/A
gn.vengalacheddikulameast991a,Vengalacheddikulam East 991/A
gn.vengalacheddikulamihala,Vengalacheddikulam Ihala
gn.vengalacheddikulamihala42c,Vengalacheddikulam Ihala 42/C
gn.vengalacheddikulamihala439,Vengalacheddikulam Ihala 439
gn.vengalacheddikulamihala522b,Vengalacheddikulam Ihala 522/B
gn.vengalacheddikulamihala652,Vengalacheddikulam Ihala 652
gn.vengalacheddikulampahala,Vengalacheddikulam Pahala
gn.vengalacheddikulampahala328a,Vengalacheddikulam Pahala 328/A
gn.vengalacheddikulampahala37b,Vengalacheddikulam Pahala 37/B
gn.vengalacheddikulampahala38a,Vengalacheddikulam Pahala 38/A
gn.vengalacheddikulampahala651a,Vengalacheddikulam Pahala 651/A
gn.vengalacheddikulampahala885,Vengalacheddikulam Pahala 885
gn.vengalacheddikulamsouth,Vengalacheddikulam South
gn.vengalacheddikulamsouth932c,Vengalacheddikulam South 932/C
gn.vengalacheddikulamwest,Vengalacheddikulam West
gn.vengalacheddikulamwest952a,Vengalacheddikulam West 952/A
gn.verugal,Verugal
gn.verugal144,Verugal 144
gn.verugal248b,Verugal 248/B
gn.verugal476c,Verugal 476/C
gn.verugalcentral,Verugal Central
gn.verugalcentral234,Verugal Central 234
gn.verugaleast,Verugal East
gn.verugaleast506b,Verugal East 506/B
gn.verugalihala,Verugal Ihala
gn.verugalnorth,Verugal North
gn.verugalnorth96a,Verugal North 96/A
gn.verugalpahala769c,Verugal Pahala 769/C
gn.verugalpahala797b,Verugal Pahala 797/B
gn.verugalsouth,Verugal South
gn.verugalwest,Verugal West
gn.verugalwest726b,Verugal West 726/B
gn.verugalwest728a,Verugal West 728/A
gn.walallawita,Walallawita
gn.walallawita272b,Walallawita 272/B
gn.walallawitacentral,Walallawita Central
gn.walallawitaeast104,Walallawita East 104
gn.walallawitaihala165b,Walallawita Ihala 165/B
gn.walallawitapahala,Walallawita Pahala
gn.walallawitapahala265a,Walallawita Pahala 265/A
gn.walallawitapahala339a,Walallawita Pahala 339/A
gn.walallawitapahala867c,Walallawita Pahala 867/C
gn.walallawitasouth184a,Walallawita South 184/A
gn.walallawitasouth572a,Walallawita South 572/A
gn.walallawitawest,Walallawita West
gn.walallawitawest79b,Walallawita West 79/B
gn.walallawitawest86a,Walallawita West 86/A
gn.walallawitawest920c,Walallawita West 920/C
gn.walapane,Walapane
gn.walapane42,Walapane 42
gn.walapanecentral,Walapane Central
gn.walapanecentral15c,Walapane Central 15/C
gn.walapanecentral196b,Walapane Central 196/B
gn.walapanecentral323c,Walapane Central 323/C
gn.walapanecentral600a,Walapane Central 600/A
gn.walapaneihala,Walapane Ihala
gn.walapaneihala103c,Walapane Ihala 103/C
gn.walapaneihala755b,Walapane Ihala 755/B
gn.walapanenorth,Walapane North
gn.walapanenorth594a,Walapane North 594/A
gn.walapanenorth887,Walapane North 887
gn.walapanepahala,Walapane Pahala
gn.walapanepahala737,Walapane Pahala 737
gn.walapanepahala765a,Walapane Pahala 765/A
gn.walapanepahala829,Walapane Pahala 829
gn.walapanepahala851,Walapane Pahala 851
gn.walapanepahala94c,Walapane Pahala 94/C
gn.walapanesouth,Walapane South
gn.walapanesouth358,Walapane South 358
gn.walapanewest,Walapane West
gn.walapanewest729a,Walapane West 729/A
gn.walapanewest751c,Walapane West 751/C
gn.walideniya224a,Walideniya 224/A
gn.walideniya563,Walideniya 563
gn.walideniya875,Walideniya 875
gn.walideniya940b,Walideniya 940/B
gn.walideniyacentral,Walideniya Central
gn.walideniyaeast,Walideniya East
gn.walideniyaeast52,Walideniya East 52
gn.walideniyaeast650a,Walideniya East 650/A
gn.walideniyaeast868a,Walideniya East 868/A
gn.walideniyaihala,Walideniya Ihala
gn.walideniyanorth,Walideniya North
gn.walideniyanorth821c,Walideniya North 821/C
gn.walideniyapahala268a,Walideniya Pahala 268/A
gn.walideniyapahala303c,Walideniya Pahala 303/C
gn.walideniyasouth,Walideniya South
gn.walideniyasouth133b,Walideniya South 133/B
gn.walideniyawest,Walideniya West
gn.walideniyawest340c,Walideniya West 340/C
gn.walideniyawest559b,Walideniya West 559/B
gn.waligala1a,Waligala 1/A
gn.waligala376b,Waligala 376/B
gn.waligala771,Waligala 771
gn.waligala832a,Waligala 832/A
gn.waligalacentral,Waligala Central
gn.waligalacentral690,Waligala Central 690
gn.waligalacentral903c,Waligala Central 903/C
gn.waligalaeast,Waligala East
gn.waligalaeast258a,Waligala East 258/A
gn.waligalaeast766b,Waligala East 766/B
gn.waligalaihala,Waligala Ihala
gn.waligalaihala402b,Waligala Ihala 402/B
gn.waligalanorth113b,Waligala North 113/B
gn.waligalanorth191,Waligala North 191
gn.waligalapahala47,Waligala Pahala 47
gn.waligalasouth529a,Waligala South 529/A
gn.waligalasouth657b,Waligala South 657/B
gn.waligalasouth985b,Waligala South 985/B
gn.waligalawest434a,Waligala West 434/A
gn.waligama,Waligama
gn.waligama21c,Waligama 21/C
gn.waligama640b,Waligama 640/B
gn.waligamacentral,Waligama Central
gn.waligamacentral630b,Waligama Central 630/B
gn.waligamaeast,Waligama East
gn.waligamaeast975b,Waligama East 975/B
gn.waligamaihala863,Waligama Ihala 863
gn.waligamanorth375b,Waligama North 375/B
gn.waligamanorth705a,Waligama North 705/A
gn.waligamanorth744b,Waligama North 744/B
gn.waligamanorth770c,Waligama North 770/C
gn.waligamanorth844a,Waligama North 844/A
gn.waligamapahala245,Waligama Pahala 245
gn.waligamasouth523,Waligama South 523
gn.waligamasouth707c,Waligama South 707/C
gn.waligamawest,Waligama West
gn.waligamuwa733c,Waligamuwa 733/C
gn.waligamuwa994,Waligamuwa 994
gn.waligamuwacentral311a,Waligamuwa Central 311/A
gn.waligamuwaeast,Waligamuwa East
gn.waligamuwaeast112,Waligamuwa East 112
gn.waligamuwaeast577c,Waligamuwa East 577/C
gn.waligamuwaihala328,Waligamuwa Ihala 328
gn.waligamuwaihala82a,Waligamuwa Ihala 82/A
gn.waligamuwanorth390,Waligamuwa North 390
gn.waligamuwanorth674c,Waligamuwa North 674/C
gn.waligamuwanorth686a,Waligamuwa North 686/A
gn.waligamuwapahala403a,Waligamuwa Pahala 403/A
gn.waligamuwapahala473c,Waligamuwa Pahala 473/C
gn.waligamuwapahala688,Waligamuwa Pahala 688
gn.waligamuwasouth,Waligamuwa South
gn.waligamuwasouth212c,Waligamuwa South 212/C
gn.waligamuwasouth363c,Waligamuwa South 363/C
gn.waligamuwasouth550b,Waligamuwa South 550/B
gn.waligamuwawest56c,Waligamuwa West 56/C
gn.waligamuwawest751b,Waligamuwa West 751/B
gn.waligedara,Waligedara
gn.waligedaracentral,Waligedara Central
gn.waligedaracentral193c,Waligedara Central 193/C
gn.waligedaracentral297c,Waligedara Central 297/C
gn.waligedaracentral363b,Waligedara Central 363/B
gn.waligedaracentral597,Waligedara Central 597
gn.waligedaraeast670,Waligedara East 670
gn.waligedaraihala,Waligedara Ihala
gn.waligedaraihala59b,Waligedara Ihala 59/B
gn.waligedarapahala,Waligedara Pahala
gn.waligedarasouth,Waligedara South
gn.waligoda,Waligoda
gn.waligoda294,Waligoda 294
gn.waligodacentral,Waligoda Central
gn.waligodacentral451c,Waligoda Central 451/C
gn.waligodacentral757b,Waligoda Central 757/B
gn.waligodaeast,Waligoda East
gn.waligodaihala,Waligoda Ihala
gn.waligodaihala870a,Waligoda Ihala 870/A
gn.waligodanorth745,Waligoda North 745
gn.waligodasouth,Waligoda South
gn.waligodasouth349a,Waligoda South 349/A
gn.waligodasouth765,Waligoda South 765
gn.walihena133c,Walihena 133/C
gn.walihena712a,Walihena 712/A
gn.walihena892a,Walihena 892/A
gn.walihenacentral,Walihena Central
gn.walihenaihala,Walihena Ihala
gn.walihenaihala483c,Walihena Ihala 483/C
gn.walihenaihala554a,Walihena Ihala 554/A
gn.walihenanorth470,Walihena North 470
gn.walihenanorth684,Walihena North 684
gn.walihenanorth685,Walihena North 685
gn.walihenapahala56a,Walihena Pahala 56/A
gn.walihenapahala973,Walihena Pahala 973
gn.walihenasouth,Walihena South
gn.walihenasouth28,Walihena South 28
gn.walihenasouth667b,Walihena South 667/B
gn.walihenawest452b,Walihena West 452/B
gn.walihenawest74c,Walihena West 74/C
gn.walikaduwa489,Walikaduwa 489
gn.walikaduwaeast626b,Walikaduwa East 626/B
gn.walikaduwaihala223,Walikaduwa Ihala 223
gn.walikaduwanorth613a,Walikaduwa North 613/A
gn.walikaduwanorth714c,Walikaduwa North 714/C
gn.walikaduwapahala,Walikaduwa Pahala
gn.walikaduwapahala161b,Walikaduwa Pahala 161/B
gn.walikaduwasouth336b,Walikaduwa South 336/B
gn.walikaduwasouth379c,Walikaduwa South 379/C
gn.walikaduwawest,Walikaduwa West
gn.walikaduwawest606b,Walikaduwa West 606/B
gn.walikaduwawest94b,Walikaduwa West 94/B
gn.walikanda22,Walikanda 22
gn.walikanda601,Walikanda 601
gn.walikanda846,Walikanda 846
gn.walikanda938c,Walikanda 938/C
gn.walikandacentral,Walikanda Central
gn.walikandacentral252b,Walikanda Central 252/B
gn.walikandaeast,Walikanda East
gn.walikandaeast35,Walikanda East 35
gn.walikandaeast487a,Walikanda East 487/A
gn.walikandaihala,Walikanda Ihala
gn.walikandaihala623,Walikanda Ihala 623
gn.walikandanorth,Walikanda North
gn.walikandanorth402a,Walikanda North 402/A
gn.walikandapahala,Walikanda Pahala
gn.walikandapahala47a,Walikanda Pahala 47/A
gn.walikandapahala962c,Walikanda Pahala 962/C
gn.walikandasouth33,Walikanda South 33
gn.walikandasouth512b,Walikanda South 512/B
gn.walikandawest560,Walikanda West 560
gn.walikumbura317c,Walikumbura 317/C
gn.walikumbura70,Walikumbura 70
gn.walikumbura914a,Walikumbura 914/A
gn.walikumburacentral662a,Walikumbura Central 662/A
gn.walikumburacentral944a,Walikumbura Central 944/A
gn.walikumburaeast,Walikumbura East
gn.walikumburaeast616,Walikumbura East 616
gn.walikumburaihala,Walikumbura Ihala
gn.walikumburaihala783c,Walikumbura Ihala 783/C
gn.walikumburanorth244b,Walikumbura North 244/B
gn.walikumburapahala691a,Walikumbura Pahala 691/A
gn.walikumburasouth394a,Walikumbura South 394/A
gn.walikumburawest,Walikumbura West
gn.walikumburawest736a,Walikumbura West 736/A
gn.walimulla,Walimulla
gn.walimulla520b,Walimulla 520/B
gn.walimullacentral,Walimulla Central
gn.walimullacentral937a,Walimulla Central 937/A
gn.walimullaeast,Walimulla East
gn.walimullaihala855b,Walimulla Ihala 855/B
gn.walimullanorth,Walimulla North
gn.walimullanorth603c,Walimulla North 603/C
gn.walimullanorth819,Walimulla North 819
gn.walimullanorth867,Walimulla North 867
gn.walimullapahala86b,Walimulla Pahala 86/B
gn.walimullasouth,Walimulla South
gn.walimullasouth103,Walimulla South 103
gn.walimullasouth834c,Walimulla South 834/C
gn.walimullawest465,Walimulla West 465
gn.walimullawest898b,Walimulla West 898/B
gn.walioya495a,Walioya 495/A
gn.walioya933b,Walioya 933/B
gn.walioyacentral147,Walioya Central 147
gn.walioyacentral649c,Walioya Central 649/C
gn.walioyacentral721a,Walioya Central 721/A
gn.walioyacentral79a,Walioya Central 79/A
gn.walioyaeast119,Walioya East 119
gn.walioyaihala504a,Walioya Ihala 504/A
gn.walioyaihala56c,Walioya Ihala 56/C
gn.walioyapahala496a,Walioya Pahala 496/A
gn.walioyasouth,Walioya South
gn.walioyasouth419,Walioya South 419
gn.walioyasouth479c,Walioya South 479/C
gn.walioyawest,Walioya West
gn.walioyawest650b,Walioya West 650/B
gn.walioyawest883c,Walioya West 883/C
gn.walipitiyacentral,Walipitiya Central
gn.walipitiyaeast,Walipitiya East
gn.walipitiyaihala,Walipitiya Ihala
gn.walipitiyaihala19a,Walipitiya Ihala 19/A
gn.walipitiyaihala340c,Walipitiya Ihala 340/C
gn.walipitiyaihala452,Walipitiya Ihala 452
gn.walipitiyaihala739a,Walipitiya Ihala 739/A
gn.walipitiyanorth,Walipitiya North
gn.walipitiyanorth171,Walipitiya North 171
gn.walipitiyanorth293c,Walipitiya North 293/C
gn.walipitiyanorth398,Walipitiya North 398
gn.walipitiyanorth853c,Walipitiya North 853/C
gn.walipitiyanorth961a,Walipitiya North 961/A
gn.walipitiyapahala,Walipitiya Pahala
gn.walipitiyawest,Walipitiya West
gn.walipitiyawest106,Walipitiya West 106
gn.walipitiyawest477a,Walipitiya West 477/A
gn.walipitiyawest85c,Walipitiya West 85/C
gn.walipura435a,Walipura 435/A
gn.walipura646,Walipura 646
gn.walipura918,Walipura 918
gn.walipuracentral,Walipura Central
gn.walipuracentral546b,Walipura Central 546/B
gn.walipuracentral701,Walipura Central 701
gn.walipuraeast974,Walipura East 974
gn.walipuraihala,Walipura Ihala
gn.walipuraihala433,Walipura Ihala 433
gn.walipuraihala60a,Walipura Ihala 60/A
gn.walipurapahala428a,Walipura Pahala 428/A
gn.walipurapahala603c,Walipura Pahala 603/C
gn.walipurapahala721,Walipura Pahala 721
gn.walipurasouth58a,Walipura South 58/A
gn.walipurawest,Walipura West
gn.walipurawest434b,Walipura West 434/B
gn.walitota146c,Walitota 146/C
gn.walitota306b,Walitota 306/B
gn.walitota319c,Walitota 319/C
gn.walitotacentral,Walitota Central
gn.walitotaeast,Walitota East
gn.walitotaeast46a,Walitota East 46/A
gn.walitotaihala359,Walitota Ihala 359
gn.walitotaihala792b,Walitota Ihala 792/B
gn.walitotanorth153a,Walitota North 153/A
gn.walitotanorth59a,Walitota North 59/A
gn.walitotapahala942a,Walitota Pahala 942/A
gn.walitotasouth248,Walitota South 248
gn.walitotawest,Walitota West
gn.waliwattacentral,Waliwatta Central
gn.waliwattacentral583,Waliwatta Central 583
gn.waliwattacentral628b,Waliwatta Central 628/B
gn.waliwattaeast,Waliwatta East
gn.waliwattaihala,Waliwatta Ihala
gn.waliwattaihala11a,Waliwatta Ihala 11/A
gn.waliwattaihala280,Waliwatta Ihala 280
gn.waliwattanorth,Waliwatta North
gn.waliwattanorth845c,Waliwatta North 845/C
gn.waliwattapahala,Waliwatta Pahala
gn.waliwattasouth782a,Waliwatta South 782/A
gn.waliwattawest267a,Waliwatta West 267/A
gn.waliwela911b,Waliwela 911/B
gn.waliwelacentral56b,Waliwela Central 56/B
gn.waliwelacentral746a,Waliwela Central 746/A
gn.waliwelaeast994b,Waliwela East 994/B
gn.waliwelaihala17b,Waliwela Ihala 17/B
gn.waliwelaihala927,Waliwela Ihala 927
gn.waliwelanorth,Waliwela North
gn.waliwelanorth617a,Waliwela North 617/A
gn.waliwelasouth,Waliwela South
gn.waliwelasouth65b,Waliwela South 65/B
gn.waliwelasouth812b,Waliwela South 812/B
gn.waliwelawest,Waliwela West
gn.waliwelawest275,Waliwela West 275
gn.warakapola,Warakapola
gn.warakapola121b,Warakapola 121/B
gn.warakapola284,Warakapola 284
gn.warakapola716a,Warakapola 716/A
gn.warakapolacentral,Warakapola Central
gn.warakapolaeast795,Warakapola East 795
gn.warakapolaihala,Warakapola Ihala
gn.warakapolaihala121a,Warakapola Ihala 121/A
gn.warakapolaihala84a,Warakapola Ihala 84/A
gn.warakapolanorth933c,Warakapola North 933/C
gn.warakapolapahala587b,Warakapola Pahala 587/B
gn.warakapolapahala750b,Warakapola Pahala 750/B
gn.warakapolapahala906,Warakapola Pahala 906
gn.warakapolasouth200,Warakapola South 200
gn.warakapolawest,Warakapola West
gn.warakapolawest833a,Warakapola West 833/A
gn.wariyapola,Wariyapola
gn.wariyapolacentral278c,Wariyapola Central 278/C
gn.wariyapolacentral593,Wariyapola Central 593
gn.wariyapolacentral863,Wariyapola Central 863
gn.wariyapolaeast116,Wariyapola East 116
gn.wariyapolaihala,Wariyapola Ihala
gn.wariyapolaihala120a,Wariyapola Ihala 120/A
gn.wariyapolaihala251,Wariyapola Ihala 251
gn.wariyapolaihala396b,Wariyapola Ihala 396/B
gn.wariyapolaihala707c,Wariyapola Ihala 707/C
gn.wariyapolaihala902b,Wariyapola Ihala 902/B
gn.wariyapolanorth,Wariyapola North
gn.wariyapolapahala360b,Wariyapola Pahala 360/B
gn.wariyapolapahala979b,Wariyapola Pahala 979/B
gn.wariyapolasouth,Wariyapola South
gn.wariyapolasouth34,Wariyapola South 34
gn.wariyapolasouth365c,Wariyapola South 365/C
gn.wariyapolasouth74c,Wariyapola South 74/C
gn.wariyapolasouth8a,Wariyapola South 8/A
gn.wariyapolasouth905a,Wariyapola South 905/A
gn.wariyapolawest,Wariyapola West
gn.wariyapolawest711a,Wariyapola West 711/A
gn.wattala,Wattala
gn.wattala262c,Wattala 262/C
gn.wattalacentral,Wattala Central
gn.wattalaeast,Wattala East
gn.wattalaeast531a,Wattala East 531/A
gn.wattalaeast623,Wattala East 623
gn.wattalaeast959c,Wattala East 959/C
gn.wattalanorth,Wattala North
gn.wattalapahala,Wattala Pahala
gn.wattalapahala120b,Wattala Pahala 120/B
gn.wattalapahala251b,Wattala Pahala 251/B
gn.wattalapahala687,Wattala Pahala 687
gn.wattalapahala761c,Wattala Pahala 761/C
gn.wattalawest705a,Wattala West 705/A
gn.weeraketiya262c,Weeraketiya 262/C
gn.weeraketiya907c,Weeraketiya 907/C
gn.weeraketiyacentral,Weeraketiya Central
gn.weeraketiyacentral195a,Weeraketiya Central 195/A
gn.weeraketiyacentral379b,Weeraketiya Central 379/B
gn.weeraketiyacentral477c,Weeraketiya Central 477/C
gn.weeraketiyaeast,Weeraketiya East
gn.weeraketiyaeast501c,Weeraketiya East 501/C
gn.weeraketiyaihala,Weeraketiya Ihala
gn.weeraketiyaihala746b,Weeraketiya Ihala 746/B
gn.weeraketiyaihala913b,Weeraketiya Ihala 913/B
gn.weeraketiyanorth184a,Weeraketiya North 184/A
gn.weeraketiyanorth336a,Weeraketiya North 336/A
gn.weeraketiyanorth544c,Weeraketiya North 544/C
gn.weeraketiyapahala,Weeraketiya Pahala
gn.weeraketiyapahala752,Weeraketiya Pahala 752
gn.weeraketiyapahala979,Weeraketiya Pahala 979
gn.weeraketiyasouth23c,Weeraketiya South 23/C
gn.weeraketiyawest583c,Weeraketiya West 583/C
gn.weeraketiyawest629,Weeraketiya West 629
gn.weeraketiyawest836c,Weeraketiya West 836/C
gn.weeraketiyawest927b,Weeraketiya West 927/B
gn.welioya,Weli Oya
gn.welioya100,Weli Oya 100
gn.welioya354b,Weli Oya 354/B
gn.welioyacentral,Weli Oya Central
gn.welioyacentral149,Weli Oya Central 149
gn.welioyacentral264,Weli Oya Central 264
gn.welioyacentral818c,Weli Oya Central 818/C
gn.welioyaeast,Weli Oya East
gn.welioyaihala,Weli Oya Ihala
gn.welioyaihala271c,Weli Oya Ihala 271/C
gn.welioyanorth690c,Weli Oya North 690/C
gn.welioyapahala,Weli Oya Pahala
gn.welioyapahala180,Weli Oya Pahala 180
gn.welioyasouth,Weli Oya South
gn.welioyasouth333a,Weli Oya South 333/A
gn.welioyasouth354a,Weli Oya South 354/A
gn.welioyawest,Weli Oya West
gn.welioyawest765,Weli Oya West 765
gn.welioyawest777c,Weli Oya West 777/C
gn.welioyawest783a,Weli Oya West 783/A
gn.weligama,Weligama
gn.weligama455,Weligama 455
gn.weligama678c,Weligama 678/C
gn.weligamacentral,Weligama Central
gn.weligamacentral183b,Weligama Central 183/B
gn.weligamacentral400a,Weligama Central 400/A
gn.weligamaeast,Weligama East
gn.weligamaeast388b,Weligama East 388/B
gn.weligamaeast547,Weligama East 547
gn.weligamaihala,Weligama Ihala
gn.weligamaihala596b,Weligama Ihala 596/B
gn.weligamanorth344c,Weligama North 344/C
gn.weligamanorth956b,Weligama North 956/B
gn.weligamapahala,Weligama Pahala
gn.weligamapahala249a,Weligama Pahala 249/A
gn.weligamapahala477b,Weligama Pahala 477/B
gn.weligamasouth,Weligama South
gn.weligamasouth429b,Weligama South 429/B
gn.weligamasouth519c,Weligama South 519/C
gn.weligamasouth614a,Weligama South 614/A
gn.weligamasouth692a,Weligama South 692/A
gn.weligamasouth696a,Weligama South 696/A
gn.weligamasouth992,Weligama South 992
gn.weligamawest291c,Weligama West 291/C
gn.welikanda322b,Welikanda 322/B
gn.welikandacentral,Welikanda Central
gn.welikandacentral839,Welikanda Central 839
gn.welikandaeast218,Welikanda East 218
gn.welikandaeast776a,Welikanda East 776/A
gn.welikandaeast957a,Welikanda East 957/A
gn.welikandaihala,Welikanda Ihala
gn.welikandaihala411b,Welikanda Ihala 411/B
gn.welikandaihala451c,Welikanda Ihala 451/C
gn.welikandaihala470b,Welikanda Ihala 470/B
gn.welikandaihala763b,Welikanda Ihala 763/B
gn.welikandanorth,Welikanda North
gn.welikandanorth227b,Welikanda North 227/B
gn.welikandanorth322b,Welikanda North 322/B
gn.welikandanorth859b,Welikanda North 859/B
gn.welikandapahala373b,Welikanda Pahala 373/B
gn.welikandapahala393a,Welikanda Pahala 393/A
gn.welikandasouth,Welikanda South
gn.welikandasouth670c,Welikanda South 670/C
gn.welikandawest320c,Welikanda West 320/C
gn.welikandawest326b,Welikanda West 326/B
gn.welikandawest610c,Welikanda West 610/C
gn.welimadacentral,Welimada Central
gn.welimadacentral619c,Welimada Central 619/C
gn.welimadaeast528c,Welimada East 528/C
gn.welimadaeast821b,Welimada East 821/B
gn.welimadaihala41c,Welimada Ihala 41/C
gn.welimadaihala517b,Welimada Ihala 517/B
gn.welimadaihala834b,Welimada Ihala 834/B
gn.welimadanorth20a,Welimada North 20/A
gn.welimadanorth335,Welimada North 335
gn.welimadanorth502a,Welimada North 502/A
gn.welimadapahala,Welimada Pahala
gn.welimadapahala395a,Welimada Pahala 395/A
gn.welimadawest,Welimada West
gn.welimadawest375b,Welimada West 375/B
gn.welimadawest825,Welimada West 825
gn.welimadawest912c,Welimada West 912/C
gn.welimadawest950a,Welimada West 950/A
gn.wellawaya129a,Wellawaya 129/A
gn.wellawaya787,Wellawaya 787
gn.wellawayacentral,Wellawaya Central
gn.wellawayacentral34b,Wellawaya Central 34/B
gn.wellawayaeast,Wellawaya East
gn.wellawayaeast17a,Wellawaya East 17/A
gn.wellawayaeast179c,Wellawaya East 179/C
gn.wellawayaeast283c,Wellawaya East 283/C
gn.wellawayaeast804a,Wellawaya East 804/A
gn.wellawayaihala474b,Wellawaya Ihala 474/B
gn.wellawayanorth473a,Wellawaya North 473/A
gn.wellawayapahala912c,Wellawaya Pahala 912/C
gn.wellawayasouth,Wellawaya South
gn.wellawayasouth116a,Wellawaya South 116/A
gn.wellawayasouth164b,Wellawaya South 164/B
gn.wellawayasouth54b,Wellawaya South 54/B
gn.wellawayasouth81,Wellawaya South 81
gn.wellawayasouth855,Wellawaya South 855
gn.wellawayasouth888a,Wellawaya South 888/A
gn.wellawayawest317,Wellawaya West 317
gn.wellawayawest501a,Wellawaya West 501/A
gn.wellawayawest916b,Wellawaya West 916/B
gn.wennappuwa,Wennappuwa
gn.wennappuwa645,Wennappuwa 645
gn.wennappuwa794a,Wennappuwa 794/A
gn.wennappuwa810b,Wennappuwa 810/B
gn.wennappuwacentral129,Wennappuwa Central 129
gn.wennappuwacentral424b,Wennappuwa Central 424/B
gn.wennappuwacentral555,Wennappuwa Central 555
gn.wennappuwacentral992,Wennappuwa Central 992
gn.wennappuwaeast,Wennappuwa East
gn.wennappuwaeast606b,Wennappuwa East 606/B
gn.wennappuwaeast696,Wennappuwa East 696
gn.wennappuwaihala,Wennappuwa Ihala
gn.wennappuwaihala590b,Wennappuwa Ihala 590/B
gn.wennappuwaihala886b,Wennappuwa Ihala 886/B
gn.wennappuwaihala892b,Wennappuwa Ihala 892/B
gn.wennappuwanorth166b,Wennappuwa North 166/B
gn.wennappuwanorth250a,Wennappuwa North 250/A
gn.wennappuwanorth297,Wennappuwa North 297
gn.wennappuwanorth76c,Wennappuwa North 76/C
gn.wennappuwapahala24a,Wennappuwa Pahala 24/A
gn.wennappuwawest393a,Wennappuwa West 393/A
gn.wennappuwawest512a,Wennappuwa West 512/A
gn.wilgamuwa,Wilgamuwa
gn.wilgamuwa139b,Wilgamuwa 139/B
gn.wilgamuwacentral300b,Wilgamuwa Central 300/B
gn.wilgamuwacentral498,Wilgamuwa Central 498
gn.wilgamuwacentral902,Wilgamuwa Central 902
gn.wilgamuwacentral940,Wilgamuwa Central 940
gn.wilgamuwacentral962c,Wilgamuwa Central 962/C
gn.wilgamuwaeast44a,Wilgamuwa East 44/A
gn.wilgamuwaeast726a,Wilgamuwa East 726/A
gn.wilgamuwaihala257b,Wilgamuwa Ihala 257/B
gn.wilgamuwaihala476c,Wilgamuwa Ihala 476/C
gn.wilgamuwaihala583a,Wilgamuwa Ihala 583/A
gn.wilgamuwaihala627a,Wilgamuwa Ihala 627/A
gn.wilgamuwaihala75a,Wilgamuwa Ihala 75/A
gn.wilgamuwanorth,Wilgamuwa North
gn.wilgamuwanorth213a,Wilgamuwa North 213/A
gn.wilgamuwapahala559b,Wilgamuwa Pahala 559/B
gn.wilgamuwapahala675,Wilgamuwa Pahala 675
gn.wilgamuwapahala892a,Wilgamuwa Pahala 892/A
gn.wilgamuwasouth,Wilgamuwa South
gn.wilgamuwasouth197,Wilgamuwa South 197
gn.wilgamuwasouth690a,Wilgamuwa South 690/A
gn.wilgamuwasouth951c,Wilgamuwa South 951/C
gn.wilgamuwawest19b,Wilgamuwa West 19/B
gn.wilgamuwawest318a,Wilgamuwa West 318/A
gn.wilgamuwawest71a,Wilgamuwa West 71/A
gn.yakkalamulla,Yakkalamulla
gn.yakkalamulla362b,Yakkalamulla 362/B
gn.yakkalamulla387,Yakkalamulla 387
gn.yakkalamulla584b,Yakkalamulla 584/B
gn.yakkalamullacentral,Yakkalamulla Central
gn.yakkalamullacentral122a,Yakkalamulla Central 122/A
gn.yakkalamullacentral346c,Yakkalamulla Central 346/C
gn.yakkalamullacentral61b,Yakkalamulla Central 61/B
gn.yakkalamullaeast432c,Yakkalamulla East 432/C
gn.yakkalamullaihala371,Yakkalamulla Ihala 371
gn.yakkalamullaihala429b,Yakkalamulla Ihala 429/B
gn.yakkalamullaihala62,Yakkalamulla Ihala 62
gn.yakkalamullaihala870a,Yakkalamulla Ihala 870/A
gn.yakkalamullanorth140c,Yakkalamulla North 140/C
gn.yakkalamullapahala,Yakkalamulla Pahala
gn.yakkalamullapahala247,Yakkalamulla Pahala 247
gn.yakkalamullapahala318c,Yakkalamulla Pahala 318/C
gn.yakkalamullapahala407a,Yakkalamulla Pahala 407/A
gn.yakkalamullapahala62c,Yakkalamulla Pahala 62/C
gn.yakkalamullasouth,Yakkalamulla South
gn.yakkalamullasouth659b,Yakkalamulla South 659/B
gn.yakkalamullawest834a,Yakkalamulla West 834/A
gn.yatawatta,Yatawatta
gn.yatawatta433,Yatawatta 433
gn.yatawatta863b,Yatawatta 863/B
gn.yatawattacentral171c,Yatawatta Central 171/C
gn.yatawattacentral737a,Yatawatta Central 737/A
gn.yatawattaeast,Yatawatta East
gn.yatawattaeast547c,Yatawatta East 547/C
gn.yatawattaeast816a,Yatawatta East 816/A
gn.yatawattaihala135b,Yatawatta Ihala 135/B
gn.yatawattaihala467,Yatawatta Ihala 467
gn.yatawattanorth,Yatawatta North
gn.yatawattanorth311c,Yatawatta North 311/C
gn.yatawattanorth443c,Yatawatta North 443/C
gn.yatawattapahala317c,Yatawatta Pahala 317/C
gn.yatawattasouth,Yatawatta South
gn.yatawattasouth12a,Yatawatta South 12/A
gn.yatawattasouth289,Yatawatta South 289
gn.yatawattasouth821a,Yatawatta South 821/A
gn.yatawattasouth874c,Yatawatta South 874/C
gn.yatawattawest,Yatawatta West
gn.yatinuwara726b,Yatinuwara 726/B
gn.yatinuwara744a,Yatinuwara 744/A
gn.yatinuwara881b,Yatinuwara 881/B
gn.yatinuwara954b,Yatinuwara 954/B
gn.yatinuwaracentral212c,Yatinuwara Central 212/C
gn.yatinuwaracentral912a,Yatinuwara Central 912/A
gn.yatinuwaraeast521b,Yatinuwara East 521/B
gn.yatinuwaraeast921,Yatinuwara East 921
gn.yatinuwaraeast984b,Yatinuwara East 984/B
gn.yatinuwaraihala,Yatinuwara Ihala
gn.yatinuwaraihala469b,Yatinuwara Ihala 469/B
gn.yatinuwaraihala69b,Yatinuwara Ihala 69/B
gn.yatinuwaraihala730a,Yatinuwara Ihala 730/A
gn.yatinuwarapahala960,Yatinuwara Pahala 960
gn.yatinuwarasouth,Yatinuwara South
gn.yatinuwarasouth108,Yatinuwara South 108
gn.yatinuwarasouth563a,Yatinuwara South 563/A
gn.yatinuwarasouth616b,Yatinuwara South 616/B
gn.yatinuwarawest,Yatinuwara West
gn.yatinuwarawest434,Yatinuwara West 434
gn.yatinuwarawest504c,Yatinuwara West 504/C
gn.yatinuwarawest656b,Yatinuwara West 656/B
gn.yatiyanthota,Yatiyanthota
gn.yatiyanthota391a,Yatiyanthota 391/A
gn.yatiyanthota939a,Yatiyanthota 939/A
gn.yatiyanthotaeast200c,Yatiyanthota East 200/C
gn.yatiyanthotaihala165a,Yatiyanthota Ihala 165/A
gn.yatiyanthotaihala925b,Yatiyanthota Ihala 925/B
gn.yatiyanthotaihala983c,Yatiyanthota Ihala 983/C
gn.yatiyanthotanorth158c,Yatiyanthota North 158/C
gn.yatiyanthotanorth29c,Yatiyanthota North 29/C
gn.yatiyanthotapahala510a,Yatiyanthota Pahala 510/A
gn.yatiyanthotasouth242b,Yatiyanthota South 242/B
gn.yatiyanthotasouth347a,Yatiyanthota South 347/A
gn.yatiyanthotawest818,Yatiyanthota West 818
